company_id,group_id,relationship_type,weight,direction,source_file
COMP_0001,GROUP_0147,member_of_group,1,company_to_group,companies.csv;groups.csv
COMP_0002,GROUP_0125,member_of_group,1,company_to_group,companies.csv;groups.csv
COMP_0003,GROUP_0044,member_of_group,1,company_to_group,companies.csv;groups.csv
COMP_0004,GROUP_0058,member_of_group,1,company_to_group,companies.csv;groups.csv
COMP_0005,GROUP_0092,member_of_group,1,company_to_group,companies.csv;groups.csv
COMP_0006,GROUP_0195,member_of_group,1,company_to_group,companies.csv;groups.csv
COMP_0007,GROUP_0064,member_of_group,1,company_to_group,companies.csv;groups.csv
COMP_0008,GROUP_0195,member_of_group,1,company_to_group,companies.csv;groups.csv
COMP_0009,GROUP_0225,member_of_group,1,company_to_group,companies.csv;groups.csv
COMP_0010,GROUP_0013,member_of_group,1,company_to_group,companies.csv;groups.csv
COMP_0011,GROUP_0234,member_of_group,1,company_to_group,companies.csv;groups.csv
COMP_0012,GROUP_0087,member_of_group,1,company_to_group,companies.csv;groups.csv
COMP_0013,GROUP_0203,member_of_group,1,company_to_group,companies.csv;groups.csv
COMP_0014,GROUP_0173,member_of_group,1,company_to_group,companies.csv;groups.csv
COMP_0015,GROUP_0068,member_of_group,1,company_to_group,companies.csv;groups.csv
COMP_0016,GROUP_0070,member_of_group,1,company_to_group,companies.csv;groups.csv
COMP_0017,GROUP_0073,member_of_group,1,company_to_group,companies.csv;groups.csv
COMP_0018,GROUP_0250,member_of_group,1,company_to_group,companies.csv;groups.csv
COMP_0019,GROUP_0212,member_of_group,1,company_to_group,companies.csv;groups.csv
COMP_0020,GROUP_0007,member_of_group,1,company_to_group,companies.csv;groups.csv
COMP_0021,GROUP_0023,member_of_group,1,company_to_group,companies.csv;groups.csv
COMP_0022,GROUP_0065,member_of_group,1,company_to_group,companies.csv;groups.csv
COMP_0023,GROUP_0237,member_of_group,1,company_to_group,companies.csv;groups.csv
COMP_0024,GROUP_0222,member_of_group,1,company_to_group,companies.csv;groups.csv
COMP_0025,GROUP_0211,member_of_group,1,company_to_group,companies.csv;groups.csv
COMP_0026,GROUP_0236,member_of_group,1,company_to_group,companies.csv;groups.csv
COMP_0027,GROUP_0241,member_of_group,1,company_to_group,companies.csv;groups.csv
COMP_0028,GROUP_0218,member_of_group,1,company_to_group,companies.csv;groups.csv
COMP_0029,GROUP_0013,member_of_group,1,company_to_group,companies.csv;groups.csv
COMP_0030,GROUP_0126,member_of_group,1,company_to_group,companies.csv;groups.csv
COMP_0031,GROUP_0035,member_of_group,1,company_to_group,companies.csv;groups.csv
COMP_0032,GROUP_0094,member_of_group,1,company_to_group,companies.csv;groups.csv
COMP_0033,GROUP_0130,member_of_group,1,company_to_group,companies.csv;groups.csv
COMP_0034,GROUP_0172,member_of_group,1,company_to_group,companies.csv;groups.csv
COMP_0035,GROUP_0115,member_of_group,1,company_to_group,companies.csv;groups.csv
COMP_0036,GROUP_0103,member_of_group,1,company_to_group,companies.csv;groups.csv
COMP_0037,GROUP_0222,member_of_group,1,company_to_group,companies.csv;groups.csv
COMP_0038,GROUP_0104,member_of_group,1,company_to_group,companies.csv;groups.csv
COMP_0039,GROUP_0225,member_of_group,1,company_to_group,companies.csv;groups.csv
COMP_0040,GROUP_0178,member_of_group,1,company_to_group,companies.csv;groups.csv
COMP_0041,GROUP_0149,member_of_group,1,company_to_group,companies.csv;groups.csv
COMP_0042,GROUP_0162,member_of_group,1,company_to_group,companies.csv;groups.csv
COMP_0043,GROUP_0185,member_of_group,1,company_to_group,companies.csv;groups.csv
COMP_0044,GROUP_0241,member_of_group,1,company_to_group,companies.csv;groups.csv
COMP_0045,GROUP_0242,member_of_group,1,company_to_group,companies.csv;groups.csv
COMP_0046,GROUP_0062,member_of_group,1,company_to_group,companies.csv;groups.csv
COMP_0047,GROUP_0018,member_of_group,1,company_to_group,companies.csv;groups.csv
COMP_0048,GROUP_0241,member_of_group,1,company_to_group,companies.csv;groups.csv
COMP_0049,GROUP_0180,member_of_group,1,company_to_group,companies.csv;groups.csv
COMP_0050,GROUP_0230,member_of_group,1,company_to_group,companies.csv;groups.csv
COMP_0051,GROUP_0163,member_of_group,1,company_to_group,companies.csv;groups.csv
COMP_0052,GROUP_0142,member_of_group,1,company_to_group,companies.csv;groups.csv
COMP_0053,GROUP_0174,member_of_group,1,company_to_group,companies.csv;groups.csv
COMP_0054,GROUP_0217,member_of_group,1,company_to_group,companies.csv;groups.csv
COMP_0055,GROUP_0131,member_of_group,1,company_to_group,companies.csv;groups.csv
COMP_0056,GROUP_0234,member_of_group,1,company_to_group,companies.csv;groups.csv
COMP_0057,GROUP_0122,member_of_group,1,company_to_group,companies.csv;groups.csv
COMP_0058,GROUP_0104,member_of_group,1,company_to_group,companies.csv;groups.csv
COMP_0059,GROUP_0101,member_of_group,1,company_to_group,companies.csv;groups.csv
COMP_0060,GROUP_0112,member_of_group,1,company_to_group,companies.csv;groups.csv
COMP_0061,GROUP_0022,member_of_group,1,company_to_group,companies.csv;groups.csv
COMP_0062,GROUP_0165,member_of_group,1,company_to_group,companies.csv;groups.csv
COMP_0063,GROUP_0011,member_of_group,1,company_to_group,companies.csv;groups.csv
COMP_0064,GROUP_0174,member_of_group,1,company_to_group,companies.csv;groups.csv
COMP_0065,GROUP_0139,member_of_group,1,company_to_group,companies.csv;groups.csv
COMP_0066,GROUP_0115,member_of_group,1,company_to_group,companies.csv;groups.csv
COMP_0067,GROUP_0064,member_of_group,1,company_to_group,companies.csv;groups.csv
COMP_0068,GROUP_0142,member_of_group,1,company_to_group,companies.csv;groups.csv
COMP_0069,GROUP_0175,member_of_group,1,company_to_group,companies.csv;groups.csv
COMP_0070,GROUP_0230,member_of_group,1,company_to_group,companies.csv;groups.csv
COMP_0071,GROUP_0102,member_of_group,1,company_to_group,companies.csv;groups.csv
COMP_0072,GROUP_0003,member_of_group,1,company_to_group,companies.csv;groups.csv
COMP_0073,GROUP_0101,member_of_group,1,company_to_group,companies.csv;groups.csv
COMP_0074,GROUP_0088,member_of_group,1,company_to_group,companies.csv;groups.csv
COMP_0075,GROUP_0115,member_of_group,1,company_to_group,companies.csv;groups.csv
COMP_0076,GROUP_0146,member_of_group,1,company_to_group,companies.csv;groups.csv
COMP_0077,GROUP_0213,member_of_group,1,company_to_group,companies.csv;groups.csv
COMP_0078,GROUP_0246,member_of_group,1,company_to_group,companies.csv;groups.csv
COMP_0079,GROUP_0203,member_of_group,1,company_to_group,companies.csv;groups.csv
COMP_0080,GROUP_0112,member_of_group,1,company_to_group,companies.csv;groups.csv
COMP_0081,GROUP_0217,member_of_group,1,company_to_group,companies.csv;groups.csv
COMP_0082,GROUP_0172,member_of_group,1,company_to_group,companies.csv;groups.csv
COMP_0083,GROUP_0133,member_of_group,1,company_to_group,companies.csv;groups.csv
COMP_0084,GROUP_0138,member_of_group,1,company_to_group,companies.csv;groups.csv
COMP_0085,GROUP_0155,member_of_group,1,company_to_group,companies.csv;groups.csv
COMP_0086,GROUP_0168,member_of_group,1,company_to_group,companies.csv;groups.csv
COMP_0087,GROUP_0065,member_of_group,1,company_to_group,companies.csv;groups.csv
COMP_0088,GROUP_0172,member_of_group,1,company_to_group,companies.csv;groups.csv
COMP_0089,GROUP_0153,member_of_group,1,company_to_group,companies.csv;groups.csv
COMP_0090,GROUP_0116,member_of_group,1,company_to_group,companies.csv;groups.csv
COMP_0091,GROUP_0237,member_of_group,1,company_to_group,companies.csv;groups.csv
COMP_0092,GROUP_0159,member_of_group,1,company_to_group,companies.csv;groups.csv
COMP_0093,GROUP_0149,member_of_group,1,company_to_group,companies.csv;groups.csv
COMP_0094,GROUP_0021,member_of_group,1,company_to_group,companies.csv;groups.csv
COMP_0095,GROUP_0240,member_of_group,1,company_to_group,companies.csv;groups.csv
COMP_0096,GROUP_0217,member_of_group,1,company_to_group,companies.csv;groups.csv
COMP_0097,GROUP_0170,member_of_group,1,company_to_group,companies.csv;groups.csv
COMP_0098,GROUP_0132,member_of_group,1,company_to_group,companies.csv;groups.csv
COMP_0099,GROUP_0238,member_of_group,1,company_to_group,companies.csv;groups.csv
COMP_0100,GROUP_0129,member_of_group,1,company_to_group,companies.csv;groups.csv
COMP_0101,GROUP_0108,member_of_group,1,company_to_group,companies.csv;groups.csv
COMP_0102,GROUP_0158,member_of_group,1,company_to_group,companies.csv;groups.csv
COMP_0103,GROUP_0170,member_of_group,1,company_to_group,companies.csv;groups.csv
COMP_0104,GROUP_0173,member_of_group,1,company_to_group,companies.csv;groups.csv
COMP_0105,GROUP_0079,member_of_group,1,company_to_group,companies.csv;groups.csv
COMP_0106,GROUP_0022,member_of_group,1,company_to_group,companies.csv;groups.csv
COMP_0107,GROUP_0094,member_of_group,1,company_to_group,companies.csv;groups.csv
COMP_0108,GROUP_0179,member_of_group,1,company_to_group,companies.csv;groups.csv
COMP_0109,GROUP_0170,member_of_group,1,company_to_group,companies.csv;groups.csv
COMP_0110,GROUP_0008,member_of_group,1,company_to_group,companies.csv;groups.csv
COMP_0111,GROUP_0243,member_of_group,1,company_to_group,companies.csv;groups.csv
COMP_0112,GROUP_0222,member_of_group,1,company_to_group,companies.csv;groups.csv
COMP_0113,GROUP_0070,member_of_group,1,company_to_group,companies.csv;groups.csv
COMP_0114,GROUP_0044,member_of_group,1,company_to_group,companies.csv;groups.csv
COMP_0115,GROUP_0095,member_of_group,1,company_to_group,companies.csv;groups.csv
COMP_0116,GROUP_0195,member_of_group,1,company_to_group,companies.csv;groups.csv
COMP_0117,GROUP_0101,member_of_group,1,company_to_group,companies.csv;groups.csv
COMP_0118,GROUP_0138,member_of_group,1,company_to_group,companies.csv;groups.csv
COMP_0119,GROUP_0048,member_of_group,1,company_to_group,companies.csv;groups.csv
COMP_0120,GROUP_0210,member_of_group,1,company_to_group,companies.csv;groups.csv
COMP_0121,GROUP_0158,member_of_group,1,company_to_group,companies.csv;groups.csv
COMP_0122,GROUP_0086,member_of_group,1,company_to_group,companies.csv;groups.csv
COMP_0123,GROUP_0153,member_of_group,1,company_to_group,companies.csv;groups.csv
COMP_0124,GROUP_0136,member_of_group,1,company_to_group,companies.csv;groups.csv
COMP_0125,GROUP_0250,member_of_group,1,company_to_group,companies.csv;groups.csv
COMP_0126,GROUP_0220,member_of_group,1,company_to_group,companies.csv;groups.csv
COMP_0127,GROUP_0064,member_of_group,1,company_to_group,companies.csv;groups.csv
COMP_0128,GROUP_0103,member_of_group,1,company_to_group,companies.csv;groups.csv
COMP_0129,GROUP_0185,member_of_group,1,company_to_group,companies.csv;groups.csv
COMP_0130,GROUP_0079,member_of_group,1,company_to_group,companies.csv;groups.csv
COMP_0131,GROUP_0070,member_of_group,1,company_to_group,companies.csv;groups.csv
COMP_0132,GROUP_0104,member_of_group,1,company_to_group,companies.csv;groups.csv
COMP_0133,GROUP_0103,member_of_group,1,company_to_group,companies.csv;groups.csv
COMP_0134,GROUP_0169,member_of_group,1,company_to_group,companies.csv;groups.csv
COMP_0135,GROUP_0050,member_of_group,1,company_to_group,companies.csv;groups.csv
COMP_0136,GROUP_0142,member_of_group,1,company_to_group,companies.csv;groups.csv
COMP_0137,GROUP_0217,member_of_group,1,company_to_group,companies.csv;groups.csv
COMP_0138,GROUP_0035,member_of_group,1,company_to_group,companies.csv;groups.csv
COMP_0139,GROUP_0217,member_of_group,1,company_to_group,companies.csv;groups.csv
COMP_0140,GROUP_0072,member_of_group,1,company_to_group,companies.csv;groups.csv
COMP_0141,GROUP_0220,member_of_group,1,company_to_group,companies.csv;groups.csv
COMP_0142,GROUP_0217,member_of_group,1,company_to_group,companies.csv;groups.csv
COMP_0143,GROUP_0146,member_of_group,1,company_to_group,companies.csv;groups.csv
COMP_0144,GROUP_0236,member_of_group,1,company_to_group,companies.csv;groups.csv
COMP_0145,GROUP_0007,member_of_group,1,company_to_group,companies.csv;groups.csv
COMP_0146,GROUP_0020,member_of_group,1,company_to_group,companies.csv;groups.csv
COMP_0147,GROUP_0227,member_of_group,1,company_to_group,companies.csv;groups.csv
COMP_0148,GROUP_0016,member_of_group,1,company_to_group,companies.csv;groups.csv
COMP_0149,GROUP_0132,member_of_group,1,company_to_group,companies.csv;groups.csv
COMP_0150,GROUP_0081,member_of_group,1,company_to_group,companies.csv;groups.csv
COMP_0151,GROUP_0101,member_of_group,1,company_to_group,companies.csv;groups.csv
COMP_0152,GROUP_0037,member_of_group,1,company_to_group,companies.csv;groups.csv
COMP_0153,GROUP_0115,member_of_group,1,company_to_group,companies.csv;groups.csv
COMP_0154,GROUP_0003,member_of_group,1,company_to_group,companies.csv;groups.csv
COMP_0155,GROUP_0143,member_of_group,1,company_to_group,companies.csv;groups.csv
COMP_0156,GROUP_0187,member_of_group,1,company_to_group,companies.csv;groups.csv
COMP_0157,GROUP_0146,member_of_group,1,company_to_group,companies.csv;groups.csv
COMP_0158,GROUP_0001,member_of_group,1,company_to_group,companies.csv;groups.csv
COMP_0159,GROUP_0102,member_of_group,1,company_to_group,companies.csv;groups.csv
COMP_0160,GROUP_0106,member_of_group,1,company_to_group,companies.csv;groups.csv
COMP_0161,GROUP_0079,member_of_group,1,company_to_group,companies.csv;groups.csv
COMP_0162,GROUP_0095,member_of_group,1,company_to_group,companies.csv;groups.csv
COMP_0163,GROUP_0094,member_of_group,1,company_to_group,companies.csv;groups.csv
COMP_0164,GROUP_0154,member_of_group,1,company_to_group,companies.csv;groups.csv
COMP_0165,GROUP_0035,member_of_group,1,company_to_group,companies.csv;groups.csv
COMP_0166,GROUP_0149,member_of_group,1,company_to_group,companies.csv;groups.csv
COMP_0167,GROUP_0218,member_of_group,1,company_to_group,companies.csv;groups.csv
COMP_0168,GROUP_0061,member_of_group,1,company_to_group,companies.csv;groups.csv
COMP_0169,GROUP_0090,member_of_group,1,company_to_group,companies.csv;groups.csv
COMP_0170,GROUP_0128,member_of_group,1,company_to_group,companies.csv;groups.csv
COMP_0171,GROUP_0048,member_of_group,1,company_to_group,companies.csv;groups.csv
COMP_0172,GROUP_0212,member_of_group,1,company_to_group,companies.csv;groups.csv
COMP_0173,GROUP_0019,member_of_group,1,company_to_group,companies.csv;groups.csv
COMP_0174,GROUP_0017,member_of_group,1,company_to_group,companies.csv;groups.csv
COMP_0175,GROUP_0143,member_of_group,1,company_to_group,companies.csv;groups.csv
COMP_0176,GROUP_0225,member_of_group,1,company_to_group,companies.csv;groups.csv
COMP_0177,GROUP_0185,member_of_group,1,company_to_group,companies.csv;groups.csv
COMP_0178,GROUP_0220,member_of_group,1,company_to_group,companies.csv;groups.csv
COMP_0179,GROUP_0017,member_of_group,1,company_to_group,companies.csv;groups.csv
COMP_0180,GROUP_0055,member_of_group,1,company_to_group,companies.csv;groups.csv
COMP_0181,GROUP_0045,member_of_group,1,company_to_group,companies.csv;groups.csv
COMP_0182,GROUP_0179,member_of_group,1,company_to_group,companies.csv;groups.csv
COMP_0183,GROUP_0232,member_of_group,1,company_to_group,companies.csv;groups.csv
COMP_0184,GROUP_0044,member_of_group,1,company_to_group,companies.csv;groups.csv
COMP_0185,GROUP_0044,member_of_group,1,company_to_group,companies.csv;groups.csv
COMP_0186,GROUP_0142,member_of_group,1,company_to_group,companies.csv;groups.csv
COMP_0187,GROUP_0044,member_of_group,1,company_to_group,companies.csv;groups.csv
COMP_0188,GROUP_0158,member_of_group,1,company_to_group,companies.csv;groups.csv
COMP_0189,GROUP_0211,member_of_group,1,company_to_group,companies.csv;groups.csv
COMP_0190,GROUP_0182,member_of_group,1,company_to_group,companies.csv;groups.csv
COMP_0191,GROUP_0132,member_of_group,1,company_to_group,companies.csv;groups.csv
COMP_0192,GROUP_0048,member_of_group,1,company_to_group,companies.csv;groups.csv
COMP_0193,GROUP_0224,member_of_group,1,company_to_group,companies.csv;groups.csv
COMP_0194,GROUP_0035,member_of_group,1,company_to_group,companies.csv;groups.csv
COMP_0195,GROUP_0065,member_of_group,1,company_to_group,companies.csv;groups.csv
COMP_0196,GROUP_0199,member_of_group,1,company_to_group,companies.csv;groups.csv
COMP_0197,GROUP_0035,member_of_group,1,company_to_group,companies.csv;groups.csv
COMP_0198,GROUP_0037,member_of_group,1,company_to_group,companies.csv;groups.csv
COMP_0199,GROUP_0179,member_of_group,1,company_to_group,companies.csv;groups.csv
COMP_0200,GROUP_0224,member_of_group,1,company_to_group,companies.csv;groups.csv
COMP_0201,GROUP_0101,member_of_group,1,company_to_group,companies.csv;groups.csv
COMP_0202,GROUP_0194,member_of_group,1,company_to_group,companies.csv;groups.csv
COMP_0203,GROUP_0016,member_of_group,1,company_to_group,companies.csv;groups.csv
COMP_0204,GROUP_0052,member_of_group,1,company_to_group,companies.csv;groups.csv
COMP_0205,GROUP_0175,member_of_group,1,company_to_group,companies.csv;groups.csv
COMP_0206,GROUP_0239,member_of_group,1,company_to_group,companies.csv;groups.csv
COMP_0207,GROUP_0153,member_of_group,1,company_to_group,companies.csv;groups.csv
COMP_0208,GROUP_0003,member_of_group,1,company_to_group,companies.csv;groups.csv
COMP_0209,GROUP_0221,member_of_group,1,company_to_group,companies.csv;groups.csv
COMP_0210,GROUP_0117,member_of_group,1,company_to_group,companies.csv;groups.csv
COMP_0211,GROUP_0243,member_of_group,1,company_to_group,companies.csv;groups.csv
COMP_0212,GROUP_0199,member_of_group,1,company_to_group,companies.csv;groups.csv
COMP_0213,GROUP_0170,member_of_group,1,company_to_group,companies.csv;groups.csv
COMP_0214,GROUP_0112,member_of_group,1,company_to_group,companies.csv;groups.csv
COMP_0215,GROUP_0070,member_of_group,1,company_to_group,companies.csv;groups.csv
COMP_0216,GROUP_0067,member_of_group,1,company_to_group,companies.csv;groups.csv
COMP_0217,GROUP_0087,member_of_group,1,company_to_group,companies.csv;groups.csv
COMP_0218,GROUP_0113,member_of_group,1,company_to_group,companies.csv;groups.csv
COMP_0219,GROUP_0132,member_of_group,1,company_to_group,companies.csv;groups.csv
COMP_0220,GROUP_0124,member_of_group,1,company_to_group,companies.csv;groups.csv
COMP_0221,GROUP_0138,member_of_group,1,company_to_group,companies.csv;groups.csv
COMP_0222,GROUP_0064,member_of_group,1,company_to_group,companies.csv;groups.csv
COMP_0223,GROUP_0078,member_of_group,1,company_to_group,companies.csv;groups.csv
COMP_0224,GROUP_0234,member_of_group,1,company_to_group,companies.csv;groups.csv
COMP_0225,GROUP_0118,member_of_group,1,company_to_group,companies.csv;groups.csv
COMP_0226,GROUP_0013,member_of_group,1,company_to_group,companies.csv;groups.csv
COMP_0227,GROUP_0092,member_of_group,1,company_to_group,companies.csv;groups.csv
COMP_0228,GROUP_0081,member_of_group,1,company_to_group,companies.csv;groups.csv
COMP_0229,GROUP_0101,member_of_group,1,company_to_group,companies.csv;groups.csv
COMP_0230,GROUP_0213,member_of_group,1,company_to_group,companies.csv;groups.csv
COMP_0231,GROUP_0108,member_of_group,1,company_to_group,companies.csv;groups.csv
COMP_0232,GROUP_0038,member_of_group,1,company_to_group,companies.csv;groups.csv
COMP_0233,GROUP_0150,member_of_group,1,company_to_group,companies.csv;groups.csv
COMP_0234,GROUP_0101,member_of_group,1,company_to_group,companies.csv;groups.csv
COMP_0235,GROUP_0028,member_of_group,1,company_to_group,companies.csv;groups.csv
COMP_0236,GROUP_0243,member_of_group,1,company_to_group,companies.csv;groups.csv
COMP_0237,GROUP_0044,member_of_group,1,company_to_group,companies.csv;groups.csv
COMP_0238,GROUP_0149,member_of_group,1,company_to_group,companies.csv;groups.csv
COMP_0239,GROUP_0202,member_of_group,1,company_to_group,companies.csv;groups.csv
COMP_0240,GROUP_0009,member_of_group,1,company_to_group,companies.csv;groups.csv
COMP_0241,GROUP_0050,member_of_group,1,company_to_group,companies.csv;groups.csv
COMP_0242,GROUP_0108,member_of_group,1,company_to_group,companies.csv;groups.csv
COMP_0243,GROUP_0170,member_of_group,1,company_to_group,companies.csv;groups.csv
COMP_0244,GROUP_0212,member_of_group,1,company_to_group,companies.csv;groups.csv
COMP_0245,GROUP_0096,member_of_group,1,company_to_group,companies.csv;groups.csv
COMP_0246,GROUP_0213,member_of_group,1,company_to_group,companies.csv;groups.csv
COMP_0247,GROUP_0218,member_of_group,1,company_to_group,companies.csv;groups.csv
COMP_0248,GROUP_0095,member_of_group,1,company_to_group,companies.csv;groups.csv
COMP_0249,GROUP_0194,member_of_group,1,company_to_group,companies.csv;groups.csv
COMP_0250,GROUP_0065,member_of_group,1,company_to_group,companies.csv;groups.csv
COMP_0251,GROUP_0170,member_of_group,1,company_to_group,companies.csv;groups.csv
COMP_0252,GROUP_0179,member_of_group,1,company_to_group,companies.csv;groups.csv
COMP_0253,GROUP_0055,member_of_group,1,company_to_group,companies.csv;groups.csv
COMP_0254,GROUP_0158,member_of_group,1,company_to_group,companies.csv;groups.csv
COMP_0255,GROUP_0025,member_of_group,1,company_to_group,companies.csv;groups.csv
COMP_0256,GROUP_0170,member_of_group,1,company_to_group,companies.csv;groups.csv
COMP_0257,GROUP_0023,member_of_group,1,company_to_group,companies.csv;groups.csv
COMP_0258,GROUP_0078,member_of_group,1,company_to_group,companies.csv;groups.csv
COMP_0259,GROUP_0198,member_of_group,1,company_to_group,companies.csv;groups.csv
COMP_0260,GROUP_0087,member_of_group,1,company_to_group,companies.csv;groups.csv
COMP_0261,GROUP_0086,member_of_group,1,company_to_group,companies.csv;groups.csv
COMP_0262,GROUP_0211,member_of_group,1,company_to_group,companies.csv;groups.csv
COMP_0263,GROUP_0250,member_of_group,1,company_to_group,companies.csv;groups.csv
COMP_0264,GROUP_0066,member_of_group,1,company_to_group,companies.csv;groups.csv
COMP_0265,GROUP_0033,member_of_group,1,company_to_group,companies.csv;groups.csv
COMP_0266,GROUP_0016,member_of_group,1,company_to_group,companies.csv;groups.csv
COMP_0267,GROUP_0155,member_of_group,1,company_to_group,companies.csv;groups.csv
COMP_0268,GROUP_0094,member_of_group,1,company_to_group,companies.csv;groups.csv
COMP_0269,GROUP_0156,member_of_group,1,company_to_group,companies.csv;groups.csv
COMP_0270,GROUP_0116,member_of_group,1,company_to_group,companies.csv;groups.csv
COMP_0271,GROUP_0138,member_of_group,1,company_to_group,companies.csv;groups.csv
COMP_0272,GROUP_0017,member_of_group,1,company_to_group,companies.csv;groups.csv
COMP_0273,GROUP_0155,member_of_group,1,company_to_group,companies.csv;groups.csv
COMP_0274,GROUP_0097,member_of_group,1,company_to_group,companies.csv;groups.csv
COMP_0275,GROUP_0060,member_of_group,1,company_to_group,companies.csv;groups.csv
COMP_0276,GROUP_0199,member_of_group,1,company_to_group,companies.csv;groups.csv
COMP_0277,GROUP_0236,member_of_group,1,company_to_group,companies.csv;groups.csv
COMP_0278,GROUP_0162,member_of_group,1,company_to_group,companies.csv;groups.csv
COMP_0279,GROUP_0022,member_of_group,1,company_to_group,companies.csv;groups.csv
COMP_0280,GROUP_0107,member_of_group,1,company_to_group,companies.csv;groups.csv
COMP_0281,GROUP_0127,member_of_group,1,company_to_group,companies.csv;groups.csv
COMP_0282,GROUP_0187,member_of_group,1,company_to_group,companies.csv;groups.csv
COMP_0283,GROUP_0089,member_of_group,1,company_to_group,companies.csv;groups.csv
COMP_0284,GROUP_0163,member_of_group,1,company_to_group,companies.csv;groups.csv
COMP_0285,GROUP_0205,member_of_group,1,company_to_group,companies.csv;groups.csv
COMP_0286,GROUP_0203,member_of_group,1,company_to_group,companies.csv;groups.csv
COMP_0287,GROUP_0231,member_of_group,1,company_to_group,companies.csv;groups.csv
COMP_0288,GROUP_0075,member_of_group,1,company_to_group,companies.csv;groups.csv
COMP_0289,GROUP_0142,member_of_group,1,company_to_group,companies.csv;groups.csv
COMP_0290,GROUP_0053,member_of_group,1,company_to_group,companies.csv;groups.csv
COMP_0291,GROUP_0104,member_of_group,1,company_to_group,companies.csv;groups.csv
COMP_0292,GROUP_0199,member_of_group,1,company_to_group,companies.csv;groups.csv
COMP_0293,GROUP_0126,member_of_group,1,company_to_group,companies.csv;groups.csv
COMP_0294,GROUP_0217,member_of_group,1,company_to_group,companies.csv;groups.csv
COMP_0295,GROUP_0039,member_of_group,1,company_to_group,companies.csv;groups.csv
COMP_0296,GROUP_0199,member_of_group,1,company_to_group,companies.csv;groups.csv
COMP_0297,GROUP_0011,member_of_group,1,company_to_group,companies.csv;groups.csv
COMP_0298,GROUP_0063,member_of_group,1,company_to_group,companies.csv;groups.csv
COMP_0299,GROUP_0087,member_of_group,1,company_to_group,companies.csv;groups.csv
COMP_0300,GROUP_0144,member_of_group,1,company_to_group,companies.csv;groups.csv
COMP_0301,GROUP_0009,member_of_group,1,company_to_group,companies.csv;groups.csv
COMP_0302,GROUP_0243,member_of_group,1,company_to_group,companies.csv;groups.csv
COMP_0303,GROUP_0239,member_of_group,1,company_to_group,companies.csv;groups.csv
COMP_0304,GROUP_0127,member_of_group,1,company_to_group,companies.csv;groups.csv
COMP_0305,GROUP_0184,member_of_group,1,company_to_group,companies.csv;groups.csv
COMP_0306,GROUP_0094,member_of_group,1,company_to_group,companies.csv;groups.csv
COMP_0307,GROUP_0112,member_of_group,1,company_to_group,companies.csv;groups.csv
COMP_0308,GROUP_0250,member_of_group,1,company_to_group,companies.csv;groups.csv
COMP_0309,GROUP_0250,member_of_group,1,company_to_group,companies.csv;groups.csv
COMP_0310,GROUP_0158,member_of_group,1,company_to_group,companies.csv;groups.csv
COMP_0311,GROUP_0175,member_of_group,1,company_to_group,companies.csv;groups.csv
COMP_0312,GROUP_0194,member_of_group,1,company_to_group,companies.csv;groups.csv
COMP_0313,GROUP_0094,member_of_group,1,company_to_group,companies.csv;groups.csv
COMP_0314,GROUP_0101,member_of_group,1,company_to_group,companies.csv;groups.csv
COMP_0315,GROUP_0064,member_of_group,1,company_to_group,companies.csv;groups.csv
COMP_0316,GROUP_0150,member_of_group,1,company_to_group,companies.csv;groups.csv
COMP_0317,GROUP_0170,member_of_group,1,company_to_group,companies.csv;groups.csv
COMP_0318,GROUP_0226,member_of_group,1,company_to_group,companies.csv;groups.csv
COMP_0319,GROUP_0184,member_of_group,1,company_to_group,companies.csv;groups.csv
COMP_0320,GROUP_0246,member_of_group,1,company_to_group,companies.csv;groups.csv
COMP_0321,GROUP_0159,member_of_group,1,company_to_group,companies.csv;groups.csv
COMP_0322,GROUP_0108,member_of_group,1,company_to_group,companies.csv;groups.csv
COMP_0323,GROUP_0122,member_of_group,1,company_to_group,companies.csv;groups.csv
COMP_0324,GROUP_0138,member_of_group,1,company_to_group,companies.csv;groups.csv
COMP_0325,GROUP_0101,member_of_group,1,company_to_group,companies.csv;groups.csv
COMP_0326,GROUP_0018,member_of_group,1,company_to_group,companies.csv;groups.csv
COMP_0327,GROUP_0130,member_of_group,1,company_to_group,companies.csv;groups.csv
COMP_0328,GROUP_0136,member_of_group,1,company_to_group,companies.csv;groups.csv
COMP_0329,GROUP_0161,member_of_group,1,company_to_group,companies.csv;groups.csv
COMP_0330,GROUP_0088,member_of_group,1,company_to_group,companies.csv;groups.csv
COMP_0331,GROUP_0096,member_of_group,1,company_to_group,companies.csv;groups.csv
COMP_0332,GROUP_0149,member_of_group,1,company_to_group,companies.csv;groups.csv
COMP_0333,GROUP_0217,member_of_group,1,company_to_group,companies.csv;groups.csv
COMP_0334,GROUP_0159,member_of_group,1,company_to_group,companies.csv;groups.csv
COMP_0335,GROUP_0214,member_of_group,1,company_to_group,companies.csv;groups.csv
COMP_0336,GROUP_0211,member_of_group,1,company_to_group,companies.csv;groups.csv
COMP_0337,GROUP_0022,member_of_group,1,company_to_group,companies.csv;groups.csv
COMP_0338,GROUP_0088,member_of_group,1,company_to_group,companies.csv;groups.csv
COMP_0339,GROUP_0188,member_of_group,1,company_to_group,companies.csv;groups.csv
COMP_0340,GROUP_0116,member_of_group,1,company_to_group,companies.csv;groups.csv
COMP_0341,GROUP_0150,member_of_group,1,company_to_group,companies.csv;groups.csv
COMP_0342,GROUP_0079,member_of_group,1,company_to_group,companies.csv;groups.csv
COMP_0343,GROUP_0167,member_of_group,1,company_to_group,companies.csv;groups.csv
COMP_0344,GROUP_0211,member_of_group,1,company_to_group,companies.csv;groups.csv
COMP_0345,GROUP_0069,member_of_group,1,company_to_group,companies.csv;groups.csv
COMP_0346,GROUP_0097,member_of_group,1,company_to_group,companies.csv;groups.csv
COMP_0347,GROUP_0117,member_of_group,1,company_to_group,companies.csv;groups.csv
COMP_0348,GROUP_0138,member_of_group,1,company_to_group,companies.csv;groups.csv
COMP_0349,GROUP_0101,member_of_group,1,company_to_group,companies.csv;groups.csv
COMP_0350,GROUP_0189,member_of_group,1,company_to_group,companies.csv;groups.csv
COMP_0351,GROUP_0223,member_of_group,1,company_to_group,companies.csv;groups.csv
COMP_0352,GROUP_0044,member_of_group,1,company_to_group,companies.csv;groups.csv
COMP_0353,GROUP_0073,member_of_group,1,company_to_group,companies.csv;groups.csv
COMP_0354,GROUP_0220,member_of_group,1,company_to_group,companies.csv;groups.csv
COMP_0355,GROUP_0049,member_of_group,1,company_to_group,companies.csv;groups.csv
COMP_0356,GROUP_0172,member_of_group,1,company_to_group,companies.csv;groups.csv
COMP_0357,GROUP_0036,member_of_group,1,company_to_group,companies.csv;groups.csv
COMP_0358,GROUP_0127,member_of_group,1,company_to_group,companies.csv;groups.csv
COMP_0359,GROUP_0110,member_of_group,1,company_to_group,companies.csv;groups.csv
COMP_0360,GROUP_0138,member_of_group,1,company_to_group,companies.csv;groups.csv
COMP_0361,GROUP_0116,member_of_group,1,company_to_group,companies.csv;groups.csv
COMP_0362,GROUP_0142,member_of_group,1,company_to_group,companies.csv;groups.csv
COMP_0363,GROUP_0250,member_of_group,1,company_to_group,companies.csv;groups.csv
COMP_0364,GROUP_0195,member_of_group,1,company_to_group,companies.csv;groups.csv
COMP_0365,GROUP_0122,member_of_group,1,company_to_group,companies.csv;groups.csv
COMP_0366,GROUP_0119,member_of_group,1,company_to_group,companies.csv;groups.csv
COMP_0367,GROUP_0187,member_of_group,1,company_to_group,companies.csv;groups.csv
COMP_0368,GROUP_0016,member_of_group,1,company_to_group,companies.csv;groups.csv
COMP_0369,GROUP_0246,member_of_group,1,company_to_group,companies.csv;groups.csv
COMP_0370,GROUP_0164,member_of_group,1,company_to_group,companies.csv;groups.csv
COMP_0371,GROUP_0122,member_of_group,1,company_to_group,companies.csv;groups.csv
COMP_0372,GROUP_0144,member_of_group,1,company_to_group,companies.csv;groups.csv
COMP_0373,GROUP_0192,member_of_group,1,company_to_group,companies.csv;groups.csv
COMP_0374,GROUP_0020,member_of_group,1,company_to_group,companies.csv;groups.csv
COMP_0375,GROUP_0143,member_of_group,1,company_to_group,companies.csv;groups.csv
COMP_0376,GROUP_0070,member_of_group,1,company_to_group,companies.csv;groups.csv
COMP_0377,GROUP_0009,member_of_group,1,company_to_group,companies.csv;groups.csv
COMP_0378,GROUP_0234,member_of_group,1,company_to_group,companies.csv;groups.csv
COMP_0379,GROUP_0112,member_of_group,1,company_to_group,companies.csv;groups.csv
COMP_0380,GROUP_0059,member_of_group,1,company_to_group,companies.csv;groups.csv
COMP_0381,GROUP_0079,member_of_group,1,company_to_group,companies.csv;groups.csv
COMP_0382,GROUP_0068,member_of_group,1,company_to_group,companies.csv;groups.csv
COMP_0383,GROUP_0078,member_of_group,1,company_to_group,companies.csv;groups.csv
COMP_0384,GROUP_0094,member_of_group,1,company_to_group,companies.csv;groups.csv
COMP_0385,GROUP_0145,member_of_group,1,company_to_group,companies.csv;groups.csv
COMP_0386,GROUP_0020,member_of_group,1,company_to_group,companies.csv;groups.csv
COMP_0387,GROUP_0097,member_of_group,1,company_to_group,companies.csv;groups.csv
COMP_0388,GROUP_0187,member_of_group,1,company_to_group,companies.csv;groups.csv
COMP_0389,GROUP_0150,member_of_group,1,company_to_group,companies.csv;groups.csv
COMP_0390,GROUP_0064,member_of_group,1,company_to_group,companies.csv;groups.csv
COMP_0391,GROUP_0042,member_of_group,1,company_to_group,companies.csv;groups.csv
COMP_0392,GROUP_0222,member_of_group,1,company_to_group,companies.csv;groups.csv
COMP_0393,GROUP_0054,member_of_group,1,company_to_group,companies.csv;groups.csv
COMP_0394,GROUP_0224,member_of_group,1,company_to_group,companies.csv;groups.csv
COMP_0395,GROUP_0112,member_of_group,1,company_to_group,companies.csv;groups.csv
COMP_0396,GROUP_0096,member_of_group,1,company_to_group,companies.csv;groups.csv
COMP_0397,GROUP_0155,member_of_group,1,company_to_group,companies.csv;groups.csv
COMP_0398,GROUP_0018,member_of_group,1,company_to_group,companies.csv;groups.csv
COMP_0399,GROUP_0115,member_of_group,1,company_to_group,companies.csv;groups.csv
COMP_0400,GROUP_0142,member_of_group,1,company_to_group,companies.csv;groups.csv
COMP_0401,GROUP_0087,member_of_group,1,company_to_group,companies.csv;groups.csv
COMP_0402,GROUP_0131,member_of_group,1,company_to_group,companies.csv;groups.csv
COMP_0403,GROUP_0201,member_of_group,1,company_to_group,companies.csv;groups.csv
COMP_0404,GROUP_0094,member_of_group,1,company_to_group,companies.csv;groups.csv
COMP_0405,GROUP_0035,member_of_group,1,company_to_group,companies.csv;groups.csv
COMP_0406,GROUP_0034,member_of_group,1,company_to_group,companies.csv;groups.csv
COMP_0407,GROUP_0067,member_of_group,1,company_to_group,companies.csv;groups.csv
COMP_0408,GROUP_0076,member_of_group,1,company_to_group,companies.csv;groups.csv
COMP_0409,GROUP_0009,member_of_group,1,company_to_group,companies.csv;groups.csv
COMP_0410,GROUP_0112,member_of_group,1,company_to_group,companies.csv;groups.csv
COMP_0411,GROUP_0158,member_of_group,1,company_to_group,companies.csv;groups.csv
COMP_0412,GROUP_0016,member_of_group,1,company_to_group,companies.csv;groups.csv
COMP_0413,GROUP_0130,member_of_group,1,company_to_group,companies.csv;groups.csv
COMP_0414,GROUP_0217,member_of_group,1,company_to_group,companies.csv;groups.csv
COMP_0415,GROUP_0204,member_of_group,1,company_to_group,companies.csv;groups.csv
COMP_0416,GROUP_0040,member_of_group,1,company_to_group,companies.csv;groups.csv
COMP_0417,GROUP_0092,member_of_group,1,company_to_group,companies.csv;groups.csv
COMP_0418,GROUP_0070,member_of_group,1,company_to_group,companies.csv;groups.csv
COMP_0419,GROUP_0152,member_of_group,1,company_to_group,companies.csv;groups.csv
COMP_0420,GROUP_0104,member_of_group,1,company_to_group,companies.csv;groups.csv
COMP_0421,GROUP_0230,member_of_group,1,company_to_group,companies.csv;groups.csv
COMP_0422,GROUP_0018,member_of_group,1,company_to_group,companies.csv;groups.csv
COMP_0423,GROUP_0162,member_of_group,1,company_to_group,companies.csv;groups.csv
COMP_0424,GROUP_0097,member_of_group,1,company_to_group,companies.csv;groups.csv
COMP_0425,GROUP_0097,member_of_group,1,company_to_group,companies.csv;groups.csv
COMP_0426,GROUP_0003,member_of_group,1,company_to_group,companies.csv;groups.csv
COMP_0427,GROUP_0214,member_of_group,1,company_to_group,companies.csv;groups.csv
COMP_0428,GROUP_0213,member_of_group,1,company_to_group,companies.csv;groups.csv
COMP_0429,GROUP_0170,member_of_group,1,company_to_group,companies.csv;groups.csv
COMP_0430,GROUP_0182,member_of_group,1,company_to_group,companies.csv;groups.csv
COMP_0431,GROUP_0102,member_of_group,1,company_to_group,companies.csv;groups.csv
COMP_0432,GROUP_0095,member_of_group,1,company_to_group,companies.csv;groups.csv
COMP_0433,GROUP_0023,member_of_group,1,company_to_group,companies.csv;groups.csv
COMP_0434,GROUP_0134,member_of_group,1,company_to_group,companies.csv;groups.csv
COMP_0435,GROUP_0048,member_of_group,1,company_to_group,companies.csv;groups.csv
COMP_0436,GROUP_0048,member_of_group,1,company_to_group,companies.csv;groups.csv
COMP_0437,GROUP_0199,member_of_group,1,company_to_group,companies.csv;groups.csv
COMP_0438,GROUP_0150,member_of_group,1,company_to_group,companies.csv;groups.csv
COMP_0439,GROUP_0236,member_of_group,1,company_to_group,companies.csv;groups.csv
COMP_0440,GROUP_0162,member_of_group,1,company_to_group,companies.csv;groups.csv
COMP_0441,GROUP_0217,member_of_group,1,company_to_group,companies.csv;groups.csv
COMP_0442,GROUP_0158,member_of_group,1,company_to_group,companies.csv;groups.csv
COMP_0443,GROUP_0143,member_of_group,1,company_to_group,companies.csv;groups.csv
COMP_0444,GROUP_0042,member_of_group,1,company_to_group,companies.csv;groups.csv
COMP_0445,GROUP_0199,member_of_group,1,company_to_group,companies.csv;groups.csv
COMP_0446,GROUP_0182,member_of_group,1,company_to_group,companies.csv;groups.csv
COMP_0447,GROUP_0190,member_of_group,1,company_to_group,companies.csv;groups.csv
COMP_0448,GROUP_0158,member_of_group,1,company_to_group,companies.csv;groups.csv
COMP_0449,GROUP_0017,member_of_group,1,company_to_group,companies.csv;groups.csv
COMP_0450,GROUP_0202,member_of_group,1,company_to_group,companies.csv;groups.csv
COMP_0451,GROUP_0158,member_of_group,1,company_to_group,companies.csv;groups.csv
COMP_0452,GROUP_0103,member_of_group,1,company_to_group,companies.csv;groups.csv
COMP_0453,GROUP_0023,member_of_group,1,company_to_group,companies.csv;groups.csv
COMP_0454,GROUP_0112,member_of_group,1,company_to_group,companies.csv;groups.csv
COMP_0455,GROUP_0222,member_of_group,1,company_to_group,companies.csv;groups.csv
COMP_0456,GROUP_0131,member_of_group,1,company_to_group,companies.csv;groups.csv
COMP_0457,GROUP_0129,member_of_group,1,company_to_group,companies.csv;groups.csv
COMP_0458,GROUP_0212,member_of_group,1,company_to_group,companies.csv;groups.csv
COMP_0459,GROUP_0051,member_of_group,1,company_to_group,companies.csv;groups.csv
COMP_0460,GROUP_0116,member_of_group,1,company_to_group,companies.csv;groups.csv
COMP_0461,GROUP_0070,member_of_group,1,company_to_group,companies.csv;groups.csv
COMP_0462,GROUP_0194,member_of_group,1,company_to_group,companies.csv;groups.csv
COMP_0463,GROUP_0086,member_of_group,1,company_to_group,companies.csv;groups.csv
COMP_0464,GROUP_0008,member_of_group,1,company_to_group,companies.csv;groups.csv
COMP_0465,GROUP_0246,member_of_group,1,company_to_group,companies.csv;groups.csv
COMP_0466,GROUP_0200,member_of_group,1,company_to_group,companies.csv;groups.csv
COMP_0467,GROUP_0172,member_of_group,1,company_to_group,companies.csv;groups.csv
COMP_0468,GROUP_0138,member_of_group,1,company_to_group,companies.csv;groups.csv
COMP_0469,GROUP_0149,member_of_group,1,company_to_group,companies.csv;groups.csv
COMP_0470,GROUP_0236,member_of_group,1,company_to_group,companies.csv;groups.csv
COMP_0471,GROUP_0162,member_of_group,1,company_to_group,companies.csv;groups.csv
COMP_0472,GROUP_0044,member_of_group,1,company_to_group,companies.csv;groups.csv
COMP_0473,GROUP_0185,member_of_group,1,company_to_group,companies.csv;groups.csv
COMP_0474,GROUP_0141,member_of_group,1,company_to_group,companies.csv;groups.csv
COMP_0475,GROUP_0015,member_of_group,1,company_to_group,companies.csv;groups.csv
COMP_0476,GROUP_0111,member_of_group,1,company_to_group,companies.csv;groups.csv
COMP_0477,GROUP_0232,member_of_group,1,company_to_group,companies.csv;groups.csv
COMP_0478,GROUP_0131,member_of_group,1,company_to_group,companies.csv;groups.csv
COMP_0479,GROUP_0170,member_of_group,1,company_to_group,companies.csv;groups.csv
COMP_0480,GROUP_0112,member_of_group,1,company_to_group,companies.csv;groups.csv
COMP_0481,GROUP_0225,member_of_group,1,company_to_group,companies.csv;groups.csv
COMP_0482,GROUP_0211,member_of_group,1,company_to_group,companies.csv;groups.csv
COMP_0483,GROUP_0063,member_of_group,1,company_to_group,companies.csv;groups.csv
COMP_0484,GROUP_0138,member_of_group,1,company_to_group,companies.csv;groups.csv
COMP_0485,GROUP_0052,member_of_group,1,company_to_group,companies.csv;groups.csv
COMP_0486,GROUP_0132,member_of_group,1,company_to_group,companies.csv;groups.csv
COMP_0487,GROUP_0170,member_of_group,1,company_to_group,companies.csv;groups.csv
COMP_0488,GROUP_0060,member_of_group,1,company_to_group,companies.csv;groups.csv
COMP_0489,GROUP_0175,member_of_group,1,company_to_group,companies.csv;groups.csv
COMP_0490,GROUP_0138,member_of_group,1,company_to_group,companies.csv;groups.csv
COMP_0491,GROUP_0146,member_of_group,1,company_to_group,companies.csv;groups.csv
COMP_0492,GROUP_0150,member_of_group,1,company_to_group,companies.csv;groups.csv
COMP_0493,GROUP_0126,member_of_group,1,company_to_group,companies.csv;groups.csv
COMP_0494,GROUP_0142,member_of_group,1,company_to_group,companies.csv;groups.csv
COMP_0495,GROUP_0124,member_of_group,1,company_to_group,companies.csv;groups.csv
COMP_0496,GROUP_0137,member_of_group,1,company_to_group,companies.csv;groups.csv
COMP_0497,GROUP_0185,member_of_group,1,company_to_group,companies.csv;groups.csv
COMP_0498,GROUP_0153,member_of_group,1,company_to_group,companies.csv;groups.csv
COMP_0499,GROUP_0241,member_of_group,1,company_to_group,companies.csv;groups.csv
COMP_0500,GROUP_0079,member_of_group,1,company_to_group,companies.csv;groups.csv
COMP_0501,GROUP_0138,member_of_group,1,company_to_group,companies.csv;groups.csv
COMP_0502,GROUP_0098,member_of_group,1,company_to_group,companies.csv;groups.csv
COMP_0503,GROUP_0134,member_of_group,1,company_to_group,companies.csv;groups.csv
COMP_0504,GROUP_0013,member_of_group,1,company_to_group,companies.csv;groups.csv
COMP_0505,GROUP_0092,member_of_group,1,company_to_group,companies.csv;groups.csv
COMP_0506,GROUP_0217,member_of_group,1,company_to_group,companies.csv;groups.csv
COMP_0507,GROUP_0023,member_of_group,1,company_to_group,companies.csv;groups.csv
COMP_0508,GROUP_0070,member_of_group,1,company_to_group,companies.csv;groups.csv
COMP_0509,GROUP_0055,member_of_group,1,company_to_group,companies.csv;groups.csv
COMP_0510,GROUP_0079,member_of_group,1,company_to_group,companies.csv;groups.csv
COMP_0511,GROUP_0202,member_of_group,1,company_to_group,companies.csv;groups.csv
COMP_0512,GROUP_0217,member_of_group,1,company_to_group,companies.csv;groups.csv
COMP_0513,GROUP_0142,member_of_group,1,company_to_group,companies.csv;groups.csv
COMP_0514,GROUP_0008,member_of_group,1,company_to_group,companies.csv;groups.csv
COMP_0515,GROUP_0117,member_of_group,1,company_to_group,companies.csv;groups.csv
COMP_0516,GROUP_0192,member_of_group,1,company_to_group,companies.csv;groups.csv
COMP_0517,GROUP_0165,member_of_group,1,company_to_group,companies.csv;groups.csv
COMP_0518,GROUP_0101,member_of_group,1,company_to_group,companies.csv;groups.csv
COMP_0519,GROUP_0233,member_of_group,1,company_to_group,companies.csv;groups.csv
COMP_0520,GROUP_0020,member_of_group,1,company_to_group,companies.csv;groups.csv
COMP_0521,GROUP_0073,member_of_group,1,company_to_group,companies.csv;groups.csv
COMP_0522,GROUP_0066,member_of_group,1,company_to_group,companies.csv;groups.csv
COMP_0523,GROUP_0122,member_of_group,1,company_to_group,companies.csv;groups.csv
COMP_0524,GROUP_0006,member_of_group,1,company_to_group,companies.csv;groups.csv
COMP_0525,GROUP_0202,member_of_group,1,company_to_group,companies.csv;groups.csv
COMP_0526,GROUP_0172,member_of_group,1,company_to_group,companies.csv;groups.csv
COMP_0527,GROUP_0108,member_of_group,1,company_to_group,companies.csv;groups.csv
COMP_0528,GROUP_0192,member_of_group,1,company_to_group,companies.csv;groups.csv
COMP_0529,GROUP_0095,member_of_group,1,company_to_group,companies.csv;groups.csv
COMP_0530,GROUP_0017,member_of_group,1,company_to_group,companies.csv;groups.csv
COMP_0531,GROUP_0214,member_of_group,1,company_to_group,companies.csv;groups.csv
COMP_0532,GROUP_0017,member_of_group,1,company_to_group,companies.csv;groups.csv
COMP_0533,GROUP_0079,member_of_group,1,company_to_group,companies.csv;groups.csv
COMP_0534,GROUP_0184,member_of_group,1,company_to_group,companies.csv;groups.csv
COMP_0535,GROUP_0130,member_of_group,1,company_to_group,companies.csv;groups.csv
COMP_0536,GROUP_0039,member_of_group,1,company_to_group,companies.csv;groups.csv
COMP_0537,GROUP_0172,member_of_group,1,company_to_group,companies.csv;groups.csv
COMP_0538,GROUP_0065,member_of_group,1,company_to_group,companies.csv;groups.csv
COMP_0539,GROUP_0187,member_of_group,1,company_to_group,companies.csv;groups.csv
COMP_0540,GROUP_0048,member_of_group,1,company_to_group,companies.csv;groups.csv
COMP_0541,GROUP_0169,member_of_group,1,company_to_group,companies.csv;groups.csv
COMP_0542,GROUP_0023,member_of_group,1,company_to_group,companies.csv;groups.csv
COMP_0543,GROUP_0053,member_of_group,1,company_to_group,companies.csv;groups.csv
COMP_0544,GROUP_0208,member_of_group,1,company_to_group,companies.csv;groups.csv
COMP_0545,GROUP_0015,member_of_group,1,company_to_group,companies.csv;groups.csv
COMP_0546,GROUP_0095,member_of_group,1,company_to_group,companies.csv;groups.csv
COMP_0547,GROUP_0023,member_of_group,1,company_to_group,companies.csv;groups.csv
COMP_0548,GROUP_0217,member_of_group,1,company_to_group,companies.csv;groups.csv
COMP_0549,GROUP_0065,member_of_group,1,company_to_group,companies.csv;groups.csv
COMP_0550,GROUP_0246,member_of_group,1,company_to_group,companies.csv;groups.csv
COMP_0551,GROUP_0184,member_of_group,1,company_to_group,companies.csv;groups.csv
COMP_0552,GROUP_0126,member_of_group,1,company_to_group,companies.csv;groups.csv
COMP_0553,GROUP_0217,member_of_group,1,company_to_group,companies.csv;groups.csv
COMP_0554,GROUP_0184,member_of_group,1,company_to_group,companies.csv;groups.csv
COMP_0555,GROUP_0106,member_of_group,1,company_to_group,companies.csv;groups.csv
COMP_0556,GROUP_0237,member_of_group,1,company_to_group,companies.csv;groups.csv
COMP_0557,GROUP_0023,member_of_group,1,company_to_group,companies.csv;groups.csv
COMP_0558,GROUP_0026,member_of_group,1,company_to_group,companies.csv;groups.csv
COMP_0559,GROUP_0188,member_of_group,1,company_to_group,companies.csv;groups.csv
COMP_0560,GROUP_0097,member_of_group,1,company_to_group,companies.csv;groups.csv
COMP_0561,GROUP_0063,member_of_group,1,company_to_group,companies.csv;groups.csv
COMP_0562,GROUP_0218,member_of_group,1,company_to_group,companies.csv;groups.csv
COMP_0563,GROUP_0200,member_of_group,1,company_to_group,companies.csv;groups.csv
COMP_0564,GROUP_0212,member_of_group,1,company_to_group,companies.csv;groups.csv
COMP_0565,GROUP_0018,member_of_group,1,company_to_group,companies.csv;groups.csv
COMP_0566,GROUP_0119,member_of_group,1,company_to_group,companies.csv;groups.csv
COMP_0567,GROUP_0194,member_of_group,1,company_to_group,companies.csv;groups.csv
COMP_0568,GROUP_0150,member_of_group,1,company_to_group,companies.csv;groups.csv
COMP_0569,GROUP_0094,member_of_group,1,company_to_group,companies.csv;groups.csv
COMP_0570,GROUP_0123,member_of_group,1,company_to_group,companies.csv;groups.csv
COMP_0571,GROUP_0101,member_of_group,1,company_to_group,companies.csv;groups.csv
COMP_0572,GROUP_0064,member_of_group,1,company_to_group,companies.csv;groups.csv
COMP_0573,GROUP_0132,member_of_group,1,company_to_group,companies.csv;groups.csv
COMP_0574,GROUP_0197,member_of_group,1,company_to_group,companies.csv;groups.csv
COMP_0575,GROUP_0079,member_of_group,1,company_to_group,companies.csv;groups.csv
COMP_0576,GROUP_0044,member_of_group,1,company_to_group,companies.csv;groups.csv
COMP_0577,GROUP_0172,member_of_group,1,company_to_group,companies.csv;groups.csv
COMP_0578,GROUP_0162,member_of_group,1,company_to_group,companies.csv;groups.csv
COMP_0579,GROUP_0132,member_of_group,1,company_to_group,companies.csv;groups.csv
COMP_0580,GROUP_0008,member_of_group,1,company_to_group,companies.csv;groups.csv
COMP_0581,GROUP_0191,member_of_group,1,company_to_group,companies.csv;groups.csv
COMP_0582,GROUP_0159,member_of_group,1,company_to_group,companies.csv;groups.csv
COMP_0583,GROUP_0143,member_of_group,1,company_to_group,companies.csv;groups.csv
COMP_0584,GROUP_0117,member_of_group,1,company_to_group,companies.csv;groups.csv
COMP_0585,GROUP_0004,member_of_group,1,company_to_group,companies.csv;groups.csv
COMP_0586,GROUP_0047,member_of_group,1,company_to_group,companies.csv;groups.csv
COMP_0587,GROUP_0108,member_of_group,1,company_to_group,companies.csv;groups.csv
COMP_0588,GROUP_0218,member_of_group,1,company_to_group,companies.csv;groups.csv
COMP_0589,GROUP_0138,member_of_group,1,company_to_group,companies.csv;groups.csv
COMP_0590,GROUP_0222,member_of_group,1,company_to_group,companies.csv;groups.csv
COMP_0591,GROUP_0185,member_of_group,1,company_to_group,companies.csv;groups.csv
COMP_0592,GROUP_0185,member_of_group,1,company_to_group,companies.csv;groups.csv
COMP_0593,GROUP_0053,member_of_group,1,company_to_group,companies.csv;groups.csv
COMP_0594,GROUP_0090,member_of_group,1,company_to_group,companies.csv;groups.csv
COMP_0595,GROUP_0065,member_of_group,1,company_to_group,companies.csv;groups.csv
COMP_0596,GROUP_0212,member_of_group,1,company_to_group,companies.csv;groups.csv
COMP_0597,GROUP_0029,member_of_group,1,company_to_group,companies.csv;groups.csv
COMP_0598,GROUP_0200,member_of_group,1,company_to_group,companies.csv;groups.csv
COMP_0599,GROUP_0018,member_of_group,1,company_to_group,companies.csv;groups.csv
COMP_0600,GROUP_0113,member_of_group,1,company_to_group,companies.csv;groups.csv
COMP_0601,GROUP_0070,member_of_group,1,company_to_group,companies.csv;groups.csv
COMP_0602,GROUP_0103,member_of_group,1,company_to_group,companies.csv;groups.csv
COMP_0603,GROUP_0239,member_of_group,1,company_to_group,companies.csv;groups.csv
COMP_0604,GROUP_0065,member_of_group,1,company_to_group,companies.csv;groups.csv
COMP_0605,GROUP_0051,member_of_group,1,company_to_group,companies.csv;groups.csv
COMP_0606,GROUP_0083,member_of_group,1,company_to_group,companies.csv;groups.csv
COMP_0607,GROUP_0023,member_of_group,1,company_to_group,companies.csv;groups.csv
COMP_0608,GROUP_0174,member_of_group,1,company_to_group,companies.csv;groups.csv
COMP_0609,GROUP_0129,member_of_group,1,company_to_group,companies.csv;groups.csv
COMP_0610,GROUP_0112,member_of_group,1,company_to_group,companies.csv;groups.csv
COMP_0611,GROUP_0099,member_of_group,1,company_to_group,companies.csv;groups.csv
COMP_0612,GROUP_0218,member_of_group,1,company_to_group,companies.csv;groups.csv
COMP_0613,GROUP_0158,member_of_group,1,company_to_group,companies.csv;groups.csv
COMP_0614,GROUP_0218,member_of_group,1,company_to_group,companies.csv;groups.csv
COMP_0615,GROUP_0079,member_of_group,1,company_to_group,companies.csv;groups.csv
COMP_0616,GROUP_0017,member_of_group,1,company_to_group,companies.csv;groups.csv
COMP_0617,GROUP_0212,member_of_group,1,company_to_group,companies.csv;groups.csv
COMP_0618,GROUP_0013,member_of_group,1,company_to_group,companies.csv;groups.csv
COMP_0619,GROUP_0039,member_of_group,1,company_to_group,companies.csv;groups.csv
COMP_0620,GROUP_0082,member_of_group,1,company_to_group,companies.csv;groups.csv
COMP_0621,GROUP_0211,member_of_group,1,company_to_group,companies.csv;groups.csv
COMP_0622,GROUP_0130,member_of_group,1,company_to_group,companies.csv;groups.csv
COMP_0623,GROUP_0063,member_of_group,1,company_to_group,companies.csv;groups.csv
COMP_0624,GROUP_0154,member_of_group,1,company_to_group,companies.csv;groups.csv
COMP_0625,GROUP_0159,member_of_group,1,company_to_group,companies.csv;groups.csv
COMP_0626,GROUP_0070,member_of_group,1,company_to_group,companies.csv;groups.csv
COMP_0627,GROUP_0115,member_of_group,1,company_to_group,companies.csv;groups.csv
COMP_0628,GROUP_0013,member_of_group,1,company_to_group,companies.csv;groups.csv
COMP_0629,GROUP_0132,member_of_group,1,company_to_group,companies.csv;groups.csv
COMP_0630,GROUP_0247,member_of_group,1,company_to_group,companies.csv;groups.csv
COMP_0631,GROUP_0222,member_of_group,1,company_to_group,companies.csv;groups.csv
COMP_0632,GROUP_0172,member_of_group,1,company_to_group,companies.csv;groups.csv
COMP_0633,GROUP_0130,member_of_group,1,company_to_group,companies.csv;groups.csv
COMP_0634,GROUP_0022,member_of_group,1,company_to_group,companies.csv;groups.csv
COMP_0635,GROUP_0127,member_of_group,1,company_to_group,companies.csv;groups.csv
COMP_0636,GROUP_0037,member_of_group,1,company_to_group,companies.csv;groups.csv
COMP_0637,GROUP_0132,member_of_group,1,company_to_group,companies.csv;groups.csv
COMP_0638,GROUP_0108,member_of_group,1,company_to_group,companies.csv;groups.csv
COMP_0639,GROUP_0115,member_of_group,1,company_to_group,companies.csv;groups.csv
COMP_0640,GROUP_0022,member_of_group,1,company_to_group,companies.csv;groups.csv
COMP_0641,GROUP_0132,member_of_group,1,company_to_group,companies.csv;groups.csv
COMP_0642,GROUP_0072,member_of_group,1,company_to_group,companies.csv;groups.csv
COMP_0643,GROUP_0008,member_of_group,1,company_to_group,companies.csv;groups.csv
COMP_0644,GROUP_0236,member_of_group,1,company_to_group,companies.csv;groups.csv
COMP_0645,GROUP_0217,member_of_group,1,company_to_group,companies.csv;groups.csv
COMP_0646,GROUP_0118,member_of_group,1,company_to_group,companies.csv;groups.csv
COMP_0647,GROUP_0126,member_of_group,1,company_to_group,companies.csv;groups.csv
COMP_0648,GROUP_0053,member_of_group,1,company_to_group,companies.csv;groups.csv
COMP_0649,GROUP_0153,member_of_group,1,company_to_group,companies.csv;groups.csv
COMP_0650,GROUP_0038,member_of_group,1,company_to_group,companies.csv;groups.csv
COMP_0651,GROUP_0081,member_of_group,1,company_to_group,companies.csv;groups.csv
COMP_0652,GROUP_0222,member_of_group,1,company_to_group,companies.csv;groups.csv
COMP_0653,GROUP_0128,member_of_group,1,company_to_group,companies.csv;groups.csv
COMP_0654,GROUP_0053,member_of_group,1,company_to_group,companies.csv;groups.csv
COMP_0655,GROUP_0172,member_of_group,1,company_to_group,companies.csv;groups.csv
COMP_0656,GROUP_0087,member_of_group,1,company_to_group,companies.csv;groups.csv
COMP_0657,GROUP_0222,member_of_group,1,company_to_group,companies.csv;groups.csv
COMP_0658,GROUP_0132,member_of_group,1,company_to_group,companies.csv;groups.csv
COMP_0659,GROUP_0035,member_of_group,1,company_to_group,companies.csv;groups.csv
COMP_0660,GROUP_0175,member_of_group,1,company_to_group,companies.csv;groups.csv
COMP_0661,GROUP_0222,member_of_group,1,company_to_group,companies.csv;groups.csv
COMP_0662,GROUP_0054,member_of_group,1,company_to_group,companies.csv;groups.csv
COMP_0663,GROUP_0143,member_of_group,1,company_to_group,companies.csv;groups.csv
COMP_0664,GROUP_0058,member_of_group,1,company_to_group,companies.csv;groups.csv
COMP_0665,GROUP_0150,member_of_group,1,company_to_group,companies.csv;groups.csv
COMP_0666,GROUP_0013,member_of_group,1,company_to_group,companies.csv;groups.csv
COMP_0667,GROUP_0068,member_of_group,1,company_to_group,companies.csv;groups.csv
COMP_0668,GROUP_0048,member_of_group,1,company_to_group,companies.csv;groups.csv
COMP_0669,GROUP_0007,member_of_group,1,company_to_group,companies.csv;groups.csv
COMP_0670,GROUP_0101,member_of_group,1,company_to_group,companies.csv;groups.csv
COMP_0671,GROUP_0250,member_of_group,1,company_to_group,companies.csv;groups.csv
COMP_0672,GROUP_0184,member_of_group,1,company_to_group,companies.csv;groups.csv
COMP_0673,GROUP_0203,member_of_group,1,company_to_group,companies.csv;groups.csv
COMP_0674,GROUP_0112,member_of_group,1,company_to_group,companies.csv;groups.csv
COMP_0675,GROUP_0023,member_of_group,1,company_to_group,companies.csv;groups.csv
COMP_0676,GROUP_0104,member_of_group,1,company_to_group,companies.csv;groups.csv
COMP_0677,GROUP_0138,member_of_group,1,company_to_group,companies.csv;groups.csv
COMP_0678,GROUP_0154,member_of_group,1,company_to_group,companies.csv;groups.csv
COMP_0679,GROUP_0172,member_of_group,1,company_to_group,companies.csv;groups.csv
COMP_0680,GROUP_0089,member_of_group,1,company_to_group,companies.csv;groups.csv
COMP_0681,GROUP_0176,member_of_group,1,company_to_group,companies.csv;groups.csv
COMP_0682,GROUP_0200,member_of_group,1,company_to_group,companies.csv;groups.csv
COMP_0683,GROUP_0239,member_of_group,1,company_to_group,companies.csv;groups.csv
COMP_0684,GROUP_0236,member_of_group,1,company_to_group,companies.csv;groups.csv
COMP_0685,GROUP_0035,member_of_group,1,company_to_group,companies.csv;groups.csv
COMP_0686,GROUP_0139,member_of_group,1,company_to_group,companies.csv;groups.csv
COMP_0687,GROUP_0212,member_of_group,1,company_to_group,companies.csv;groups.csv
COMP_0688,GROUP_0241,member_of_group,1,company_to_group,companies.csv;groups.csv
COMP_0689,GROUP_0200,member_of_group,1,company_to_group,companies.csv;groups.csv
COMP_0690,GROUP_0009,member_of_group,1,company_to_group,companies.csv;groups.csv
COMP_0691,GROUP_0010,member_of_group,1,company_to_group,companies.csv;groups.csv
COMP_0692,GROUP_0108,member_of_group,1,company_to_group,companies.csv;groups.csv
COMP_0693,GROUP_0116,member_of_group,1,company_to_group,companies.csv;groups.csv
COMP_0694,GROUP_0162,member_of_group,1,company_to_group,companies.csv;groups.csv
COMP_0695,GROUP_0084,member_of_group,1,company_to_group,companies.csv;groups.csv
COMP_0696,GROUP_0017,member_of_group,1,company_to_group,companies.csv;groups.csv
COMP_0697,GROUP_0132,member_of_group,1,company_to_group,companies.csv;groups.csv
COMP_0698,GROUP_0241,member_of_group,1,company_to_group,companies.csv;groups.csv
COMP_0699,GROUP_0158,member_of_group,1,company_to_group,companies.csv;groups.csv
COMP_0700,GROUP_0103,member_of_group,1,company_to_group,companies.csv;groups.csv
COMP_0701,GROUP_0211,member_of_group,1,company_to_group,companies.csv;groups.csv
COMP_0702,GROUP_0236,member_of_group,1,company_to_group,companies.csv;groups.csv
COMP_0703,GROUP_0115,member_of_group,1,company_to_group,companies.csv;groups.csv
COMP_0704,GROUP_0131,member_of_group,1,company_to_group,companies.csv;groups.csv
COMP_0705,GROUP_0067,member_of_group,1,company_to_group,companies.csv;groups.csv
COMP_0706,GROUP_0212,member_of_group,1,company_to_group,companies.csv;groups.csv
COMP_0707,GROUP_0035,member_of_group,1,company_to_group,companies.csv;groups.csv
COMP_0708,GROUP_0196,member_of_group,1,company_to_group,companies.csv;groups.csv
COMP_0709,GROUP_0040,member_of_group,1,company_to_group,companies.csv;groups.csv
COMP_0710,GROUP_0146,member_of_group,1,company_to_group,companies.csv;groups.csv
COMP_0711,GROUP_0219,member_of_group,1,company_to_group,companies.csv;groups.csv
COMP_0712,GROUP_0155,member_of_group,1,company_to_group,companies.csv;groups.csv
COMP_0713,GROUP_0023,member_of_group,1,company_to_group,companies.csv;groups.csv
COMP_0714,GROUP_0172,member_of_group,1,company_to_group,companies.csv;groups.csv
COMP_0715,GROUP_0177,member_of_group,1,company_to_group,companies.csv;groups.csv
COMP_0716,GROUP_0178,member_of_group,1,company_to_group,companies.csv;groups.csv
COMP_0717,GROUP_0020,member_of_group,1,company_to_group,companies.csv;groups.csv
COMP_0718,GROUP_0138,member_of_group,1,company_to_group,companies.csv;groups.csv
COMP_0719,GROUP_0068,member_of_group,1,company_to_group,companies.csv;groups.csv
COMP_0720,GROUP_0130,member_of_group,1,company_to_group,companies.csv;groups.csv
COMP_0721,GROUP_0113,member_of_group,1,company_to_group,companies.csv;groups.csv
COMP_0722,GROUP_0064,member_of_group,1,company_to_group,companies.csv;groups.csv
COMP_0723,GROUP_0230,member_of_group,1,company_to_group,companies.csv;groups.csv
COMP_0724,GROUP_0236,member_of_group,1,company_to_group,companies.csv;groups.csv
COMP_0725,GROUP_0222,member_of_group,1,company_to_group,companies.csv;groups.csv
COMP_0726,GROUP_0055,member_of_group,1,company_to_group,companies.csv;groups.csv
COMP_0727,GROUP_0009,member_of_group,1,company_to_group,companies.csv;groups.csv
COMP_0728,GROUP_0183,member_of_group,1,company_to_group,companies.csv;groups.csv
COMP_0729,GROUP_0018,member_of_group,1,company_to_group,companies.csv;groups.csv
COMP_0730,GROUP_0041,member_of_group,1,company_to_group,companies.csv;groups.csv
COMP_0731,GROUP_0149,member_of_group,1,company_to_group,companies.csv;groups.csv
COMP_0732,GROUP_0022,member_of_group,1,company_to_group,companies.csv;groups.csv
COMP_0733,GROUP_0129,member_of_group,1,company_to_group,companies.csv;groups.csv
COMP_0734,GROUP_0041,member_of_group,1,company_to_group,companies.csv;groups.csv
COMP_0735,GROUP_0200,member_of_group,1,company_to_group,companies.csv;groups.csv
COMP_0736,GROUP_0184,member_of_group,1,company_to_group,companies.csv;groups.csv
COMP_0737,GROUP_0205,member_of_group,1,company_to_group,companies.csv;groups.csv
COMP_0738,GROUP_0064,member_of_group,1,company_to_group,companies.csv;groups.csv
COMP_0739,GROUP_0187,member_of_group,1,company_to_group,companies.csv;groups.csv
COMP_0740,GROUP_0044,member_of_group,1,company_to_group,companies.csv;groups.csv
COMP_0741,GROUP_0013,member_of_group,1,company_to_group,companies.csv;groups.csv
COMP_0742,GROUP_0047,member_of_group,1,company_to_group,companies.csv;groups.csv
COMP_0743,GROUP_0033,member_of_group,1,company_to_group,companies.csv;groups.csv
COMP_0744,GROUP_0032,member_of_group,1,company_to_group,companies.csv;groups.csv
COMP_0745,GROUP_0058,member_of_group,1,company_to_group,companies.csv;groups.csv
COMP_0746,GROUP_0222,member_of_group,1,company_to_group,companies.csv;groups.csv
COMP_0747,GROUP_0172,member_of_group,1,company_to_group,companies.csv;groups.csv
COMP_0748,GROUP_0074,member_of_group,1,company_to_group,companies.csv;groups.csv
COMP_0749,GROUP_0243,member_of_group,1,company_to_group,companies.csv;groups.csv
COMP_0750,GROUP_0172,member_of_group,1,company_to_group,companies.csv;groups.csv
COMP_0751,GROUP_0142,member_of_group,1,company_to_group,companies.csv;groups.csv
COMP_0752,GROUP_0236,member_of_group,1,company_to_group,companies.csv;groups.csv
COMP_0753,GROUP_0170,member_of_group,1,company_to_group,companies.csv;groups.csv
COMP_0754,GROUP_0211,member_of_group,1,company_to_group,companies.csv;groups.csv
COMP_0755,GROUP_0103,member_of_group,1,company_to_group,companies.csv;groups.csv
COMP_0756,GROUP_0104,member_of_group,1,company_to_group,companies.csv;groups.csv
COMP_0757,GROUP_0133,member_of_group,1,company_to_group,companies.csv;groups.csv
COMP_0758,GROUP_0169,member_of_group,1,company_to_group,companies.csv;groups.csv
COMP_0759,GROUP_0094,member_of_group,1,company_to_group,companies.csv;groups.csv
COMP_0760,GROUP_0249,member_of_group,1,company_to_group,companies.csv;groups.csv
COMP_0761,GROUP_0199,member_of_group,1,company_to_group,companies.csv;groups.csv
COMP_0762,GROUP_0051,member_of_group,1,company_to_group,companies.csv;groups.csv
COMP_0763,GROUP_0095,member_of_group,1,company_to_group,companies.csv;groups.csv
COMP_0764,GROUP_0022,member_of_group,1,company_to_group,companies.csv;groups.csv
COMP_0765,GROUP_0016,member_of_group,1,company_to_group,companies.csv;groups.csv
COMP_0766,GROUP_0212,member_of_group,1,company_to_group,companies.csv;groups.csv
COMP_0767,GROUP_0054,member_of_group,1,company_to_group,companies.csv;groups.csv
COMP_0768,GROUP_0127,member_of_group,1,company_to_group,companies.csv;groups.csv
COMP_0769,GROUP_0114,member_of_group,1,company_to_group,companies.csv;groups.csv
COMP_0770,GROUP_0082,member_of_group,1,company_to_group,companies.csv;groups.csv
COMP_0771,GROUP_0175,member_of_group,1,company_to_group,companies.csv;groups.csv
COMP_0772,GROUP_0023,member_of_group,1,company_to_group,companies.csv;groups.csv
COMP_0773,GROUP_0112,member_of_group,1,company_to_group,companies.csv;groups.csv
COMP_0774,GROUP_0103,member_of_group,1,company_to_group,companies.csv;groups.csv
COMP_0775,GROUP_0211,member_of_group,1,company_to_group,companies.csv;groups.csv
COMP_0776,GROUP_0158,member_of_group,1,company_to_group,companies.csv;groups.csv
COMP_0777,GROUP_0179,member_of_group,1,company_to_group,companies.csv;groups.csv
COMP_0778,GROUP_0238,member_of_group,1,company_to_group,companies.csv;groups.csv
COMP_0779,GROUP_0108,member_of_group,1,company_to_group,companies.csv;groups.csv
COMP_0780,GROUP_0065,member_of_group,1,company_to_group,companies.csv;groups.csv
COMP_0781,GROUP_0170,member_of_group,1,company_to_group,companies.csv;groups.csv
COMP_0782,GROUP_0130,member_of_group,1,company_to_group,companies.csv;groups.csv
COMP_0783,GROUP_0122,member_of_group,1,company_to_group,companies.csv;groups.csv
COMP_0784,GROUP_0149,member_of_group,1,company_to_group,companies.csv;groups.csv
COMP_0785,GROUP_0140,member_of_group,1,company_to_group,companies.csv;groups.csv
COMP_0786,GROUP_0017,member_of_group,1,company_to_group,companies.csv;groups.csv
COMP_0787,GROUP_0008,member_of_group,1,company_to_group,companies.csv;groups.csv
COMP_0788,GROUP_0045,member_of_group,1,company_to_group,companies.csv;groups.csv
COMP_0789,GROUP_0115,member_of_group,1,company_to_group,companies.csv;groups.csv
COMP_0790,GROUP_0210,member_of_group,1,company_to_group,companies.csv;groups.csv
COMP_0791,GROUP_0065,member_of_group,1,company_to_group,companies.csv;groups.csv
COMP_0792,GROUP_0070,member_of_group,1,company_to_group,companies.csv;groups.csv
COMP_0793,GROUP_0147,member_of_group,1,company_to_group,companies.csv;groups.csv
COMP_0794,GROUP_0035,member_of_group,1,company_to_group,companies.csv;groups.csv
COMP_0795,GROUP_0039,member_of_group,1,company_to_group,companies.csv;groups.csv
COMP_0796,GROUP_0160,member_of_group,1,company_to_group,companies.csv;groups.csv
COMP_0797,GROUP_0081,member_of_group,1,company_to_group,companies.csv;groups.csv
COMP_0798,GROUP_0057,member_of_group,1,company_to_group,companies.csv;groups.csv
COMP_0799,GROUP_0183,member_of_group,1,company_to_group,companies.csv;groups.csv
COMP_0800,GROUP_0149,member_of_group,1,company_to_group,companies.csv;groups.csv
COMP_0801,GROUP_0023,member_of_group,1,company_to_group,companies.csv;groups.csv
COMP_0802,GROUP_0117,member_of_group,1,company_to_group,companies.csv;groups.csv
COMP_0803,GROUP_0231,member_of_group,1,company_to_group,companies.csv;groups.csv
COMP_0804,GROUP_0077,member_of_group,1,company_to_group,companies.csv;groups.csv
COMP_0805,GROUP_0213,member_of_group,1,company_to_group,companies.csv;groups.csv
COMP_0806,GROUP_0177,member_of_group,1,company_to_group,companies.csv;groups.csv
COMP_0807,GROUP_0101,member_of_group,1,company_to_group,companies.csv;groups.csv
COMP_0808,GROUP_0015,member_of_group,1,company_to_group,companies.csv;groups.csv
COMP_0809,GROUP_0250,member_of_group,1,company_to_group,companies.csv;groups.csv
COMP_0810,GROUP_0016,member_of_group,1,company_to_group,companies.csv;groups.csv
COMP_0811,GROUP_0155,member_of_group,1,company_to_group,companies.csv;groups.csv
COMP_0812,GROUP_0160,member_of_group,1,company_to_group,companies.csv;groups.csv
COMP_0813,GROUP_0155,member_of_group,1,company_to_group,companies.csv;groups.csv
COMP_0814,GROUP_0016,member_of_group,1,company_to_group,companies.csv;groups.csv
COMP_0815,GROUP_0250,member_of_group,1,company_to_group,companies.csv;groups.csv
COMP_0816,GROUP_0158,member_of_group,1,company_to_group,companies.csv;groups.csv
COMP_0817,GROUP_0070,member_of_group,1,company_to_group,companies.csv;groups.csv
COMP_0818,GROUP_0115,member_of_group,1,company_to_group,companies.csv;groups.csv
COMP_0819,GROUP_0250,member_of_group,1,company_to_group,companies.csv;groups.csv
COMP_0820,GROUP_0158,member_of_group,1,company_to_group,companies.csv;groups.csv
COMP_0821,GROUP_0070,member_of_group,1,company_to_group,companies.csv;groups.csv
COMP_0822,GROUP_0116,member_of_group,1,company_to_group,companies.csv;groups.csv
COMP_0823,GROUP_0115,member_of_group,1,company_to_group,companies.csv;groups.csv
COMP_0824,GROUP_0159,member_of_group,1,company_to_group,companies.csv;groups.csv
COMP_0825,GROUP_0043,member_of_group,1,company_to_group,companies.csv;groups.csv
COMP_0826,GROUP_0250,member_of_group,1,company_to_group,companies.csv;groups.csv
COMP_0827,GROUP_0078,member_of_group,1,company_to_group,companies.csv;groups.csv
COMP_0828,GROUP_0016,member_of_group,1,company_to_group,companies.csv;groups.csv
COMP_0829,GROUP_0153,member_of_group,1,company_to_group,companies.csv;groups.csv
COMP_0830,GROUP_0016,member_of_group,1,company_to_group,companies.csv;groups.csv
COMP_0831,GROUP_0250,member_of_group,1,company_to_group,companies.csv;groups.csv
COMP_0832,GROUP_0014,member_of_group,1,company_to_group,companies.csv;groups.csv
COMP_0833,GROUP_0158,member_of_group,1,company_to_group,companies.csv;groups.csv
COMP_0834,GROUP_0096,member_of_group,1,company_to_group,companies.csv;groups.csv
COMP_0835,GROUP_0250,member_of_group,1,company_to_group,companies.csv;groups.csv
COMP_0836,GROUP_0189,member_of_group,1,company_to_group,companies.csv;groups.csv
COMP_0837,GROUP_0070,member_of_group,1,company_to_group,companies.csv;groups.csv
COMP_0838,GROUP_0250,member_of_group,1,company_to_group,companies.csv;groups.csv
COMP_0839,GROUP_0250,member_of_group,1,company_to_group,companies.csv;groups.csv
COMP_0840,GROUP_0248,member_of_group,1,company_to_group,companies.csv;groups.csv
COMP_0841,GROUP_0005,member_of_group,1,company_to_group,companies.csv;groups.csv
COMP_0842,GROUP_0053,member_of_group,1,company_to_group,companies.csv;groups.csv
COMP_0843,GROUP_0218,member_of_group,1,company_to_group,companies.csv;groups.csv
COMP_0844,GROUP_0088,member_of_group,1,company_to_group,companies.csv;groups.csv
COMP_0845,GROUP_0222,member_of_group,1,company_to_group,companies.csv;groups.csv
COMP_0846,GROUP_0141,member_of_group,1,company_to_group,companies.csv;groups.csv
COMP_0847,GROUP_0037,member_of_group,1,company_to_group,companies.csv;groups.csv
COMP_0848,GROUP_0126,member_of_group,1,company_to_group,companies.csv;groups.csv
COMP_0849,GROUP_0246,member_of_group,1,company_to_group,companies.csv;groups.csv
COMP_0850,GROUP_0114,member_of_group,1,company_to_group,companies.csv;groups.csv
COMP_0851,GROUP_0211,member_of_group,1,company_to_group,companies.csv;groups.csv
COMP_0852,GROUP_0090,member_of_group,1,company_to_group,companies.csv;groups.csv
COMP_0853,GROUP_0001,member_of_group,1,company_to_group,companies.csv;groups.csv
COMP_0854,GROUP_0131,member_of_group,1,company_to_group,companies.csv;groups.csv
COMP_0855,GROUP_0006,member_of_group,1,company_to_group,companies.csv;groups.csv
COMP_0856,GROUP_0101,member_of_group,1,company_to_group,companies.csv;groups.csv
COMP_0857,GROUP_0097,member_of_group,1,company_to_group,companies.csv;groups.csv
COMP_0858,GROUP_0048,member_of_group,1,company_to_group,companies.csv;groups.csv
COMP_0859,GROUP_0150,member_of_group,1,company_to_group,companies.csv;groups.csv
COMP_0860,GROUP_0199,member_of_group,1,company_to_group,companies.csv;groups.csv
COMP_0861,GROUP_0226,member_of_group,1,company_to_group,companies.csv;groups.csv
COMP_0862,GROUP_0132,member_of_group,1,company_to_group,companies.csv;groups.csv
COMP_0863,GROUP_0142,member_of_group,1,company_to_group,companies.csv;groups.csv
COMP_0864,GROUP_0218,member_of_group,1,company_to_group,companies.csv;groups.csv
COMP_0865,GROUP_0230,member_of_group,1,company_to_group,companies.csv;groups.csv
COMP_0866,GROUP_0102,member_of_group,1,company_to_group,companies.csv;groups.csv
COMP_0867,GROUP_0103,member_of_group,1,company_to_group,companies.csv;groups.csv
COMP_0868,GROUP_0096,member_of_group,1,company_to_group,companies.csv;groups.csv
COMP_0869,GROUP_0228,member_of_group,1,company_to_group,companies.csv;groups.csv
COMP_0870,GROUP_0142,member_of_group,1,company_to_group,companies.csv;groups.csv
COMP_0871,GROUP_0021,member_of_group,1,company_to_group,companies.csv;groups.csv
COMP_0872,GROUP_0236,member_of_group,1,company_to_group,companies.csv;groups.csv
COMP_0873,GROUP_0023,member_of_group,1,company_to_group,companies.csv;groups.csv
COMP_0874,GROUP_0185,member_of_group,1,company_to_group,companies.csv;groups.csv
COMP_0875,GROUP_0141,member_of_group,1,company_to_group,companies.csv;groups.csv
COMP_0876,GROUP_0189,member_of_group,1,company_to_group,companies.csv;groups.csv
COMP_0877,GROUP_0127,member_of_group,1,company_to_group,companies.csv;groups.csv
COMP_0878,GROUP_0147,member_of_group,1,company_to_group,companies.csv;groups.csv
COMP_0879,GROUP_0108,member_of_group,1,company_to_group,companies.csv;groups.csv
COMP_0880,GROUP_0218,member_of_group,1,company_to_group,companies.csv;groups.csv
COMP_0881,GROUP_0071,member_of_group,1,company_to_group,companies.csv;groups.csv
COMP_0882,GROUP_0101,member_of_group,1,company_to_group,companies.csv;groups.csv
COMP_0883,GROUP_0194,member_of_group,1,company_to_group,companies.csv;groups.csv
COMP_0884,GROUP_0222,member_of_group,1,company_to_group,companies.csv;groups.csv
COMP_0885,GROUP_0158,member_of_group,1,company_to_group,companies.csv;groups.csv
COMP_0886,GROUP_0161,member_of_group,1,company_to_group,companies.csv;groups.csv
COMP_0887,GROUP_0048,member_of_group,1,company_to_group,companies.csv;groups.csv
COMP_0888,GROUP_0142,member_of_group,1,company_to_group,companies.csv;groups.csv
COMP_0889,GROUP_0130,member_of_group,1,company_to_group,companies.csv;groups.csv
COMP_0890,GROUP_0245,member_of_group,1,company_to_group,companies.csv;groups.csv
COMP_0891,GROUP_0081,member_of_group,1,company_to_group,companies.csv;groups.csv
COMP_0892,GROUP_0142,member_of_group,1,company_to_group,companies.csv;groups.csv
COMP_0893,GROUP_0011,member_of_group,1,company_to_group,companies.csv;groups.csv
COMP_0894,GROUP_0172,member_of_group,1,company_to_group,companies.csv;groups.csv
COMP_0895,GROUP_0016,member_of_group,1,company_to_group,companies.csv;groups.csv
COMP_0896,GROUP_0114,member_of_group,1,company_to_group,companies.csv;groups.csv
COMP_0897,GROUP_0081,member_of_group,1,company_to_group,companies.csv;groups.csv
COMP_0898,GROUP_0011,member_of_group,1,company_to_group,companies.csv;groups.csv
COMP_0899,GROUP_0093,member_of_group,1,company_to_group,companies.csv;groups.csv
COMP_0900,GROUP_0199,member_of_group,1,company_to_group,companies.csv;groups.csv
COMP_0901,GROUP_0017,member_of_group,1,company_to_group,companies.csv;groups.csv
COMP_0902,GROUP_0217,member_of_group,1,company_to_group,companies.csv;groups.csv
COMP_0903,GROUP_0079,member_of_group,1,company_to_group,companies.csv;groups.csv
COMP_0904,GROUP_0129,member_of_group,1,company_to_group,companies.csv;groups.csv
COMP_0905,GROUP_0065,member_of_group,1,company_to_group,companies.csv;groups.csv
COMP_0906,GROUP_0238,member_of_group,1,company_to_group,companies.csv;groups.csv
COMP_0907,GROUP_0022,member_of_group,1,company_to_group,companies.csv;groups.csv
COMP_0908,GROUP_0022,member_of_group,1,company_to_group,companies.csv;groups.csv
COMP_0909,GROUP_0220,member_of_group,1,company_to_group,companies.csv;groups.csv
COMP_0910,GROUP_0172,member_of_group,1,company_to_group,companies.csv;groups.csv
COMP_0911,GROUP_0172,member_of_group,1,company_to_group,companies.csv;groups.csv
COMP_0912,GROUP_0185,member_of_group,1,company_to_group,companies.csv;groups.csv
COMP_0913,GROUP_0108,member_of_group,1,company_to_group,companies.csv;groups.csv
COMP_0914,GROUP_0244,member_of_group,1,company_to_group,companies.csv;groups.csv
COMP_0915,GROUP_0088,member_of_group,1,company_to_group,companies.csv;groups.csv
COMP_0916,GROUP_0150,member_of_group,1,company_to_group,companies.csv;groups.csv
COMP_0917,GROUP_0217,member_of_group,1,company_to_group,companies.csv;groups.csv
COMP_0918,GROUP_0179,member_of_group,1,company_to_group,companies.csv;groups.csv
COMP_0919,GROUP_0230,member_of_group,1,company_to_group,companies.csv;groups.csv
COMP_0920,GROUP_0122,member_of_group,1,company_to_group,companies.csv;groups.csv
COMP_0921,GROUP_0183,member_of_group,1,company_to_group,companies.csv;groups.csv
COMP_0922,GROUP_0096,member_of_group,1,company_to_group,companies.csv;groups.csv
COMP_0923,GROUP_0126,member_of_group,1,company_to_group,companies.csv;groups.csv
COMP_0924,GROUP_0065,member_of_group,1,company_to_group,companies.csv;groups.csv
COMP_0925,GROUP_0021,member_of_group,1,company_to_group,companies.csv;groups.csv
COMP_0926,GROUP_0217,member_of_group,1,company_to_group,companies.csv;groups.csv
COMP_0927,GROUP_0108,member_of_group,1,company_to_group,companies.csv;groups.csv
COMP_0928,GROUP_0131,member_of_group,1,company_to_group,companies.csv;groups.csv
COMP_0929,GROUP_0067,member_of_group,1,company_to_group,companies.csv;groups.csv
COMP_0930,GROUP_0246,member_of_group,1,company_to_group,companies.csv;groups.csv
COMP_0931,GROUP_0084,member_of_group,1,company_to_group,companies.csv;groups.csv
COMP_0932,GROUP_0081,member_of_group,1,company_to_group,companies.csv;groups.csv
COMP_0933,GROUP_0152,member_of_group,1,company_to_group,companies.csv;groups.csv
COMP_0934,GROUP_0184,member_of_group,1,company_to_group,companies.csv;groups.csv
COMP_0935,GROUP_0018,member_of_group,1,company_to_group,companies.csv;groups.csv
COMP_0936,GROUP_0046,member_of_group,1,company_to_group,companies.csv;groups.csv
COMP_0937,GROUP_0172,member_of_group,1,company_to_group,companies.csv;groups.csv
COMP_0938,GROUP_0050,member_of_group,1,company_to_group,companies.csv;groups.csv
COMP_0939,GROUP_0001,member_of_group,1,company_to_group,companies.csv;groups.csv
COMP_0940,GROUP_0217,member_of_group,1,company_to_group,companies.csv;groups.csv
COMP_0941,GROUP_0158,member_of_group,1,company_to_group,companies.csv;groups.csv
COMP_0942,GROUP_0016,member_of_group,1,company_to_group,companies.csv;groups.csv
COMP_0943,GROUP_0173,member_of_group,1,company_to_group,companies.csv;groups.csv
COMP_0944,GROUP_0104,member_of_group,1,company_to_group,companies.csv;groups.csv
COMP_0945,GROUP_0162,member_of_group,1,company_to_group,companies.csv;groups.csv
COMP_0946,GROUP_0143,member_of_group,1,company_to_group,companies.csv;groups.csv
COMP_0947,GROUP_0158,member_of_group,1,company_to_group,companies.csv;groups.csv
COMP_0948,GROUP_0189,member_of_group,1,company_to_group,companies.csv;groups.csv
COMP_0949,GROUP_0064,member_of_group,1,company_to_group,companies.csv;groups.csv
COMP_0950,GROUP_0082,member_of_group,1,company_to_group,companies.csv;groups.csv
COMP_0951,GROUP_0218,member_of_group,1,company_to_group,companies.csv;groups.csv
COMP_0952,GROUP_0103,member_of_group,1,company_to_group,companies.csv;groups.csv
COMP_0953,GROUP_0070,member_of_group,1,company_to_group,companies.csv;groups.csv
COMP_0954,GROUP_0011,member_of_group,1,company_to_group,companies.csv;groups.csv
COMP_0955,GROUP_0035,member_of_group,1,company_to_group,companies.csv;groups.csv
COMP_0956,GROUP_0166,member_of_group,1,company_to_group,companies.csv;groups.csv
COMP_0957,GROUP_0006,member_of_group,1,company_to_group,companies.csv;groups.csv
COMP_0958,GROUP_0200,member_of_group,1,company_to_group,companies.csv;groups.csv
COMP_0959,GROUP_0013,member_of_group,1,company_to_group,companies.csv;groups.csv
COMP_0960,GROUP_0137,member_of_group,1,company_to_group,companies.csv;groups.csv
COMP_0961,GROUP_0101,member_of_group,1,company_to_group,companies.csv;groups.csv
COMP_0962,GROUP_0154,member_of_group,1,company_to_group,companies.csv;groups.csv
COMP_0963,GROUP_0159,member_of_group,1,company_to_group,companies.csv;groups.csv
COMP_0964,GROUP_0039,member_of_group,1,company_to_group,companies.csv;groups.csv
COMP_0965,GROUP_0229,member_of_group,1,company_to_group,companies.csv;groups.csv
COMP_0966,GROUP_0094,member_of_group,1,company_to_group,companies.csv;groups.csv
COMP_0967,GROUP_0142,member_of_group,1,company_to_group,companies.csv;groups.csv
COMP_0968,GROUP_0129,member_of_group,1,company_to_group,companies.csv;groups.csv
COMP_0969,GROUP_0158,member_of_group,1,company_to_group,companies.csv;groups.csv
COMP_0970,GROUP_0011,member_of_group,1,company_to_group,companies.csv;groups.csv
COMP_0971,GROUP_0152,member_of_group,1,company_to_group,companies.csv;groups.csv
COMP_0972,GROUP_0170,member_of_group,1,company_to_group,companies.csv;groups.csv
COMP_0973,GROUP_0013,member_of_group,1,company_to_group,companies.csv;groups.csv
COMP_0974,GROUP_0195,member_of_group,1,company_to_group,companies.csv;groups.csv
COMP_0975,GROUP_0237,member_of_group,1,company_to_group,companies.csv;groups.csv
COMP_0976,GROUP_0149,member_of_group,1,company_to_group,companies.csv;groups.csv
COMP_0977,GROUP_0080,member_of_group,1,company_to_group,companies.csv;groups.csv
COMP_0978,GROUP_0142,member_of_group,1,company_to_group,companies.csv;groups.csv
COMP_0979,GROUP_0018,member_of_group,1,company_to_group,companies.csv;groups.csv
COMP_0980,GROUP_0118,member_of_group,1,company_to_group,companies.csv;groups.csv
COMP_0981,GROUP_0118,member_of_group,1,company_to_group,companies.csv;groups.csv
COMP_0982,GROUP_0207,member_of_group,1,company_to_group,companies.csv;groups.csv
COMP_0983,GROUP_0118,member_of_group,1,company_to_group,companies.csv;groups.csv
COMP_0984,GROUP_0218,member_of_group,1,company_to_group,companies.csv;groups.csv
COMP_0985,GROUP_0141,member_of_group,1,company_to_group,companies.csv;groups.csv
COMP_0986,GROUP_0044,member_of_group,1,company_to_group,companies.csv;groups.csv
COMP_0987,GROUP_0035,member_of_group,1,company_to_group,companies.csv;groups.csv
COMP_0988,GROUP_0236,member_of_group,1,company_to_group,companies.csv;groups.csv
COMP_0989,GROUP_0038,member_of_group,1,company_to_group,companies.csv;groups.csv
COMP_0990,GROUP_0211,member_of_group,1,company_to_group,companies.csv;groups.csv
COMP_0991,GROUP_0127,member_of_group,1,company_to_group,companies.csv;groups.csv
COMP_0992,GROUP_0185,member_of_group,1,company_to_group,companies.csv;groups.csv
COMP_0993,GROUP_0226,member_of_group,1,company_to_group,companies.csv;groups.csv
COMP_0994,GROUP_0037,member_of_group,1,company_to_group,companies.csv;groups.csv
COMP_0995,GROUP_0113,member_of_group,1,company_to_group,companies.csv;groups.csv
COMP_0996,GROUP_0203,member_of_group,1,company_to_group,companies.csv;groups.csv
COMP_0997,GROUP_0117,member_of_group,1,company_to_group,companies.csv;groups.csv
COMP_0998,GROUP_0192,member_of_group,1,company_to_group,companies.csv;groups.csv
COMP_0999,GROUP_0222,member_of_group,1,company_to_group,companies.csv;groups.csv
COMP_1000,GROUP_0105,member_of_group,1,company_to_group,companies.csv;groups.csv
COMP_1001,GROUP_0143,member_of_group,1,company_to_group,companies.csv;groups.csv
COMP_1002,GROUP_0185,member_of_group,1,company_to_group,companies.csv;groups.csv
COMP_1003,GROUP_0132,member_of_group,1,company_to_group,companies.csv;groups.csv
COMP_1004,GROUP_0109,member_of_group,1,company_to_group,companies.csv;groups.csv
COMP_1005,GROUP_0172,member_of_group,1,company_to_group,companies.csv;groups.csv
COMP_1006,GROUP_0163,member_of_group,1,company_to_group,companies.csv;groups.csv
COMP_1007,GROUP_0159,member_of_group,1,company_to_group,companies.csv;groups.csv
COMP_1008,GROUP_0220,member_of_group,1,company_to_group,companies.csv;groups.csv
COMP_1009,GROUP_0059,member_of_group,1,company_to_group,companies.csv;groups.csv
COMP_1010,GROUP_0138,member_of_group,1,company_to_group,companies.csv;groups.csv
COMP_1011,GROUP_0155,member_of_group,1,company_to_group,companies.csv;groups.csv
COMP_1012,GROUP_0032,member_of_group,1,company_to_group,companies.csv;groups.csv
COMP_1013,GROUP_0108,member_of_group,1,company_to_group,companies.csv;groups.csv
COMP_1014,GROUP_0132,member_of_group,1,company_to_group,companies.csv;groups.csv
COMP_1015,GROUP_0132,member_of_group,1,company_to_group,companies.csv;groups.csv
COMP_1016,GROUP_0069,member_of_group,1,company_to_group,companies.csv;groups.csv
COMP_1017,GROUP_0108,member_of_group,1,company_to_group,companies.csv;groups.csv
COMP_1018,GROUP_0060,member_of_group,1,company_to_group,companies.csv;groups.csv
COMP_1019,GROUP_0118,member_of_group,1,company_to_group,companies.csv;groups.csv
COMP_1020,GROUP_0195,member_of_group,1,company_to_group,companies.csv;groups.csv
COMP_1021,GROUP_0236,member_of_group,1,company_to_group,companies.csv;groups.csv
COMP_1022,GROUP_0126,member_of_group,1,company_to_group,companies.csv;groups.csv
COMP_1023,GROUP_0119,member_of_group,1,company_to_group,companies.csv;groups.csv
COMP_1024,GROUP_0226,member_of_group,1,company_to_group,companies.csv;groups.csv
COMP_1025,GROUP_0032,member_of_group,1,company_to_group,companies.csv;groups.csv
COMP_1026,GROUP_0186,member_of_group,1,company_to_group,companies.csv;groups.csv
COMP_1027,GROUP_0095,member_of_group,1,company_to_group,companies.csv;groups.csv
COMP_1028,GROUP_0069,member_of_group,1,company_to_group,companies.csv;groups.csv
COMP_1029,GROUP_0016,member_of_group,1,company_to_group,companies.csv;groups.csv
COMP_1030,GROUP_0108,member_of_group,1,company_to_group,companies.csv;groups.csv
COMP_1031,GROUP_0187,member_of_group,1,company_to_group,companies.csv;groups.csv
COMP_1032,GROUP_0023,member_of_group,1,company_to_group,companies.csv;groups.csv
COMP_1033,GROUP_0142,member_of_group,1,company_to_group,companies.csv;groups.csv
COMP_1034,GROUP_0128,member_of_group,1,company_to_group,companies.csv;groups.csv
COMP_1035,GROUP_0148,member_of_group,1,company_to_group,companies.csv;groups.csv
COMP_1036,GROUP_0121,member_of_group,1,company_to_group,companies.csv;groups.csv
COMP_1037,GROUP_0081,member_of_group,1,company_to_group,companies.csv;groups.csv
COMP_1038,GROUP_0018,member_of_group,1,company_to_group,companies.csv;groups.csv
COMP_1039,GROUP_0146,member_of_group,1,company_to_group,companies.csv;groups.csv
COMP_1040,GROUP_0056,member_of_group,1,company_to_group,companies.csv;groups.csv
COMP_1041,GROUP_0007,member_of_group,1,company_to_group,companies.csv;groups.csv
COMP_1042,GROUP_0012,member_of_group,1,company_to_group,companies.csv;groups.csv
COMP_1043,GROUP_0047,member_of_group,1,company_to_group,companies.csv;groups.csv
COMP_1044,GROUP_0076,member_of_group,1,company_to_group,companies.csv;groups.csv
COMP_1045,GROUP_0141,member_of_group,1,company_to_group,companies.csv;groups.csv
COMP_1046,GROUP_0079,member_of_group,1,company_to_group,companies.csv;groups.csv
COMP_1047,GROUP_0092,member_of_group,1,company_to_group,companies.csv;groups.csv
COMP_1048,GROUP_0067,member_of_group,1,company_to_group,companies.csv;groups.csv
COMP_1049,GROUP_0025,member_of_group,1,company_to_group,companies.csv;groups.csv
COMP_1050,GROUP_0047,member_of_group,1,company_to_group,companies.csv;groups.csv
COMP_1051,GROUP_0095,member_of_group,1,company_to_group,companies.csv;groups.csv
COMP_1052,GROUP_0222,member_of_group,1,company_to_group,companies.csv;groups.csv
COMP_1053,GROUP_0002,member_of_group,1,company_to_group,companies.csv;groups.csv
COMP_1054,GROUP_0159,member_of_group,1,company_to_group,companies.csv;groups.csv
COMP_1055,GROUP_0087,member_of_group,1,company_to_group,companies.csv;groups.csv
COMP_1056,GROUP_0152,member_of_group,1,company_to_group,companies.csv;groups.csv
COMP_1057,GROUP_0218,member_of_group,1,company_to_group,companies.csv;groups.csv
COMP_1058,GROUP_0124,member_of_group,1,company_to_group,companies.csv;groups.csv
COMP_1059,GROUP_0131,member_of_group,1,company_to_group,companies.csv;groups.csv
COMP_1060,GROUP_0138,member_of_group,1,company_to_group,companies.csv;groups.csv
COMP_1061,GROUP_0111,member_of_group,1,company_to_group,companies.csv;groups.csv
COMP_1062,GROUP_0048,member_of_group,1,company_to_group,companies.csv;groups.csv
COMP_1063,GROUP_0222,member_of_group,1,company_to_group,companies.csv;groups.csv
COMP_1064,GROUP_0056,member_of_group,1,company_to_group,companies.csv;groups.csv
COMP_1065,GROUP_0215,member_of_group,1,company_to_group,companies.csv;groups.csv
COMP_1066,GROUP_0051,member_of_group,1,company_to_group,companies.csv;groups.csv
COMP_1067,GROUP_0211,member_of_group,1,company_to_group,companies.csv;groups.csv
COMP_1068,GROUP_0209,member_of_group,1,company_to_group,companies.csv;groups.csv
COMP_1069,GROUP_0155,member_of_group,1,company_to_group,companies.csv;groups.csv
COMP_1070,GROUP_0031,member_of_group,1,company_to_group,companies.csv;groups.csv
COMP_1071,GROUP_0164,member_of_group,1,company_to_group,companies.csv;groups.csv
COMP_1072,GROUP_0081,member_of_group,1,company_to_group,companies.csv;groups.csv
COMP_1073,GROUP_0142,member_of_group,1,company_to_group,companies.csv;groups.csv
COMP_1074,GROUP_0238,member_of_group,1,company_to_group,companies.csv;groups.csv
COMP_1075,GROUP_0022,member_of_group,1,company_to_group,companies.csv;groups.csv
COMP_1076,GROUP_0131,member_of_group,1,company_to_group,companies.csv;groups.csv
COMP_1077,GROUP_0081,member_of_group,1,company_to_group,companies.csv;groups.csv
COMP_1078,GROUP_0013,member_of_group,1,company_to_group,companies.csv;groups.csv
COMP_1079,GROUP_0141,member_of_group,1,company_to_group,companies.csv;groups.csv
COMP_1080,GROUP_0007,member_of_group,1,company_to_group,companies.csv;groups.csv
COMP_1081,GROUP_0108,member_of_group,1,company_to_group,companies.csv;groups.csv
COMP_1082,GROUP_0142,member_of_group,1,company_to_group,companies.csv;groups.csv
COMP_1083,GROUP_0199,member_of_group,1,company_to_group,companies.csv;groups.csv
COMP_1084,GROUP_0172,member_of_group,1,company_to_group,companies.csv;groups.csv
COMP_1085,GROUP_0137,member_of_group,1,company_to_group,companies.csv;groups.csv
COMP_1086,GROUP_0193,member_of_group,1,company_to_group,companies.csv;groups.csv
COMP_1087,GROUP_0182,member_of_group,1,company_to_group,companies.csv;groups.csv
COMP_1088,GROUP_0234,member_of_group,1,company_to_group,companies.csv;groups.csv
COMP_1089,GROUP_0108,member_of_group,1,company_to_group,companies.csv;groups.csv
COMP_1090,GROUP_0070,member_of_group,1,company_to_group,companies.csv;groups.csv
COMP_1091,GROUP_0103,member_of_group,1,company_to_group,companies.csv;groups.csv
COMP_1092,GROUP_0236,member_of_group,1,company_to_group,companies.csv;groups.csv
COMP_1093,GROUP_0200,member_of_group,1,company_to_group,companies.csv;groups.csv
COMP_1094,GROUP_0017,member_of_group,1,company_to_group,companies.csv;groups.csv
COMP_1095,GROUP_0118,member_of_group,1,company_to_group,companies.csv;groups.csv
COMP_1096,GROUP_0125,member_of_group,1,company_to_group,companies.csv;groups.csv
COMP_1097,GROUP_0044,member_of_group,1,company_to_group,companies.csv;groups.csv
COMP_1098,GROUP_0103,member_of_group,1,company_to_group,companies.csv;groups.csv
COMP_1099,GROUP_0125,member_of_group,1,company_to_group,companies.csv;groups.csv
COMP_1100,GROUP_0070,member_of_group,1,company_to_group,companies.csv;groups.csv
COMP_1101,GROUP_0236,member_of_group,1,company_to_group,companies.csv;groups.csv
COMP_1102,GROUP_0087,member_of_group,1,company_to_group,companies.csv;groups.csv
COMP_1103,GROUP_0236,member_of_group,1,company_to_group,companies.csv;groups.csv
COMP_1104,GROUP_0107,member_of_group,1,company_to_group,companies.csv;groups.csv
COMP_1105,GROUP_0094,member_of_group,1,company_to_group,companies.csv;groups.csv
COMP_1106,GROUP_0056,member_of_group,1,company_to_group,companies.csv;groups.csv
COMP_1107,GROUP_0103,member_of_group,1,company_to_group,companies.csv;groups.csv
COMP_1108,GROUP_0119,member_of_group,1,company_to_group,companies.csv;groups.csv
COMP_1109,GROUP_0205,member_of_group,1,company_to_group,companies.csv;groups.csv
COMP_1110,GROUP_0182,member_of_group,1,company_to_group,companies.csv;groups.csv
COMP_1111,GROUP_0169,member_of_group,1,company_to_group,companies.csv;groups.csv
COMP_1112,GROUP_0170,member_of_group,1,company_to_group,companies.csv;groups.csv
COMP_1113,GROUP_0018,member_of_group,1,company_to_group,companies.csv;groups.csv
COMP_1114,GROUP_0236,member_of_group,1,company_to_group,companies.csv;groups.csv
COMP_1115,GROUP_0064,member_of_group,1,company_to_group,companies.csv;groups.csv
COMP_1116,GROUP_0169,member_of_group,1,company_to_group,companies.csv;groups.csv
COMP_1117,GROUP_0139,member_of_group,1,company_to_group,companies.csv;groups.csv
COMP_1118,GROUP_0023,member_of_group,1,company_to_group,companies.csv;groups.csv
COMP_1119,GROUP_0187,member_of_group,1,company_to_group,companies.csv;groups.csv
COMP_1120,GROUP_0250,member_of_group,1,company_to_group,companies.csv;groups.csv
COMP_1121,GROUP_0165,member_of_group,1,company_to_group,companies.csv;groups.csv
COMP_1122,GROUP_0132,member_of_group,1,company_to_group,companies.csv;groups.csv
COMP_1123,GROUP_0126,member_of_group,1,company_to_group,companies.csv;groups.csv
COMP_1124,GROUP_0148,member_of_group,1,company_to_group,companies.csv;groups.csv
COMP_1125,GROUP_0063,member_of_group,1,company_to_group,companies.csv;groups.csv
COMP_1126,GROUP_0149,member_of_group,1,company_to_group,companies.csv;groups.csv
COMP_1127,GROUP_0108,member_of_group,1,company_to_group,companies.csv;groups.csv
COMP_1128,GROUP_0085,member_of_group,1,company_to_group,companies.csv;groups.csv
COMP_1129,GROUP_0024,member_of_group,1,company_to_group,companies.csv;groups.csv
COMP_1130,GROUP_0126,member_of_group,1,company_to_group,companies.csv;groups.csv
COMP_1131,GROUP_0143,member_of_group,1,company_to_group,companies.csv;groups.csv
COMP_1132,GROUP_0114,member_of_group,1,company_to_group,companies.csv;groups.csv
COMP_1133,GROUP_0086,member_of_group,1,company_to_group,companies.csv;groups.csv
COMP_1134,GROUP_0035,member_of_group,1,company_to_group,companies.csv;groups.csv
COMP_1135,GROUP_0081,member_of_group,1,company_to_group,companies.csv;groups.csv
COMP_1136,GROUP_0222,member_of_group,1,company_to_group,companies.csv;groups.csv
COMP_1137,GROUP_0159,member_of_group,1,company_to_group,companies.csv;groups.csv
COMP_1138,GROUP_0155,member_of_group,1,company_to_group,companies.csv;groups.csv
COMP_1139,GROUP_0197,member_of_group,1,company_to_group,companies.csv;groups.csv
COMP_1140,GROUP_0011,member_of_group,1,company_to_group,companies.csv;groups.csv
COMP_1141,GROUP_0009,member_of_group,1,company_to_group,companies.csv;groups.csv
COMP_1142,GROUP_0202,member_of_group,1,company_to_group,companies.csv;groups.csv
COMP_1143,GROUP_0079,member_of_group,1,company_to_group,companies.csv;groups.csv
COMP_1144,GROUP_0064,member_of_group,1,company_to_group,companies.csv;groups.csv
COMP_1145,GROUP_0092,member_of_group,1,company_to_group,companies.csv;groups.csv
COMP_1146,GROUP_0032,member_of_group,1,company_to_group,companies.csv;groups.csv
COMP_1147,GROUP_0181,member_of_group,1,company_to_group,companies.csv;groups.csv
COMP_1148,GROUP_0165,member_of_group,1,company_to_group,companies.csv;groups.csv
COMP_1149,GROUP_0057,member_of_group,1,company_to_group,companies.csv;groups.csv
COMP_1150,GROUP_0106,member_of_group,1,company_to_group,companies.csv;groups.csv
COMP_1151,GROUP_0016,member_of_group,1,company_to_group,companies.csv;groups.csv
COMP_1152,GROUP_0128,member_of_group,1,company_to_group,companies.csv;groups.csv
COMP_1153,GROUP_0150,member_of_group,1,company_to_group,companies.csv;groups.csv
COMP_1154,GROUP_0023,member_of_group,1,company_to_group,companies.csv;groups.csv
COMP_1155,GROUP_0150,member_of_group,1,company_to_group,companies.csv;groups.csv
COMP_1156,GROUP_0141,member_of_group,1,company_to_group,companies.csv;groups.csv
COMP_1157,GROUP_0150,member_of_group,1,company_to_group,companies.csv;groups.csv
COMP_1158,GROUP_0222,member_of_group,1,company_to_group,companies.csv;groups.csv
COMP_1159,GROUP_0235,member_of_group,1,company_to_group,companies.csv;groups.csv
COMP_1160,GROUP_0158,member_of_group,1,company_to_group,companies.csv;groups.csv
COMP_1161,GROUP_0047,member_of_group,1,company_to_group,companies.csv;groups.csv
COMP_1162,GROUP_0116,member_of_group,1,company_to_group,companies.csv;groups.csv
COMP_1163,GROUP_0101,member_of_group,1,company_to_group,companies.csv;groups.csv
COMP_1164,GROUP_0095,member_of_group,1,company_to_group,companies.csv;groups.csv
COMP_1165,GROUP_0108,member_of_group,1,company_to_group,companies.csv;groups.csv
COMP_1166,GROUP_0086,member_of_group,1,company_to_group,companies.csv;groups.csv
COMP_1167,GROUP_0212,member_of_group,1,company_to_group,companies.csv;groups.csv
COMP_1168,GROUP_0037,member_of_group,1,company_to_group,companies.csv;groups.csv
COMP_1169,GROUP_0095,member_of_group,1,company_to_group,companies.csv;groups.csv
COMP_1170,GROUP_0090,member_of_group,1,company_to_group,companies.csv;groups.csv
COMP_1171,GROUP_0139,member_of_group,1,company_to_group,companies.csv;groups.csv
COMP_1172,GROUP_0053,member_of_group,1,company_to_group,companies.csv;groups.csv
COMP_1173,GROUP_0202,member_of_group,1,company_to_group,companies.csv;groups.csv
COMP_1174,GROUP_0148,member_of_group,1,company_to_group,companies.csv;groups.csv
COMP_1175,GROUP_0196,member_of_group,1,company_to_group,companies.csv;groups.csv
COMP_1176,GROUP_0184,member_of_group,1,company_to_group,companies.csv;groups.csv
COMP_1177,GROUP_0120,member_of_group,1,company_to_group,companies.csv;groups.csv
COMP_1178,GROUP_0159,member_of_group,1,company_to_group,companies.csv;groups.csv
COMP_1179,GROUP_0239,member_of_group,1,company_to_group,companies.csv;groups.csv
COMP_1180,GROUP_0103,member_of_group,1,company_to_group,companies.csv;groups.csv
COMP_1181,GROUP_0009,member_of_group,1,company_to_group,companies.csv;groups.csv
COMP_1182,GROUP_0022,member_of_group,1,company_to_group,companies.csv;groups.csv
COMP_1183,GROUP_0018,member_of_group,1,company_to_group,companies.csv;groups.csv
COMP_1184,GROUP_0211,member_of_group,1,company_to_group,companies.csv;groups.csv
COMP_1185,GROUP_0126,member_of_group,1,company_to_group,companies.csv;groups.csv
COMP_1186,GROUP_0135,member_of_group,1,company_to_group,companies.csv;groups.csv
COMP_1187,GROUP_0179,member_of_group,1,company_to_group,companies.csv;groups.csv
COMP_1188,GROUP_0004,member_of_group,1,company_to_group,companies.csv;groups.csv
COMP_1189,GROUP_0159,member_of_group,1,company_to_group,companies.csv;groups.csv
COMP_1190,GROUP_0119,member_of_group,1,company_to_group,companies.csv;groups.csv
COMP_1191,GROUP_0139,member_of_group,1,company_to_group,companies.csv;groups.csv
COMP_1192,GROUP_0094,member_of_group,1,company_to_group,companies.csv;groups.csv
COMP_1193,GROUP_0081,member_of_group,1,company_to_group,companies.csv;groups.csv
COMP_1194,GROUP_0230,member_of_group,1,company_to_group,companies.csv;groups.csv
COMP_1195,GROUP_0171,member_of_group,1,company_to_group,companies.csv;groups.csv
COMP_1196,GROUP_0222,member_of_group,1,company_to_group,companies.csv;groups.csv
COMP_1197,GROUP_0217,member_of_group,1,company_to_group,companies.csv;groups.csv
COMP_1198,GROUP_0218,member_of_group,1,company_to_group,companies.csv;groups.csv
COMP_1199,GROUP_0016,member_of_group,1,company_to_group,companies.csv;groups.csv
COMP_1200,GROUP_0138,member_of_group,1,company_to_group,companies.csv;groups.csv
COMP_1201,GROUP_0211,member_of_group,1,company_to_group,companies.csv;groups.csv
COMP_1202,GROUP_0115,member_of_group,1,company_to_group,companies.csv;groups.csv
COMP_1203,GROUP_0216,member_of_group,1,company_to_group,companies.csv;groups.csv
COMP_1204,GROUP_0100,member_of_group,1,company_to_group,companies.csv;groups.csv
COMP_1205,GROUP_0011,member_of_group,1,company_to_group,companies.csv;groups.csv
COMP_1206,GROUP_0084,member_of_group,1,company_to_group,companies.csv;groups.csv
COMP_1207,GROUP_0132,member_of_group,1,company_to_group,companies.csv;groups.csv
COMP_1208,GROUP_0104,member_of_group,1,company_to_group,companies.csv;groups.csv
COMP_1209,GROUP_0079,member_of_group,1,company_to_group,companies.csv;groups.csv
COMP_1210,GROUP_0015,member_of_group,1,company_to_group,companies.csv;groups.csv
COMP_1211,GROUP_0103,member_of_group,1,company_to_group,companies.csv;groups.csv
COMP_1212,GROUP_0118,member_of_group,1,company_to_group,companies.csv;groups.csv
COMP_1213,GROUP_0158,member_of_group,1,company_to_group,companies.csv;groups.csv
COMP_1214,GROUP_0100,member_of_group,1,company_to_group,companies.csv;groups.csv
COMP_1215,GROUP_0168,member_of_group,1,company_to_group,companies.csv;groups.csv
COMP_1216,GROUP_0127,member_of_group,1,company_to_group,companies.csv;groups.csv
COMP_1217,GROUP_0144,member_of_group,1,company_to_group,companies.csv;groups.csv
COMP_1218,GROUP_0084,member_of_group,1,company_to_group,companies.csv;groups.csv
COMP_1219,GROUP_0142,member_of_group,1,company_to_group,companies.csv;groups.csv
COMP_1220,GROUP_0169,member_of_group,1,company_to_group,companies.csv;groups.csv
COMP_1221,GROUP_0169,member_of_group,1,company_to_group,companies.csv;groups.csv
COMP_1222,GROUP_0137,member_of_group,1,company_to_group,companies.csv;groups.csv
COMP_1223,GROUP_0141,member_of_group,1,company_to_group,companies.csv;groups.csv
COMP_1224,GROUP_0143,member_of_group,1,company_to_group,companies.csv;groups.csv
COMP_1225,GROUP_0044,member_of_group,1,company_to_group,companies.csv;groups.csv
COMP_1226,GROUP_0160,member_of_group,1,company_to_group,companies.csv;groups.csv
COMP_1227,GROUP_0244,member_of_group,1,company_to_group,companies.csv;groups.csv
COMP_1228,GROUP_0049,member_of_group,1,company_to_group,companies.csv;groups.csv
COMP_1229,GROUP_0009,member_of_group,1,company_to_group,companies.csv;groups.csv
COMP_1230,GROUP_0019,member_of_group,1,company_to_group,companies.csv;groups.csv
COMP_1231,GROUP_0234,member_of_group,1,company_to_group,companies.csv;groups.csv
COMP_1232,GROUP_0237,member_of_group,1,company_to_group,companies.csv;groups.csv
COMP_1233,GROUP_0208,member_of_group,1,company_to_group,companies.csv;groups.csv
COMP_1234,GROUP_0142,member_of_group,1,company_to_group,companies.csv;groups.csv
COMP_1235,GROUP_0054,member_of_group,1,company_to_group,companies.csv;groups.csv
COMP_1236,GROUP_0157,member_of_group,1,company_to_group,companies.csv;groups.csv
COMP_1237,GROUP_0206,member_of_group,1,company_to_group,companies.csv;groups.csv
COMP_1238,GROUP_0142,member_of_group,1,company_to_group,companies.csv;groups.csv
COMP_1239,GROUP_0250,member_of_group,1,company_to_group,companies.csv;groups.csv
COMP_1240,GROUP_0250,member_of_group,1,company_to_group,companies.csv;groups.csv
COMP_1241,GROUP_0250,member_of_group,1,company_to_group,companies.csv;groups.csv
COMP_1242,GROUP_0122,member_of_group,1,company_to_group,companies.csv;groups.csv
COMP_1243,GROUP_0104,member_of_group,1,company_to_group,companies.csv;groups.csv
COMP_1244,GROUP_0013,member_of_group,1,company_to_group,companies.csv;groups.csv
COMP_1245,GROUP_0022,member_of_group,1,company_to_group,companies.csv;groups.csv
COMP_1246,GROUP_0138,member_of_group,1,company_to_group,companies.csv;groups.csv
COMP_1247,GROUP_0217,member_of_group,1,company_to_group,companies.csv;groups.csv
COMP_1248,GROUP_0066,member_of_group,1,company_to_group,companies.csv;groups.csv
COMP_1249,GROUP_0090,member_of_group,1,company_to_group,companies.csv;groups.csv
COMP_1250,GROUP_0065,member_of_group,1,company_to_group,companies.csv;groups.csv
COMP_1251,GROUP_0217,member_of_group,1,company_to_group,companies.csv;groups.csv
COMP_1252,GROUP_0070,member_of_group,1,company_to_group,companies.csv;groups.csv
COMP_1253,GROUP_0096,member_of_group,1,company_to_group,companies.csv;groups.csv
COMP_1254,GROUP_0040,member_of_group,1,company_to_group,companies.csv;groups.csv
COMP_1255,GROUP_0194,member_of_group,1,company_to_group,companies.csv;groups.csv
COMP_1256,GROUP_0079,member_of_group,1,company_to_group,companies.csv;groups.csv
COMP_1257,GROUP_0222,member_of_group,1,company_to_group,companies.csv;groups.csv
COMP_1258,GROUP_0056,member_of_group,1,company_to_group,companies.csv;groups.csv
COMP_1259,GROUP_0151,member_of_group,1,company_to_group,companies.csv;groups.csv
COMP_1260,GROUP_0011,member_of_group,1,company_to_group,companies.csv;groups.csv
COMP_1261,GROUP_0011,member_of_group,1,company_to_group,companies.csv;groups.csv
COMP_1262,GROUP_0026,member_of_group,1,company_to_group,companies.csv;groups.csv
COMP_1263,GROUP_0091,member_of_group,1,company_to_group,companies.csv;groups.csv
COMP_1264,GROUP_0155,member_of_group,1,company_to_group,companies.csv;groups.csv
COMP_1265,GROUP_0078,member_of_group,1,company_to_group,companies.csv;groups.csv
COMP_1266,GROUP_0087,member_of_group,1,company_to_group,companies.csv;groups.csv
COMP_1267,GROUP_0095,member_of_group,1,company_to_group,companies.csv;groups.csv
COMP_1268,GROUP_0027,member_of_group,1,company_to_group,companies.csv;groups.csv
COMP_1269,GROUP_0019,member_of_group,1,company_to_group,companies.csv;groups.csv
COMP_1270,GROUP_0020,member_of_group,1,company_to_group,companies.csv;groups.csv
COMP_1271,GROUP_0172,member_of_group,1,company_to_group,companies.csv;groups.csv
COMP_1272,GROUP_0077,member_of_group,1,company_to_group,companies.csv;groups.csv
COMP_1273,GROUP_0241,member_of_group,1,company_to_group,companies.csv;groups.csv
COMP_1274,GROUP_0213,member_of_group,1,company_to_group,companies.csv;groups.csv
COMP_1275,GROUP_0067,member_of_group,1,company_to_group,companies.csv;groups.csv
COMP_1276,GROUP_0103,member_of_group,1,company_to_group,companies.csv;groups.csv
COMP_1277,GROUP_0200,member_of_group,1,company_to_group,companies.csv;groups.csv
COMP_1278,GROUP_0222,member_of_group,1,company_to_group,companies.csv;groups.csv
COMP_1279,GROUP_0035,member_of_group,1,company_to_group,companies.csv;groups.csv
COMP_1280,GROUP_0159,member_of_group,1,company_to_group,companies.csv;groups.csv
COMP_1281,GROUP_0218,member_of_group,1,company_to_group,companies.csv;groups.csv
COMP_1282,GROUP_0218,member_of_group,1,company_to_group,companies.csv;groups.csv
COMP_1283,GROUP_0170,member_of_group,1,company_to_group,companies.csv;groups.csv
COMP_1284,GROUP_0149,member_of_group,1,company_to_group,companies.csv;groups.csv
COMP_1285,GROUP_0149,member_of_group,1,company_to_group,companies.csv;groups.csv
COMP_1286,GROUP_0030,member_of_group,1,company_to_group,companies.csv;groups.csv
