company_id,final_score,trajectory,persistence,group_id,country,currency,erp,created_at,base_score,base_score_band,behavioral_cohort,group_size_in_sample,group_erp,coverage_pct,months_available,currency_scope,rule_version,data_cutoff,primary_fallback_used,drift_fallback_used
COMP_0001,75.4,improving,unconfirmed,GROUP_0147,,EUR,sage200,2026-03-11 12:20:06,75.4,70-80,70-80|improving,3,,0.88,8,EUR_only,v2.0.0-w3-h9,2026-09-01,False,True
COMP_0002,50.2,deteriorating,confirmed,GROUP_0125,Portugal,EUR,,2024-05-30 15:14:10,60.2,60-70,60-70|deteriorating,3,Netsuite,0.75,8,EUR_only,v2.0.0-w3-h9,2026-09-01,False,True
COMP_0003,96.6,improving,confirmed,GROUP_0044,,EUR,businessCentral,2026-06-19 11:55:34,86.6,80-90,80-90|improving,13,,0.5,8,EUR_only,v2.0.0-w3-h9,2026-09-01,False,True
COMP_0004,51.8,stable,unconfirmed,GROUP_0058,ES,EUR,businessCentral,2026-02-25 08:10:06,51.8,50-60,50-60|stable,3,,1.0,9,EUR_only,v2.0.0-w3-h9,2026-09-01,False,True
COMP_0005,60.0,stable,unconfirmed,GROUP_0092,,EUR,,2026-07-02 14:59:39,60.0,60-70,60-70|stable,6,,0.32,19,EUR_only,v2.0.0-w3-h9,2026-09-01,False,False
COMP_0006,64.7,improving,unconfirmed,GROUP_0195,,EUR,businessCentral,2026-01-09 10:39:38,64.7,60-70,60-70|improving,6,,0.5,12,EUR_only,v2.0.0-w3-h9,2026-09-01,False,True
COMP_0007,66.2,deteriorating,unconfirmed,GROUP_0064,,EUR,,2026-03-10 11:53:54,66.2,60-70,60-70|deteriorating,12,,0.95,21,EUR_only,v2.0.0-w3-h9,2026-09-01,False,False
COMP_0008,89.9,improving,unconfirmed,GROUP_0195,,EUR,businessCentral,2026-01-09 10:32:46,89.9,80-90,80-90|improving,6,,1.0,12,EUR_only,v2.0.0-w3-h9,2026-09-01,False,True
COMP_0009,68.2,improving,unconfirmed,GROUP_0225,,EUR,businessCentral,2025-08-07 10:10:47,68.2,60-70,60-70|improving,4,,1.0,24,EUR_only,v2.0.0-w3-h9,2026-09-01,False,False
COMP_0010,75.3,deteriorating,unconfirmed,GROUP_0013,,EUR,sageX3,2024-05-23 10:03:43,75.3,70-80,70-80|deteriorating,12,Sage X3,0.42,24,EUR_only,v2.0.0-w3-h9,2026-09-01,False,False
COMP_0011,79.6,stable,unconfirmed,GROUP_0234,,EUR,businessOne,2025-10-20 09:21:17,79.6,70-80,70-80|stable,6,,0.56,9,EUR_only,v2.0.0-w3-h9,2026-09-01,False,True
COMP_0012,100.0,stable,unconfirmed,GROUP_0087,,EUR,,2025-10-06 14:29:08,100.0,90-100,90-100|stable,9,,0.0,9,EUR_only,v2.0.0-w3-h9,2026-09-01,False,True
COMP_0013,68.6,improving,unconfirmed,GROUP_0203,,EUR,netsuite,2026-02-19 15:45:36,68.6,60-70,60-70|improving,5,,0.89,9,EUR_only,v2.0.0-w3-h9,2026-09-01,False,True
COMP_0014,,insufficient_data,unconfirmed,GROUP_0173,,CAD,businessCentral,2026-01-21 17:01:11,,,,3,,,0,insufficient,v2.0.0-w3-h9,2026-09-01,True,True
COMP_0015,68.3,deteriorating,unconfirmed,GROUP_0068,,EUR,businessCentral,2025-04-24 11:29:51,68.3,60-70,60-70|deteriorating,4,,0.0,17,EUR_only,v2.0.0-w3-h9,2026-09-01,False,True
COMP_0016,51.1,deteriorating,unconfirmed,GROUP_0070,ES,EUR,businessCentral,2023-06-06 14:53:57,51.1,50-60,50-60|deteriorating,18,Microsoft Business Central,0.88,24,EUR_only,v2.0.0-w3-h9,2026-09-01,False,False
COMP_0017,68.9,improving,unconfirmed,GROUP_0073,,EUR,businessCentral,2025-04-15 10:40:31,68.9,60-70,60-70|improving,3,Microsoft Business Central,0.0,18,EUR_only,v2.0.0-w3-h9,2026-09-01,False,False
COMP_0018,73.3,deteriorating,unconfirmed,GROUP_0250,,EUR,distritoK,2022-04-22 11:33:18,73.3,70-80,70-80|deteriorating,19,Distrito K,0.54,24,EUR_only,v2.0.0-w3-h9,2026-09-01,False,False
COMP_0019,77.6,deteriorating,unconfirmed,GROUP_0212,,EUR,,2024-07-10 16:36:49,77.6,70-80,70-80|deteriorating,11,,1.0,24,EUR_only,v2.0.0-w3-h9,2026-09-01,False,False
COMP_0020,60.6,stable,unconfirmed,GROUP_0007,,EUR,,2026-04-27 14:27:49,60.6,60-70,60-70|stable,5,,0.75,8,EUR_only,v2.0.0-w3-h9,2026-09-01,False,True
COMP_0021,66.0,deteriorating,confirmed,GROUP_0023,,EUR,sage200,2026-03-26 16:18:11,70.2,70-80,70-80|deteriorating,17,,0.71,7,EUR_only,v2.0.0-w3-h9,2026-09-01,False,True
COMP_0022,67.7,stable,unconfirmed,GROUP_0065,,EUR,,2024-10-10 11:08:11,67.7,60-70,60-70|stable,13,Netsuite,1.0,24,EUR_only,v2.0.0-w3-h9,2026-09-01,False,False
COMP_0023,79.8,stable,unconfirmed,GROUP_0237,BE,EUR,netsuite,2025-05-28 19:51:42,79.8,70-80,70-80|stable,5,,0.94,18,EUR_only,v2.0.0-w3-h9,2026-09-01,False,False
COMP_0024,77.5,stable,unconfirmed,GROUP_0222,,EUR,businessCentral,2025-01-16 09:08:10,77.5,70-80,70-80|stable,22,,1.0,20,EUR_only,v2.0.0-w3-h9,2026-09-01,False,False
COMP_0025,,insufficient_data,unconfirmed,GROUP_0211,,USD,netsuite,2024-12-13 11:07:00,,,,15,Netsuite,,0,insufficient,v2.0.0-w3-h9,2026-09-01,True,True
COMP_0026,80.6,stable,unconfirmed,GROUP_0236,,EUR,,2026-03-02 13:56:10,80.6,80-90,80-90|stable,17,,1.0,8,EUR_only,v2.0.0-w3-h9,2026-09-01,False,True
COMP_0027,72.6,improving,confirmed,GROUP_0241,,EUR,businessCentral,2026-05-08 13:36:32,70.0,70-80,70-80|improving,7,,1.0,8,EUR_only,v2.0.0-w3-h9,2026-09-01,False,True
COMP_0028,72.9,improving,unconfirmed,GROUP_0218,ES,EUR,businessCentral,2024-02-01 16:43:14,72.9,70-80,70-80|improving,16,Microsoft Navision,0.0,17,EUR_only,v2.0.0-w3-h9,2026-09-01,False,True
COMP_0029,100.0,insufficient_data,unconfirmed,GROUP_0013,,EUR,sageX3,2024-05-23 10:02:55,100.0,90-100,,12,Sage X3,0.0,1,EUR_only,v2.0.0-w3-h9,2026-09-01,True,True
COMP_0030,,insufficient_data,unconfirmed,GROUP_0126,,EUR,m3Rosetta,2024-05-21 08:10:04,,,,11,Infor M3 ,,0,insufficient,v2.0.0-w3-h9,2026-09-01,True,True
COMP_0031,74.2,stable,unconfirmed,GROUP_0035,ES,EUR,businessCentral,2025-12-26 13:05:31,74.2,70-80,70-80|stable,14,Microsoft Business Central,0.89,9,EUR_only,v2.0.0-w3-h9,2026-09-01,False,True
COMP_0032,61.9,deteriorating,unconfirmed,GROUP_0094,,EUR,netsuite,2024-11-07 09:57:25,61.9,60-70,60-70|deteriorating,13,Netsuite,0.0,11,EUR_only,v2.0.0-w3-h9,2026-09-01,False,True
COMP_0033,99.8,stable,unconfirmed,GROUP_0130,FR,EUR,,2025-11-19 15:36:16,99.8,90-100,90-100|stable,9,,1.0,9,EUR_only,v2.0.0-w3-h9,2026-09-01,False,True
COMP_0034,59.3,stable,unconfirmed,GROUP_0172,,EUR,,2025-05-22 14:21:20,59.3,50-60,50-60|stable,21,,1.0,18,EUR_only,v2.0.0-w3-h9,2026-09-01,False,False
COMP_0035,60.0,stable,unconfirmed,GROUP_0115,,EUR,,2022-11-14 14:21:28,60.0,60-70,60-70|stable,12,,0.0,23,EUR_only,v2.0.0-w3-h9,2026-09-01,False,False
COMP_0036,78.5,deteriorating,unconfirmed,GROUP_0103,,EUR,,2025-03-13 11:06:51,78.5,70-80,70-80|deteriorating,16,,1.0,20,EUR_only,v2.0.0-w3-h9,2026-09-01,False,False
COMP_0037,65.6,deteriorating,unconfirmed,GROUP_0222,,EUR,businessCentral,2025-01-16 09:11:57,65.6,60-70,60-70|deteriorating,22,,0.9,20,EUR_only,v2.0.0-w3-h9,2026-09-01,False,False
COMP_0038,57.1,improving,unconfirmed,GROUP_0104,,EUR,,2026-02-27 16:09:11,57.1,50-60,50-60|improving,10,,1.0,8,EUR_only,v2.0.0-w3-h9,2026-09-01,False,True
COMP_0039,100.0,stable,unconfirmed,GROUP_0225,,EUR,businessCentral,2025-09-21 10:00:44,100.0,90-100,90-100|stable,4,,0.0,24,EUR_only,v2.0.0-w3-h9,2026-09-01,False,False
COMP_0040,88.2,stable,unconfirmed,GROUP_0178,,EUR,,2026-03-09 11:59:24,88.2,80-90,80-90|stable,2,,0.71,7,EUR_only,v2.0.0-w3-h9,2026-09-01,False,True
COMP_0041,58.9,improving,unconfirmed,GROUP_0149,,EUR,m3Rosetta,2026-02-16 09:42:04,58.9,50-60,50-60|improving,13,MOVEX,0.89,9,EUR_only,v2.0.0-w3-h9,2026-09-01,False,True
COMP_0042,72.2,deteriorating,unconfirmed,GROUP_0162,US,USD,businessOne,2022-04-06 12:52:02,72.2,70-80,70-80|deteriorating,8,SAP Business One,0.0,18,EUR_only,v2.0.0-w3-h9,2026-09-01,False,False
COMP_0043,40.4,deteriorating,unconfirmed,GROUP_0185,,EUR,businessCentral,2026-02-27 09:49:47,40.4,40-50,40-50|deteriorating,11,,1.0,9,EUR_only,v2.0.0-w3-h9,2026-09-01,False,True
COMP_0044,63.9,improving,unconfirmed,GROUP_0241,,EUR,businessCentral,2026-05-08 13:37:47,63.9,60-70,60-70|improving,7,,1.0,8,EUR_only,v2.0.0-w3-h9,2026-09-01,False,True
COMP_0045,100.0,improving,unconfirmed,GROUP_0242,,EUR,,2026-03-12 07:53:41,100.0,90-100,90-100|improving,1,Microsoft Dynamics - AX 2012,0.0,7,EUR_only,v2.0.0-w3-h9,2026-09-01,False,True
COMP_0046,,insufficient_data,unconfirmed,GROUP_0062,,EUR,a3,2025-10-15 11:56:29,,,,1,A3 ERP,,0,insufficient,v2.0.0-w3-h9,2026-09-01,True,True
COMP_0047,75.2,improving,unconfirmed,GROUP_0018,,EUR,businessCentral,2025-09-02 07:35:08,75.2,70-80,70-80|improving,12,,1.0,19,EUR_only,v2.0.0-w3-h9,2026-09-01,False,False
COMP_0048,64.6,improving,unconfirmed,GROUP_0241,,EUR,businessCentral,2026-05-08 13:38:55,64.6,60-70,60-70|improving,7,,1.0,8,EUR_only,v2.0.0-w3-h9,2026-09-01,False,True
COMP_0049,88.8,improving,unconfirmed,GROUP_0180,,EUR,businessCentral,2025-01-13 10:22:41,88.8,80-90,80-90|improving,1,Microsoft Business Central,1.0,20,EUR_only,v2.0.0-w3-h9,2026-09-01,False,False
COMP_0050,,insufficient_data,unconfirmed,GROUP_0230,,USD,r3,2025-10-31 12:21:37,,,,7,,,0,insufficient,v2.0.0-w3-h9,2026-09-01,True,True
COMP_0051,64.6,improving,unconfirmed,GROUP_0163,,EUR,navision,2024-02-13 09:25:17,64.6,60-70,60-70|improving,3,Microsoft Navision,1.0,24,EUR_only,v2.0.0-w3-h9,2026-09-01,False,False
COMP_0052,93.8,improving,confirmed,GROUP_0142,,EUR,,2024-09-10 18:40:39,87.6,80-90,80-90|improving,22,Sage 50,0.83,24,EUR_only,v2.0.0-w3-h9,2026-09-01,False,False
COMP_0053,77.2,deteriorating,unconfirmed,GROUP_0174,,EUR,dynamicsAx,2026-04-24 11:29:56,77.2,70-80,70-80|deteriorating,3,,1.0,8,EUR_only,v2.0.0-w3-h9,2026-09-01,False,True
COMP_0054,65.4,deteriorating,confirmed,GROUP_0217,,EUR,businessCentral,2025-04-04 07:56:59,72.6,70-80,70-80|deteriorating,22,,1.0,19,EUR_only,v2.0.0-w3-h9,2026-09-01,False,False
COMP_0055,89.0,improving,unconfirmed,GROUP_0131,,EUR,r3,2025-11-06 09:04:51,89.0,80-90,80-90|improving,9,,0.38,13,EUR_only,v2.0.0-w3-h9,2026-09-01,False,True
COMP_0056,68.3,deteriorating,unconfirmed,GROUP_0234,,EUR,businessOne,2025-10-20 09:18:46,68.3,60-70,60-70|deteriorating,6,,0.8,10,EUR_only,v2.0.0-w3-h9,2026-09-01,False,True
COMP_0057,,insufficient_data,unconfirmed,GROUP_0122,,CAD,netsuite,2026-02-24 15:37:09,,,,8,,,0,insufficient,v2.0.0-w3-h9,2026-09-01,True,True
COMP_0058,72.1,stable,unconfirmed,GROUP_0104,ES,EUR,libra,2026-02-27 16:06:46,72.1,70-80,70-80|stable,10,,1.0,8,EUR_only,v2.0.0-w3-h9,2026-09-01,False,True
COMP_0059,88.9,deteriorating,unconfirmed,GROUP_0101,,EUR,,2024-11-04 14:56:20,88.9,80-90,80-90|deteriorating,18,,0.5,24,EUR_only,v2.0.0-w3-h9,2026-09-01,False,False
COMP_0060,79.2,improving,confirmed,GROUP_0112,,EUR,businessCentral,2024-06-11 13:43:19,73.3,70-80,70-80|improving,12,Microsoft Business Central,0.11,19,EUR_only,v2.0.0-w3-h9,2026-09-01,False,False
COMP_0061,83.2,deteriorating,unconfirmed,GROUP_0022,,EUR,,2025-11-17 11:28:56,83.2,80-90,80-90|deteriorating,13,Netsuite,1.0,8,EUR_only,v2.0.0-w3-h9,2026-09-01,False,True
COMP_0062,50.0,improving,unconfirmed,GROUP_0165,,EUR,,2025-12-18 10:58:43,50.0,50-60,50-60|improving,4,,1.0,16,EUR_only,v2.0.0-w3-h9,2026-09-01,False,True
COMP_0063,84.4,improving,confirmed,GROUP_0011,,EUR,,2026-01-20 21:39:27,77.2,70-80,70-80|improving,10,,1.0,7,EUR_only,v2.0.0-w3-h9,2026-09-01,False,True
COMP_0064,68.3,deteriorating,confirmed,GROUP_0174,,EUR,dynamicsAx,2026-04-24 11:28:49,78.3,70-80,70-80|deteriorating,3,,1.0,8,EUR_only,v2.0.0-w3-h9,2026-09-01,False,True
COMP_0065,74.9,deteriorating,unconfirmed,GROUP_0139,ES,EUR,businessCentral,2024-06-24 17:11:58,74.9,70-80,70-80|deteriorating,5,Microsoft Business Central,1.0,24,EUR_only,v2.0.0-w3-h9,2026-09-01,False,False
COMP_0066,66.4,improving,unconfirmed,GROUP_0115,,EUR,,2022-11-14 14:21:56,66.4,60-70,60-70|improving,12,,0.25,12,EUR_only,v2.0.0-w3-h9,2026-09-01,False,True
COMP_0067,66.8,deteriorating,confirmed,GROUP_0064,,EUR,,2026-03-10 11:56:38,69.9,60-70,60-70|deteriorating,12,,0.0,11,EUR_only,v2.0.0-w3-h9,2026-09-01,False,True
COMP_0068,70.2,deteriorating,unconfirmed,GROUP_0142,,EUR,,2024-09-10 18:42:08,70.2,70-80,70-80|deteriorating,22,Sage 50,1.0,24,EUR_only,v2.0.0-w3-h9,2026-09-01,False,False
COMP_0069,,insufficient_data,unconfirmed,GROUP_0175,,DKK,netsuite,2025-09-23 12:29:28,,,,6,,,0,insufficient,v2.0.0-w3-h9,2026-09-01,True,True
COMP_0070,93.3,deteriorating,unconfirmed,GROUP_0230,,EUR,r3,2025-10-31 12:20:53,93.3,90-100,90-100|deteriorating,7,,0.9,10,EUR_only,v2.0.0-w3-h9,2026-09-01,False,True
COMP_0071,59.3,stable,unconfirmed,GROUP_0102,,EUR,,2025-01-20 10:47:19,59.3,50-60,50-60|stable,4,Microsoft Business Central,0.35,20,EUR_only,v2.0.0-w3-h9,2026-09-01,False,False
COMP_0072,60.0,insufficient_data,unconfirmed,GROUP_0003,,GBP,businessOne,2026-03-17 14:36:02,60.0,60-70,,4,,0.0,1,EUR_only,v2.0.0-w3-h9,2026-09-01,True,True
COMP_0073,99.7,improving,unconfirmed,GROUP_0101,,EUR,,2024-11-04 14:33:11,99.7,90-100,90-100|improving,18,,0.04,24,EUR_only,v2.0.0-w3-h9,2026-09-01,False,False
COMP_0074,66.7,stable,unconfirmed,GROUP_0088,,EUR,sageX3,2025-02-20 13:31:50,66.7,60-70,60-70|stable,5,Sage X3,1.0,20,EUR_only,v2.0.0-w3-h9,2026-09-01,False,False
COMP_0075,52.5,deteriorating,confirmed,GROUP_0115,,EUR,,2022-08-18 10:50:20,56.6,50-60,50-60|deteriorating,12,,1.0,24,EUR_only,v2.0.0-w3-h9,2026-09-01,False,False
COMP_0076,88.1,improving,unconfirmed,GROUP_0146,ES,EUR,,2024-09-23 13:53:22,88.1,80-90,80-90|improving,6,Sage 200,0.0,24,EUR_only,v2.0.0-w3-h9,2026-09-01,False,False
COMP_0077,90.2,improving,unconfirmed,GROUP_0213,,EUR,businessCentral,2024-01-12 09:49:17,90.2,90-100,90-100|improving,6,Microsoft Business Central,0.54,24,EUR_only,v2.0.0-w3-h9,2026-09-01,False,False
COMP_0078,91.5,deteriorating,unconfirmed,GROUP_0246,,EUR,businessCentral,2026-04-14 19:20:57,91.5,90-100,90-100|deteriorating,7,,1.0,7,EUR_only,v2.0.0-w3-h9,2026-09-01,False,True
COMP_0079,74.3,stable,unconfirmed,GROUP_0203,,EUR,netsuite,2026-02-19 15:44:51,74.3,70-80,70-80|stable,5,,1.0,9,EUR_only,v2.0.0-w3-h9,2026-09-01,False,True
COMP_0080,90.8,improving,unconfirmed,GROUP_0112,,EUR,,2025-05-19 09:15:57,90.8,90-100,90-100|improving,12,Microsoft Business Central,0.23,13,EUR_only,v2.0.0-w3-h9,2026-09-01,False,True
COMP_0081,79.2,improving,unconfirmed,GROUP_0217,,EUR,businessCentral,2025-04-04 10:25:18,79.2,70-80,70-80|improving,22,,1.0,19,EUR_only,v2.0.0-w3-h9,2026-09-01,False,False
COMP_0082,62.5,stable,unconfirmed,GROUP_0172,,EUR,,2025-05-22 14:22:20,62.5,60-70,60-70|stable,21,,1.0,18,EUR_only,v2.0.0-w3-h9,2026-09-01,False,False
COMP_0083,93.3,improving,unconfirmed,GROUP_0133,,EUR,businessCentral,2026-03-19 09:17:48,93.3,90-100,90-100|improving,2,,0.0,8,EUR_only,v2.0.0-w3-h9,2026-09-01,False,True
COMP_0084,74.7,improving,unconfirmed,GROUP_0138,,EUR,dynamicsAx,2026-04-08 10:34:25,74.7,70-80,70-80|improving,18,,1.0,7,EUR_only,v2.0.0-w3-h9,2026-09-01,False,True
COMP_0085,97.7,deteriorating,unconfirmed,GROUP_0155,PT,EUR,etendo,2023-01-13 09:56:14,97.7,90-100,90-100|deteriorating,11,Etendo,0.39,23,EUR_only,v2.0.0-w3-h9,2026-09-01,False,False
COMP_0086,59.4,deteriorating,unconfirmed,GROUP_0168,,EUR,,2026-06-17 16:19:41,59.4,50-60,50-60|deteriorating,2,,0.8,5,EUR_only,v2.0.0-w3-h9,2026-09-01,True,True
COMP_0087,70.4,improving,unconfirmed,GROUP_0065,,EUR,,2024-10-10 09:07:45,70.4,70-80,70-80|improving,13,Netsuite,1.0,24,EUR_only,v2.0.0-w3-h9,2026-09-01,False,False
COMP_0088,60.1,stable,unconfirmed,GROUP_0172,,EUR,,2025-05-22 14:20:41,60.1,60-70,60-70|stable,21,,0.94,18,EUR_only,v2.0.0-w3-h9,2026-09-01,False,False
COMP_0089,63.3,stable,unconfirmed,GROUP_0153,,EUR,sage200,2023-08-02 08:07:06,63.3,60-70,60-70|stable,6,Sage 200,1.0,24,EUR_only,v2.0.0-w3-h9,2026-09-01,False,False
COMP_0090,78.7,stable,unconfirmed,GROUP_0116,,EUR,netsuite,2023-08-17 15:15:00,78.7,70-80,70-80|stable,8,Netsuite,0.15,20,EUR_only,v2.0.0-w3-h9,2026-09-01,False,False
COMP_0091,90.8,deteriorating,unconfirmed,GROUP_0237,,EUR,netsuite,2025-06-30 13:56:17,90.8,90-100,90-100|deteriorating,5,,1.0,16,EUR_only,v2.0.0-w3-h9,2026-09-01,False,True
COMP_0092,72.9,deteriorating,unconfirmed,GROUP_0159,,EUR,,2024-09-25 07:07:53,72.9,70-80,70-80|deteriorating,13,,1.0,24,EUR_only,v2.0.0-w3-h9,2026-09-01,False,False
COMP_0093,,insufficient_data,unconfirmed,GROUP_0149,,GBP,m3Rosetta,2026-02-16 10:35:01,,,,13,MOVEX,,0,insufficient,v2.0.0-w3-h9,2026-09-01,True,True
COMP_0094,87.6,improving,unconfirmed,GROUP_0021,,EUR,a3,2023-11-08 10:02:54,87.6,80-90,80-90|improving,3,A3 ERP,1.0,24,EUR_only,v2.0.0-w3-h9,2026-09-01,False,False
COMP_0095,73.3,improving,unconfirmed,GROUP_0240,,EUR,sageX3,2025-10-21 07:04:38,73.3,70-80,70-80|improving,1,,0.0,8,EUR_only,v2.0.0-w3-h9,2026-09-01,False,True
COMP_0096,60.6,improving,unconfirmed,GROUP_0217,,EUR,businessCentral,2025-04-04 08:00:37,60.6,60-70,60-70|improving,22,,0.38,16,EUR_only,v2.0.0-w3-h9,2026-09-01,False,True
COMP_0097,,insufficient_data,unconfirmed,GROUP_0170,,USD,,2025-06-10 11:03:23,,,,16,,,0,insufficient,v2.0.0-w3-h9,2026-09-01,True,True
COMP_0098,100.0,improving,unconfirmed,GROUP_0132,,EUR,netsuite,2024-03-15 09:24:50,100.0,90-100,90-100|improving,18,Netsuite,0.1,20,EUR_only,v2.0.0-w3-h9,2026-09-01,False,False
COMP_0099,60.3,improving,unconfirmed,GROUP_0238,ESPAÑA,EUR,sage200,2023-10-06 11:07:45,60.3,60-70,60-70|improving,4,Sage 200,1.0,24,EUR_only,v2.0.0-w3-h9,2026-09-01,False,False
COMP_0100,87.1,stable,unconfirmed,GROUP_0129,,EUR,businessCentral,2025-04-21 12:32:25,87.1,80-90,80-90|stable,6,Microsoft Business Central,0.8,20,EUR_only,v2.0.0-w3-h9,2026-09-01,False,False
COMP_0101,84.8,improving,unconfirmed,GROUP_0108,ES,EUR,businessCentral,2024-12-09 16:35:59,84.8,80-90,80-90|improving,19,Microsoft Business Central,1.0,23,EUR_only,v2.0.0-w3-h9,2026-09-01,False,False
COMP_0102,78.3,deteriorating,unconfirmed,GROUP_0158,,EUR,,2023-05-02 09:28:46,78.3,70-80,70-80|deteriorating,21,,0.0,24,EUR_only,v2.0.0-w3-h9,2026-09-01,False,False
COMP_0103,60.0,deteriorating,unconfirmed,GROUP_0170,,EUR,,2025-06-10 11:02:20,60.0,60-70,60-70|deteriorating,16,,0.47,17,EUR_only,v2.0.0-w3-h9,2026-09-01,False,True
COMP_0104,,insufficient_data,unconfirmed,GROUP_0173,,NZD,businessCentral,2026-01-21 17:04:35,,,,3,,,0,insufficient,v2.0.0-w3-h9,2026-09-01,True,True
COMP_0105,67.9,deteriorating,confirmed,GROUP_0079,,EUR,dynamicsAx,2024-11-28 10:31:01,70.2,70-80,70-80|deteriorating,15,Microsoft Dynamics - AX 2009,1.0,23,EUR_only,v2.0.0-w3-h9,2026-09-01,False,False
COMP_0106,53.3,deteriorating,unconfirmed,GROUP_0022,,EUR,netsuite,2024-07-29 14:28:46,53.3,50-60,50-60|deteriorating,13,Netsuite,0.0,23,EUR_only,v2.0.0-w3-h9,2026-09-01,False,False
COMP_0107,,insufficient_data,unconfirmed,GROUP_0094,,PEN,netsuite,2024-11-07 16:31:50,,,,13,Netsuite,,0,insufficient,v2.0.0-w3-h9,2026-09-01,True,True
COMP_0108,59.8,stable,unconfirmed,GROUP_0179,,EUR,,2025-10-29 10:14:26,59.8,50-60,50-60|stable,7,,0.5,24,EUR_only,v2.0.0-w3-h9,2026-09-01,False,False
COMP_0109,100.0,improving,confirmed,GROUP_0170,,EUR,,2025-06-10 11:02:50,99.5,90-100,90-100|improving,16,,1.0,17,EUR_only,v2.0.0-w3-h9,2026-09-01,False,True
COMP_0110,100.0,improving,confirmed,GROUP_0008,,EUR,businessCentral,2026-04-01 14:13:36,100.0,90-100,90-100|improving,6,,0.29,7,EUR_only,v2.0.0-w3-h9,2026-09-01,False,True
COMP_0111,83.3,deteriorating,unconfirmed,GROUP_0243,,EUR,,2026-04-22 08:01:45,83.3,80-90,80-90|deteriorating,5,,0.71,7,EUR_only,v2.0.0-w3-h9,2026-09-01,False,True
COMP_0112,79.1,improving,unconfirmed,GROUP_0222,,EUR,businessCentral,2025-01-16 09:06:17,79.1,70-80,70-80|improving,22,,1.0,20,EUR_only,v2.0.0-w3-h9,2026-09-01,False,False
COMP_0113,66.7,stable,unconfirmed,GROUP_0070,ES,EUR,businessCentral,2023-03-21 09:08:12,66.7,60-70,60-70|stable,18,Microsoft Business Central,0.75,24,EUR_only,v2.0.0-w3-h9,2026-09-01,False,False
COMP_0114,56.7,deteriorating,confirmed,GROUP_0044,,EUR,businessCentral,2026-06-19 11:59:26,66.7,60-70,60-70|deteriorating,13,,0.0,7,EUR_only,v2.0.0-w3-h9,2026-09-01,False,True
COMP_0115,81.9,deteriorating,unconfirmed,GROUP_0095,,EUR,,2025-11-26 14:28:41,81.9,80-90,80-90|deteriorating,12,,0.45,20,EUR_only,v2.0.0-w3-h9,2026-09-01,False,False
COMP_0116,87.3,improving,unconfirmed,GROUP_0195,,EUR,businessCentral,2026-01-09 10:37:04,87.3,80-90,80-90|improving,6,,1.0,12,EUR_only,v2.0.0-w3-h9,2026-09-01,False,True
COMP_0117,83.5,improving,confirmed,GROUP_0101,,EUR,,2024-11-04 14:54:13,73.5,70-80,70-80|improving,18,,0.0,24,EUR_only,v2.0.0-w3-h9,2026-09-01,False,False
COMP_0118,60.3,stable,unconfirmed,GROUP_0138,,EUR,dynamicsAx,2026-04-08 10:35:10,60.3,60-70,60-70|stable,18,,1.0,7,EUR_only,v2.0.0-w3-h9,2026-09-01,False,True
COMP_0119,76.8,deteriorating,unconfirmed,GROUP_0048,,EUR,businessCentral,2026-03-10 16:47:59,76.8,70-80,70-80|deteriorating,10,,1.0,8,EUR_only,v2.0.0-w3-h9,2026-09-01,False,True
COMP_0120,93.3,improving,unconfirmed,GROUP_0210,DE,EUR,netsuite,2026-06-19 15:25:26,93.3,90-100,90-100|improving,2,,0.83,6,EUR_only,v2.0.0-w3-h9,2026-09-01,False,True
COMP_0121,72.8,improving,unconfirmed,GROUP_0158,,EUR,,2023-05-02 09:29:24,72.8,70-80,70-80|improving,21,,0.58,24,EUR_only,v2.0.0-w3-h9,2026-09-01,False,False
COMP_0122,93.6,deteriorating,unconfirmed,GROUP_0086,,EUR,,2024-10-18 10:51:36,93.6,90-100,90-100|deteriorating,5,Microsoft Dynamics - F&O,1.0,24,EUR_only,v2.0.0-w3-h9,2026-09-01,False,False
COMP_0123,93.1,improving,confirmed,GROUP_0153,,EUR,sage200,2023-08-02 08:07:53,83.1,80-90,80-90|improving,6,Sage 200,1.0,24,EUR_only,v2.0.0-w3-h9,2026-09-01,False,False
COMP_0124,59.6,stable,unconfirmed,GROUP_0136,,EUR,netsuite,2026-05-26 15:22:27,59.6,50-60,50-60|stable,2,,0.88,8,EUR_only,v2.0.0-w3-h9,2026-09-01,False,True
COMP_0125,86.7,deteriorating,unconfirmed,GROUP_0250,,EUR,distritoK,2022-04-22 11:30:27,86.7,80-90,80-90|deteriorating,19,Distrito K,0.0,24,EUR_only,v2.0.0-w3-h9,2026-09-01,False,False
COMP_0126,66.4,deteriorating,unconfirmed,GROUP_0220,,EUR,navision,2024-03-21 16:23:10,66.4,60-70,60-70|deteriorating,6,Microsoft Navision,1.0,21,EUR_only,v2.0.0-w3-h9,2026-09-01,False,False
COMP_0127,,insufficient_data,unconfirmed,GROUP_0064,,EUR,,2026-05-06 14:42:42,,,,12,,,0,insufficient,v2.0.0-w3-h9,2026-09-01,True,True
COMP_0128,92.7,improving,unconfirmed,GROUP_0103,,EUR,,2025-03-13 11:06:29,92.7,90-100,90-100|improving,16,,0.9,20,EUR_only,v2.0.0-w3-h9,2026-09-01,False,False
COMP_0129,67.2,stable,unconfirmed,GROUP_0185,,EUR,businessCentral,2026-02-27 09:28:40,67.2,60-70,60-70|stable,11,,0.91,11,EUR_only,v2.0.0-w3-h9,2026-09-01,False,True
COMP_0130,81.9,stable,unconfirmed,GROUP_0079,,EUR,dynamicsAx,2024-11-28 14:02:41,81.9,80-90,80-90|stable,15,Microsoft Dynamics - AX 2009,1.0,23,EUR_only,v2.0.0-w3-h9,2026-09-01,False,False
COMP_0131,100.0,insufficient_data,unconfirmed,GROUP_0070,ES,EUR,businessCentral,2025-09-08 06:49:05,100.0,90-100,,18,Microsoft Business Central,0.0,2,EUR_only,v2.0.0-w3-h9,2026-09-01,True,True
COMP_0132,67.5,deteriorating,unconfirmed,GROUP_0104,ES,EUR,libra,2026-02-27 16:10:25,67.5,60-70,60-70|deteriorating,10,,0.88,8,EUR_only,v2.0.0-w3-h9,2026-09-01,False,True
COMP_0133,80.0,deteriorating,unconfirmed,GROUP_0103,,EUR,,2025-03-13 11:05:50,80.0,80-90,80-90|deteriorating,16,,0.0,13,EUR_only,v2.0.0-w3-h9,2026-09-01,False,True
COMP_0134,,insufficient_data,unconfirmed,GROUP_0169,FR,EUR,,2025-09-10 10:56:32,,,,7,,,0,insufficient,v2.0.0-w3-h9,2026-09-01,True,True
COMP_0135,,insufficient_data,unconfirmed,GROUP_0050,,EUR,,2024-01-03 08:11:10,,,,3,,,0,insufficient,v2.0.0-w3-h9,2026-09-01,True,True
COMP_0136,79.5,improving,unconfirmed,GROUP_0142,,EUR,,2024-09-10 18:47:19,79.5,70-80,70-80|improving,22,Sage 50,1.0,24,EUR_only,v2.0.0-w3-h9,2026-09-01,False,False
COMP_0137,60.5,improving,unconfirmed,GROUP_0217,,EUR,businessCentral,2025-04-04 08:01:17,60.5,60-70,60-70|improving,22,,0.38,16,EUR_only,v2.0.0-w3-h9,2026-09-01,False,True
COMP_0138,68.8,improving,unconfirmed,GROUP_0035,ES,EUR,businessCentral,2024-03-06 08:44:20,68.8,60-70,60-70|improving,14,Microsoft Business Central,1.0,24,EUR_only,v2.0.0-w3-h9,2026-09-01,False,False
COMP_0139,80.4,deteriorating,unconfirmed,GROUP_0217,,EUR,businessCentral,2025-04-04 07:56:24,80.4,80-90,80-90|deteriorating,22,,1.0,19,EUR_only,v2.0.0-w3-h9,2026-09-01,False,False
COMP_0140,66.8,stable,unconfirmed,GROUP_0072,,EUR,businessCentral,2025-07-21 17:25:00,66.8,60-70,60-70|stable,2,,0.94,16,EUR_only,v2.0.0-w3-h9,2026-09-01,False,True
COMP_0141,86.6,improving,unconfirmed,GROUP_0220,,EUR,navision,2025-09-24 15:11:13,86.6,80-90,80-90|improving,6,Microsoft Navision,0.64,11,EUR_only,v2.0.0-w3-h9,2026-09-01,False,True
COMP_0142,78.6,stable,unconfirmed,GROUP_0217,,EUR,businessCentral,2025-04-04 08:07:14,78.6,70-80,70-80|stable,22,,1.0,19,EUR_only,v2.0.0-w3-h9,2026-09-01,False,False
COMP_0143,50.0,deteriorating,confirmed,GROUP_0146,ES,EUR,sage200,2024-09-23 13:51:45,60.0,60-70,60-70|deteriorating,6,Sage 200,0.48,23,EUR_only,v2.0.0-w3-h9,2026-09-01,False,False
COMP_0144,100.0,stable,unconfirmed,GROUP_0236,,EUR,,2026-03-02 13:54:25,100.0,90-100,90-100|stable,17,,1.0,8,EUR_only,v2.0.0-w3-h9,2026-09-01,False,True
COMP_0145,,insufficient_data,unconfirmed,GROUP_0007,,GBP,,2026-04-27 14:37:18,,,,5,,,0,insufficient,v2.0.0-w3-h9,2026-09-01,True,True
COMP_0146,79.5,stable,unconfirmed,GROUP_0020,,EUR,,2025-06-23 07:45:48,79.5,70-80,70-80|stable,6,,0.25,12,EUR_only,v2.0.0-w3-h9,2026-09-01,False,True
COMP_0147,100.0,stable,unconfirmed,GROUP_0227,,EUR,,2024-10-13 14:37:52,100.0,90-100,90-100|stable,1,,0.5,8,EUR_only,v2.0.0-w3-h9,2026-09-01,False,True
COMP_0148,94.2,stable,unconfirmed,GROUP_0016,,EUR,,2025-04-21 15:06:56,94.2,90-100,90-100|stable,15,SAP Business One,0.0,9,EUR_only,v2.0.0-w3-h9,2026-09-01,False,True
COMP_0149,,insufficient_data,unconfirmed,GROUP_0132,,ARS,netsuite,2024-03-15 09:26:56,,,,18,Netsuite,,0,insufficient,v2.0.0-w3-h9,2026-09-01,True,True
COMP_0150,61.8,deteriorating,unconfirmed,GROUP_0081,,EUR,a3,2025-09-09 10:11:05,61.8,60-70,60-70|deteriorating,12,,1.0,11,EUR_only,v2.0.0-w3-h9,2026-09-01,False,True
COMP_0151,81.2,improving,confirmed,GROUP_0101,,EUR,,2023-06-30 09:34:47,74.8,70-80,70-80|improving,18,,0.04,24,EUR_only,v2.0.0-w3-h9,2026-09-01,False,False
COMP_0152,75.9,deteriorating,unconfirmed,GROUP_0037,ES,EUR,navision,2024-11-20 19:57:41,75.9,70-80,70-80|deteriorating,6,Microsoft Navision,1.0,24,EUR_only,v2.0.0-w3-h9,2026-09-01,False,False
COMP_0153,73.3,improving,unconfirmed,GROUP_0115,,EUR,,2022-11-14 14:22:01,73.3,70-80,70-80|improving,12,,0.0,24,EUR_only,v2.0.0-w3-h9,2026-09-01,False,False
COMP_0154,,insufficient_data,unconfirmed,GROUP_0003,,GBP,businessOne,2026-03-17 14:32:36,,,,4,,,0,insufficient,v2.0.0-w3-h9,2026-09-01,True,True
COMP_0155,59.0,stable,unconfirmed,GROUP_0143,,EUR,businessCentral,2024-04-11 08:48:58,59.0,50-60,50-60|stable,10,Microsoft Business Central,0.71,24,EUR_only,v2.0.0-w3-h9,2026-09-01,False,False
COMP_0156,85.4,improving,unconfirmed,GROUP_0187,,EUR,,2026-06-03 10:39:51,85.4,80-90,80-90|improving,8,,0.95,21,EUR_only,v2.0.0-w3-h9,2026-09-01,False,False
COMP_0157,68.4,stable,unconfirmed,GROUP_0146,,EUR,,2025-05-23 09:27:33,68.4,60-70,60-70|stable,6,Sage 200,0.47,17,EUR_only,v2.0.0-w3-h9,2026-09-01,False,True
COMP_0158,,insufficient_data,unconfirmed,GROUP_0001,,USD,,2026-03-19 13:54:07,,,,3,,,0,insufficient,v2.0.0-w3-h9,2026-09-01,True,True
COMP_0159,64.8,deteriorating,unconfirmed,GROUP_0102,,EUR,businessCentral,2025-01-20 10:42:23,64.8,60-70,60-70|deteriorating,4,Microsoft Business Central,0.45,22,EUR_only,v2.0.0-w3-h9,2026-09-01,False,False
COMP_0160,81.7,improving,unconfirmed,GROUP_0106,ES,EUR,,2025-02-10 10:41:20,81.7,80-90,80-90|improving,3,Microsoft Dynamics - F&O,1.0,24,EUR_only,v2.0.0-w3-h9,2026-09-01,False,False
COMP_0161,81.7,improving,unconfirmed,GROUP_0079,,EUR,dynamicsAx,2024-11-28 14:09:38,81.7,80-90,80-90|improving,15,Microsoft Dynamics - AX 2009,0.5,20,EUR_only,v2.0.0-w3-h9,2026-09-01,False,False
COMP_0162,82.3,improving,confirmed,GROUP_0095,,EUR,,2025-11-26 14:28:04,78.6,70-80,70-80|improving,12,,0.48,21,EUR_only,v2.0.0-w3-h9,2026-09-01,False,False
COMP_0163,,insufficient_data,unconfirmed,GROUP_0094,,MXN,netsuite,2024-11-07 10:01:49,,,,13,Netsuite,,0,insufficient,v2.0.0-w3-h9,2026-09-01,True,True
COMP_0164,83.5,improving,confirmed,GROUP_0154,,EUR,businessCentral,2023-07-04 07:36:24,73.5,70-80,70-80|improving,4,Microsoft Business Central,0.96,24,EUR_only,v2.0.0-w3-h9,2026-09-01,False,False
COMP_0165,85.0,stable,unconfirmed,GROUP_0035,ES,EUR,businessCentral,2024-03-06 08:44:30,85.0,80-90,80-90|stable,14,Microsoft Business Central,0.0,24,EUR_only,v2.0.0-w3-h9,2026-09-01,False,False
COMP_0166,47.1,insufficient_data,unconfirmed,GROUP_0149,,GBP,m3Rosetta,2026-02-16 10:36:39,47.1,40-50,,13,MOVEX,0.0,1,EUR_only,v2.0.0-w3-h9,2026-09-01,True,True
COMP_0167,83.4,improving,unconfirmed,GROUP_0218,ES,EUR,businessCentral,2024-02-01 16:43:19,83.4,80-90,80-90|improving,16,Microsoft Navision,1.0,24,EUR_only,v2.0.0-w3-h9,2026-09-01,False,False
COMP_0168,60.0,insufficient_data,unconfirmed,GROUP_0061,Malaysia,MYR,netsuite,2025-09-15 08:58:49,60.0,60-70,,1,,0.0,2,EUR_only,v2.0.0-w3-h9,2026-09-01,True,True
COMP_0169,46.6,deteriorating,unconfirmed,GROUP_0090,,EUR,businessCentral,2025-04-24 10:48:30,46.6,40-50,40-50|deteriorating,5,Microsoft Business Central,1.0,24,EUR_only,v2.0.0-w3-h9,2026-09-01,False,False
COMP_0170,86.7,deteriorating,unconfirmed,GROUP_0128,,EUR,,2026-03-25 13:41:49,86.7,80-90,80-90|deteriorating,4,Netsuite,0.0,5,EUR_only,v2.0.0-w3-h9,2026-09-01,True,True
COMP_0171,86.7,deteriorating,unconfirmed,GROUP_0048,,EUR,businessCentral,2026-03-10 16:47:44,86.7,80-90,80-90|deteriorating,10,,0.12,8,EUR_only,v2.0.0-w3-h9,2026-09-01,False,True
COMP_0172,78.8,improving,unconfirmed,GROUP_0212,,EUR,,2024-07-08 16:05:13,78.8,70-80,70-80|improving,11,,1.0,24,EUR_only,v2.0.0-w3-h9,2026-09-01,False,False
COMP_0173,71.7,improving,unconfirmed,GROUP_0019,,EUR,businessCentral,2025-06-17 11:30:15,71.7,70-80,70-80|improving,3,Microsoft Business Central,1.0,20,EUR_only,v2.0.0-w3-h9,2026-09-01,False,False
COMP_0174,79.6,improving,confirmed,GROUP_0017,ESPAÑA,EUR,,2024-06-17 07:24:14,74.8,70-80,70-80|improving,11,,1.0,24,EUR_only,v2.0.0-w3-h9,2026-09-01,False,False
COMP_0175,83.5,improving,confirmed,GROUP_0143,,EUR,,2026-02-09 10:14:17,80.8,80-90,80-90|improving,10,Microsoft Business Central,1.0,9,EUR_only,v2.0.0-w3-h9,2026-09-01,False,True
COMP_0176,49.9,deteriorating,confirmed,GROUP_0225,,EUR,businessCentral,2025-08-07 10:10:25,59.9,50-60,50-60|deteriorating,4,,0.33,24,EUR_only,v2.0.0-w3-h9,2026-09-01,False,False
COMP_0177,42.3,deteriorating,confirmed,GROUP_0185,,EUR,businessCentral,2026-02-27 09:10:43,52.3,50-60,50-60|deteriorating,11,,1.0,11,EUR_only,v2.0.0-w3-h9,2026-09-01,False,True
COMP_0178,57.0,deteriorating,confirmed,GROUP_0220,,EUR,navision,2024-03-21 16:23:59,60.2,60-70,60-70|deteriorating,6,Microsoft Navision,0.96,24,EUR_only,v2.0.0-w3-h9,2026-09-01,False,False
COMP_0179,86.7,improving,unconfirmed,GROUP_0017,ESPAÑA,EUR,,2024-06-17 07:33:08,86.7,80-90,80-90|improving,11,,0.88,24,EUR_only,v2.0.0-w3-h9,2026-09-01,False,False
COMP_0180,81.4,improving,unconfirmed,GROUP_0055,,EUR,dynamicsAx,2024-02-16 09:59:26,81.4,80-90,80-90|improving,4,Microsoft Dynamics - AX 2012,1.0,24,EUR_only,v2.0.0-w3-h9,2026-09-01,False,False
COMP_0181,63.8,deteriorating,confirmed,GROUP_0045,,EUR,businessCentral,2023-10-25 11:31:02,67.8,60-70,60-70|deteriorating,2,Microsoft Business Central,1.0,24,EUR_only,v2.0.0-w3-h9,2026-09-01,False,False
COMP_0182,85.6,improving,confirmed,GROUP_0179,,EUR,,2025-10-29 10:08:06,75.6,70-80,70-80|improving,7,,0.92,12,EUR_only,v2.0.0-w3-h9,2026-09-01,False,True
COMP_0183,71.1,deteriorating,unconfirmed,GROUP_0232,,EUR,sageX3,2025-11-20 11:04:52,71.1,70-80,70-80|deteriorating,2,,0.92,12,EUR_only,v2.0.0-w3-h9,2026-09-01,False,True
COMP_0184,87.7,improving,unconfirmed,GROUP_0044,,EUR,businessCentral,2026-06-19 12:00:25,87.7,80-90,80-90|improving,13,,1.0,8,EUR_only,v2.0.0-w3-h9,2026-09-01,False,True
COMP_0185,76.0,improving,confirmed,GROUP_0044,,EUR,businessCentral,2026-06-19 11:54:52,70.2,70-80,70-80|improving,13,,1.0,8,EUR_only,v2.0.0-w3-h9,2026-09-01,False,True
COMP_0186,62.1,deteriorating,unconfirmed,GROUP_0142,,EUR,,2024-09-10 18:42:27,62.1,60-70,60-70|deteriorating,22,Sage 50,0.92,24,EUR_only,v2.0.0-w3-h9,2026-09-01,False,False
COMP_0187,,insufficient_data,unconfirmed,GROUP_0044,,PLN,businessCentral,2026-06-19 11:58:41,,,,13,,,0,insufficient,v2.0.0-w3-h9,2026-09-01,True,True
COMP_0188,60.0,stable,unconfirmed,GROUP_0158,,EUR,,2023-05-02 08:23:28,60.0,60-70,60-70|stable,21,,0.95,20,EUR_only,v2.0.0-w3-h9,2026-09-01,False,False
COMP_0189,80.0,stable,unconfirmed,GROUP_0211,,GBP,netsuite,2024-12-13 11:05:53,80.0,80-90,80-90|stable,15,Netsuite,0.0,14,EUR_only,v2.0.0-w3-h9,2026-09-01,False,True
COMP_0190,85.7,deteriorating,unconfirmed,GROUP_0182,,EUR,netsuite,2025-12-09 16:37:28,85.7,80-90,80-90|deteriorating,5,,0.7,10,EUR_only,v2.0.0-w3-h9,2026-09-01,False,True
COMP_0191,,insufficient_data,unconfirmed,GROUP_0132,,GBP,netsuite,2024-03-15 09:24:56,,,,18,Netsuite,,0,insufficient,v2.0.0-w3-h9,2026-09-01,True,True
COMP_0192,80.3,deteriorating,unconfirmed,GROUP_0048,,EUR,businessCentral,2026-03-10 16:42:54,80.3,80-90,80-90|deteriorating,10,,1.0,8,EUR_only,v2.0.0-w3-h9,2026-09-01,False,True
COMP_0193,68.8,deteriorating,unconfirmed,GROUP_0224,,EUR,sage200,2025-09-02 15:50:03,68.8,60-70,60-70|deteriorating,3,,1.0,11,EUR_only,v2.0.0-w3-h9,2026-09-01,False,True
COMP_0194,99.4,improving,unconfirmed,GROUP_0035,,EUR,businessCentral,2024-03-06 08:44:11,99.4,90-100,90-100|improving,14,Microsoft Business Central,0.08,24,EUR_only,v2.0.0-w3-h9,2026-09-01,False,False
COMP_0195,54.5,deteriorating,unconfirmed,GROUP_0065,,EUR,,2024-10-10 11:00:07,54.5,50-60,50-60|deteriorating,13,Netsuite,1.0,24,EUR_only,v2.0.0-w3-h9,2026-09-01,False,False
COMP_0196,79.6,improving,unconfirmed,GROUP_0199,,EUR,,2025-09-10 14:29:48,79.6,70-80,70-80|improving,11,,0.0,6,EUR_only,v2.0.0-w3-h9,2026-09-01,False,True
COMP_0197,80.7,stable,unconfirmed,GROUP_0035,ES,EUR,businessCentral,2024-03-06 08:45:00,80.7,80-90,80-90|stable,14,Microsoft Business Central,0.0,22,EUR_only,v2.0.0-w3-h9,2026-09-01,False,False
COMP_0198,88.1,stable,unconfirmed,GROUP_0037,ES,EUR,navision,2024-11-20 19:59:05,88.1,80-90,80-90|stable,6,Microsoft Navision,0.0,20,EUR_only,v2.0.0-w3-h9,2026-09-01,False,False
COMP_0199,64.6,improving,unconfirmed,GROUP_0179,,EUR,,2025-10-29 10:16:03,64.6,60-70,60-70|improving,7,,0.08,12,EUR_only,v2.0.0-w3-h9,2026-09-01,False,True
COMP_0200,66.3,improving,unconfirmed,GROUP_0224,,EUR,sage200,2025-09-02 15:49:16,66.3,60-70,60-70|improving,3,,0.91,11,EUR_only,v2.0.0-w3-h9,2026-09-01,False,True
COMP_0201,100.0,improving,confirmed,GROUP_0101,,EUR,,2024-11-04 15:01:19,99.6,90-100,90-100|improving,18,,0.17,23,EUR_only,v2.0.0-w3-h9,2026-09-01,False,False
COMP_0202,,insufficient_data,unconfirmed,GROUP_0194,,AED,,2024-10-29 11:22:45,,,,7,Netsuite,,0,insufficient,v2.0.0-w3-h9,2026-09-01,True,True
COMP_0203,69.0,deteriorating,unconfirmed,GROUP_0016,ES,EUR,businessOne,2023-09-12 10:17:33,69.0,60-70,60-70|deteriorating,15,SAP Business One,1.0,24,EUR_only,v2.0.0-w3-h9,2026-09-01,False,False
COMP_0204,71.7,deteriorating,unconfirmed,GROUP_0052,,EUR,netsuite,2025-11-24 15:17:59,71.7,70-80,70-80|deteriorating,2,,0.0,9,EUR_only,v2.0.0-w3-h9,2026-09-01,False,True
COMP_0205,,insufficient_data,unconfirmed,GROUP_0175,,USD,netsuite,2025-09-23 12:31:00,,,,6,,,0,insufficient,v2.0.0-w3-h9,2026-09-01,True,True
COMP_0206,100.0,stable,unconfirmed,GROUP_0239,,EUR,,2026-03-11 15:55:38,100.0,90-100,90-100|stable,5,,1.0,8,EUR_only,v2.0.0-w3-h9,2026-09-01,False,True
COMP_0207,52.1,deteriorating,unconfirmed,GROUP_0153,,EUR,sage200,2023-08-02 08:06:59,52.1,50-60,50-60|deteriorating,6,Sage 200,1.0,24,EUR_only,v2.0.0-w3-h9,2026-09-01,False,False
COMP_0208,,insufficient_data,unconfirmed,GROUP_0003,,GBP,businessOne,2026-03-17 14:36:39,,,,4,,,0,insufficient,v2.0.0-w3-h9,2026-09-01,True,True
COMP_0209,77.9,improving,unconfirmed,GROUP_0221,,EUR,businessCentral,2026-02-10 08:56:35,77.9,70-80,70-80|improving,1,,1.0,9,EUR_only,v2.0.0-w3-h9,2026-09-01,False,True
COMP_0210,87.7,deteriorating,unconfirmed,GROUP_0117,,EUR,,2025-10-06 08:19:13,87.7,80-90,80-90|deteriorating,6,,1.0,13,EUR_only,v2.0.0-w3-h9,2026-09-01,False,True
COMP_0211,76.0,improving,unconfirmed,GROUP_0243,,EUR,,2026-04-22 08:03:09,76.0,70-80,70-80|improving,5,,0.0,6,EUR_only,v2.0.0-w3-h9,2026-09-01,False,True
COMP_0212,80.0,insufficient_data,unconfirmed,GROUP_0199,,SEK,,2025-09-10 14:31:10,80.0,80-90,,11,,0.0,1,EUR_only,v2.0.0-w3-h9,2026-09-01,True,True
COMP_0213,,insufficient_data,unconfirmed,GROUP_0170,,NZD,,2025-06-10 11:11:54,,,,16,,,0,insufficient,v2.0.0-w3-h9,2026-09-01,True,True
COMP_0214,65.5,improving,unconfirmed,GROUP_0112,,EUR,,2025-05-19 09:15:35,65.5,60-70,60-70|improving,12,Microsoft Business Central,0.0,16,EUR_only,v2.0.0-w3-h9,2026-09-01,False,True
COMP_0215,75.6,deteriorating,unconfirmed,GROUP_0070,ES,EUR,businessCentral,2023-03-21 09:07:29,75.6,70-80,70-80|deteriorating,18,Microsoft Business Central,0.07,14,EUR_only,v2.0.0-w3-h9,2026-09-01,False,True
COMP_0216,77.4,improving,confirmed,GROUP_0067,,EUR,,2025-10-02 15:08:39,67.4,60-70,60-70|improving,6,,1.0,20,EUR_only,v2.0.0-w3-h9,2026-09-01,False,False
COMP_0217,86.7,improving,unconfirmed,GROUP_0087,NL,EUR,,2025-10-06 14:08:55,86.7,80-90,80-90|improving,9,,0.0,5,EUR_only,v2.0.0-w3-h9,2026-09-01,True,True
COMP_0218,73.5,deteriorating,unconfirmed,GROUP_0113,,EUR,,2025-03-07 12:27:13,73.5,70-80,70-80|deteriorating,4,Desarrollo propio,0.9,20,EUR_only,v2.0.0-w3-h9,2026-09-01,False,False
COMP_0219,,insufficient_data,unconfirmed,GROUP_0132,,BRL,netsuite,2024-03-15 09:26:24,,,,18,Netsuite,,0,insufficient,v2.0.0-w3-h9,2026-09-01,True,True
COMP_0220,61.9,deteriorating,confirmed,GROUP_0124,,EUR,,2025-12-04 10:52:11,65.1,60-70,60-70|deteriorating,3,,1.0,20,EUR_only,v2.0.0-w3-h9,2026-09-01,False,False
COMP_0221,85.0,stable,unconfirmed,GROUP_0138,,EUR,dynamicsAx,2026-04-08 10:32:20,85.0,80-90,80-90|stable,18,,1.0,7,EUR_only,v2.0.0-w3-h9,2026-09-01,False,True
COMP_0222,100.0,improving,unconfirmed,GROUP_0064,,EUR,,2026-04-21 08:12:36,100.0,90-100,90-100|improving,12,,0.05,19,EUR_only,v2.0.0-w3-h9,2026-09-01,False,False
COMP_0223,66.6,improving,unconfirmed,GROUP_0078,,EUR,,2022-12-12 12:30:25,66.6,60-70,60-70|improving,5,Microsoft Business Central,0.0,16,EUR_only,v2.0.0-w3-h9,2026-09-01,False,True
COMP_0224,71.3,deteriorating,unconfirmed,GROUP_0234,,EUR,,2025-11-04 14:38:31,71.3,70-80,70-80|deteriorating,6,,0.8,10,EUR_only,v2.0.0-w3-h9,2026-09-01,False,True
COMP_0225,78.1,deteriorating,unconfirmed,GROUP_0118,,EUR,businessCentral,2023-10-05 14:15:50,78.1,70-80,70-80|deteriorating,8,Microsoft Business Central,1.0,19,EUR_only,v2.0.0-w3-h9,2026-09-01,False,False
COMP_0226,,insufficient_data,unconfirmed,GROUP_0013,,EUR,sageX3,2024-05-23 10:04:15,,,,12,Sage X3,,0,insufficient,v2.0.0-w3-h9,2026-09-01,True,True
COMP_0227,89.5,stable,unconfirmed,GROUP_0092,,EUR,,2026-07-02 14:58:54,89.5,80-90,80-90|stable,6,,1.0,20,EUR_only,v2.0.0-w3-h9,2026-09-01,False,False
COMP_0228,57.9,deteriorating,unconfirmed,GROUP_0081,,EUR,a3,2025-09-09 10:10:50,57.9,50-60,50-60|deteriorating,12,,1.0,20,EUR_only,v2.0.0-w3-h9,2026-09-01,False,False
COMP_0229,80.0,stable,unconfirmed,GROUP_0101,,EUR,,2024-11-04 15:04:27,80.0,80-90,80-90|stable,18,,0.0,24,EUR_only,v2.0.0-w3-h9,2026-09-01,False,False
COMP_0230,60.5,stable,unconfirmed,GROUP_0213,,EUR,,2025-10-03 08:49:40,60.5,60-70,60-70|stable,6,Microsoft Business Central,0.08,12,EUR_only,v2.0.0-w3-h9,2026-09-01,False,True
COMP_0231,46.9,deteriorating,confirmed,GROUP_0108,,EUR,businessCentral,2024-12-09 16:41:16,56.9,50-60,50-60|deteriorating,19,Microsoft Business Central,0.78,23,EUR_only,v2.0.0-w3-h9,2026-09-01,False,False
COMP_0232,71.6,improving,unconfirmed,GROUP_0038,,EUR,sageX3,2025-06-05 16:08:15,71.6,70-80,70-80|improving,3,,0.33,15,EUR_only,v2.0.0-w3-h9,2026-09-01,False,True
COMP_0233,,insufficient_data,unconfirmed,GROUP_0150,,EUR,,2024-04-24 13:32:33,,,,13,Sage 200,,0,insufficient,v2.0.0-w3-h9,2026-09-01,True,True
COMP_0234,69.4,deteriorating,unconfirmed,GROUP_0101,,EUR,,2024-11-04 14:28:47,69.4,60-70,60-70|deteriorating,18,,1.0,24,EUR_only,v2.0.0-w3-h9,2026-09-01,False,False
COMP_0235,67.8,stable,unconfirmed,GROUP_0028,,EUR,,2025-10-27 15:47:42,67.8,60-70,60-70|stable,1,,0.87,23,EUR_only,v2.0.0-w3-h9,2026-09-01,False,False
COMP_0236,84.9,deteriorating,unconfirmed,GROUP_0243,,EUR,,2026-04-16 09:36:46,84.9,80-90,80-90|deteriorating,5,,1.0,7,EUR_only,v2.0.0-w3-h9,2026-09-01,False,True
COMP_0237,,insufficient_data,unconfirmed,GROUP_0044,,GBP,businessCentral,2026-06-19 11:58:51,,,,13,,,0,insufficient,v2.0.0-w3-h9,2026-09-01,True,True
COMP_0238,74.4,deteriorating,unconfirmed,GROUP_0149,,EUR,m3Rosetta,2026-02-16 09:42:45,74.4,70-80,70-80|deteriorating,13,MOVEX,1.0,9,EUR_only,v2.0.0-w3-h9,2026-09-01,False,True
COMP_0239,84.8,improving,unconfirmed,GROUP_0202,,EUR,businessCentral,2024-10-31 14:30:40,84.8,80-90,80-90|improving,6,Microsoft Business Central,0.88,24,EUR_only,v2.0.0-w3-h9,2026-09-01,False,False
COMP_0240,,insufficient_data,unconfirmed,GROUP_0009,,CAD,,2025-12-10 13:43:25,,,,9,,,0,insufficient,v2.0.0-w3-h9,2026-09-01,True,True
COMP_0241,42.5,stable,unconfirmed,GROUP_0050,,EUR,,2024-01-03 08:11:33,42.5,40-50,40-50|stable,3,,1.0,24,EUR_only,v2.0.0-w3-h9,2026-09-01,False,False
COMP_0242,73.3,deteriorating,unconfirmed,GROUP_0108,ES,EUR,businessCentral,2026-06-18 13:59:08,73.3,70-80,70-80|deteriorating,19,Microsoft Business Central,0.25,4,EUR_only,v2.0.0-w3-h9,2026-09-01,True,True
COMP_0243,77.3,stable,unconfirmed,GROUP_0170,,EUR,,2025-06-10 10:52:17,77.3,70-80,70-80|stable,16,,1.0,17,EUR_only,v2.0.0-w3-h9,2026-09-01,False,True
COMP_0244,77.1,deteriorating,unconfirmed,GROUP_0212,,EUR,,2024-07-10 16:17:46,77.1,70-80,70-80|deteriorating,11,,1.0,24,EUR_only,v2.0.0-w3-h9,2026-09-01,False,False
COMP_0245,85.0,improving,confirmed,GROUP_0096,ES,EUR,netsuite,2025-07-31 10:10:11,81.8,80-90,80-90|improving,7,Netsuite,0.6,15,EUR_only,v2.0.0-w3-h9,2026-09-01,False,True
COMP_0246,80.7,stable,unconfirmed,GROUP_0213,,EUR,businessCentral,2024-01-12 09:48:57,80.7,80-90,80-90|stable,6,Microsoft Business Central,1.0,24,EUR_only,v2.0.0-w3-h9,2026-09-01,False,False
COMP_0247,,insufficient_data,unconfirmed,GROUP_0218,US,EUR,businessCentral,2025-04-24 15:33:57,,,,16,Microsoft Navision,,0,insufficient,v2.0.0-w3-h9,2026-09-01,True,True
COMP_0248,84.0,improving,confirmed,GROUP_0095,,EUR,businessCentral,2025-10-31 12:51:29,77.8,70-80,70-80|improving,12,,1.0,20,EUR_only,v2.0.0-w3-h9,2026-09-01,False,False
COMP_0249,,insufficient_data,unconfirmed,GROUP_0194,GB,GBP,netsuite,2023-04-03 10:14:00,,,,7,Netsuite,,0,insufficient,v2.0.0-w3-h9,2026-09-01,True,True
COMP_0250,62.6,deteriorating,unconfirmed,GROUP_0065,,EUR,netsuite,2024-10-10 11:08:53,62.6,60-70,60-70|deteriorating,13,Netsuite,1.0,24,EUR_only,v2.0.0-w3-h9,2026-09-01,False,False
COMP_0251,,insufficient_data,unconfirmed,GROUP_0170,,PEN,,2025-06-10 11:07:46,,,,16,,,0,insufficient,v2.0.0-w3-h9,2026-09-01,True,True
COMP_0252,92.6,deteriorating,unconfirmed,GROUP_0179,,EUR,,2025-10-29 10:14:39,92.6,90-100,90-100|deteriorating,7,,0.89,9,EUR_only,v2.0.0-w3-h9,2026-09-01,False,True
COMP_0253,75.8,deteriorating,unconfirmed,GROUP_0055,,EUR,dynamicsAx,2024-02-16 09:59:14,75.8,70-80,70-80|deteriorating,4,Microsoft Dynamics - AX 2012,0.75,24,EUR_only,v2.0.0-w3-h9,2026-09-01,False,False
COMP_0254,79.3,deteriorating,unconfirmed,GROUP_0158,,EUR,,2023-05-02 09:29:37,79.3,70-80,70-80|deteriorating,21,,1.0,24,EUR_only,v2.0.0-w3-h9,2026-09-01,False,False
COMP_0255,81.8,stable,unconfirmed,GROUP_0025,,EUR,dynamicsAx,2026-03-09 10:44:39,81.8,80-90,80-90|stable,2,,1.0,8,EUR_only,v2.0.0-w3-h9,2026-09-01,False,True
COMP_0256,,insufficient_data,unconfirmed,GROUP_0170,,USD,,2025-06-10 10:59:38,,,,16,,,0,insufficient,v2.0.0-w3-h9,2026-09-01,True,True
COMP_0257,84.4,improving,confirmed,GROUP_0023,,EUR,sage200,2025-03-17 16:11:21,82.2,80-90,80-90|improving,17,,1.0,20,EUR_only,v2.0.0-w3-h9,2026-09-01,False,False
COMP_0258,66.3,stable,unconfirmed,GROUP_0078,,EUR,,2022-12-12 12:30:44,66.3,60-70,60-70|stable,5,Microsoft Business Central,0.09,23,EUR_only,v2.0.0-w3-h9,2026-09-01,False,False
COMP_0259,67.8,deteriorating,unconfirmed,GROUP_0198,España,EUR,navision,2023-04-24 13:14:58,67.8,60-70,60-70|deteriorating,1,Microsoft Navision,0.0,16,EUR_only,v2.0.0-w3-h9,2026-09-01,False,True
COMP_0260,86.7,improving,unconfirmed,GROUP_0087,NL,EUR,,2025-10-06 14:28:07,86.7,80-90,80-90|improving,9,,0.0,4,EUR_only,v2.0.0-w3-h9,2026-09-01,True,True
COMP_0261,65.8,improving,unconfirmed,GROUP_0086,,EUR,,2024-10-18 10:51:09,65.8,60-70,60-70|improving,5,Microsoft Dynamics - F&O,0.8,15,EUR_only,v2.0.0-w3-h9,2026-09-01,False,True
COMP_0262,87.9,improving,unconfirmed,GROUP_0211,,USD,netsuite,2024-12-13 11:07:23,87.9,80-90,80-90|improving,15,Netsuite,0.69,16,EUR_only,v2.0.0-w3-h9,2026-09-01,False,True
COMP_0263,86.6,deteriorating,unconfirmed,GROUP_0250,,EUR,distritoK,2022-04-22 11:31:45,86.6,80-90,80-90|deteriorating,19,Distrito K,0.0,24,EUR_only,v2.0.0-w3-h9,2026-09-01,False,False
COMP_0264,100.0,stable,unconfirmed,GROUP_0066,,EUR,,2024-04-12 10:05:14,100.0,90-100,90-100|stable,3,Microsoft Business Central,0.0,22,EUR_only,v2.0.0-w3-h9,2026-09-01,False,False
COMP_0265,82.6,improving,unconfirmed,GROUP_0033,,EUR,,2025-09-26 11:03:10,82.6,80-90,80-90|improving,2,,0.73,22,EUR_only,v2.0.0-w3-h9,2026-09-01,False,False
COMP_0266,85.9,deteriorating,confirmed,GROUP_0016,ES,EUR,businessOne,2023-09-12 10:19:20,87.9,80-90,80-90|deteriorating,15,SAP Business One,1.0,24,EUR_only,v2.0.0-w3-h9,2026-09-01,False,False
COMP_0267,74.0,stable,unconfirmed,GROUP_0155,ES,EUR,etendo,2023-01-13 09:54:18,74.0,70-80,70-80|stable,11,Etendo,1.0,24,EUR_only,v2.0.0-w3-h9,2026-09-01,False,False
COMP_0268,99.9,stable,unconfirmed,GROUP_0094,,GBP,netsuite,2024-11-07 09:58:55,99.9,90-100,90-100|stable,13,Netsuite,0.62,24,EUR_only,v2.0.0-w3-h9,2026-09-01,False,False
COMP_0269,67.5,stable,unconfirmed,GROUP_0156,,EUR,,2023-07-04 11:50:07,67.5,60-70,60-70|stable,1,,0.71,7,EUR_only,v2.0.0-w3-h9,2026-09-01,False,True
COMP_0270,86.7,deteriorating,unconfirmed,GROUP_0116,Alemania,EUR,netsuite,2024-02-15 15:08:36,86.7,80-90,80-90|deteriorating,8,Netsuite,1.0,6,EUR_only,v2.0.0-w3-h9,2026-09-01,False,True
COMP_0271,74.0,stable,unconfirmed,GROUP_0138,,EUR,dynamicsAx,2026-04-08 10:25:22,74.0,70-80,70-80|stable,18,,1.0,7,EUR_only,v2.0.0-w3-h9,2026-09-01,False,True
COMP_0272,51.9,deteriorating,unconfirmed,GROUP_0017,ES,EUR,,2026-04-07 10:13:52,51.9,50-60,50-60|deteriorating,11,,1.0,7,EUR_only,v2.0.0-w3-h9,2026-09-01,False,True
COMP_0273,63.5,deteriorating,unconfirmed,GROUP_0155,,EUR,etendo,2023-01-13 09:54:58,63.5,60-70,60-70|deteriorating,11,Etendo,0.3,23,EUR_only,v2.0.0-w3-h9,2026-09-01,False,False
COMP_0274,80.0,improving,confirmed,GROUP_0097,,EUR,,2025-02-14 10:13:55,70.0,70-80,70-80|improving,7,Microsoft Business Central,0.0,20,EUR_only,v2.0.0-w3-h9,2026-09-01,False,False
COMP_0275,60.0,stable,unconfirmed,GROUP_0060,,USD,netsuite,2025-11-17 10:53:05,60.0,60-70,60-70|stable,3,,0.0,6,EUR_only,v2.0.0-w3-h9,2026-09-01,False,True
COMP_0276,,insufficient_data,unconfirmed,GROUP_0199,,AOA,,2025-09-10 14:50:07,,,,11,,,0,insufficient,v2.0.0-w3-h9,2026-09-01,True,True
COMP_0277,69.9,improving,unconfirmed,GROUP_0236,,EUR,,2026-03-02 13:50:15,69.9,60-70,60-70|improving,17,,1.0,8,EUR_only,v2.0.0-w3-h9,2026-09-01,False,True
COMP_0278,80.4,stable,unconfirmed,GROUP_0162,FR,EUR,businessOne,2022-04-06 14:23:50,80.4,80-90,80-90|stable,8,SAP Business One,1.0,24,EUR_only,v2.0.0-w3-h9,2026-09-01,False,False
COMP_0279,80.0,stable,unconfirmed,GROUP_0022,,EUR,netsuite,2024-07-29 14:28:21,80.0,80-90,80-90|stable,13,Netsuite,0.0,22,EUR_only,v2.0.0-w3-h9,2026-09-01,False,False
COMP_0280,100.0,stable,unconfirmed,GROUP_0107,,GBP,sageX3,2026-07-14 11:15:16,100.0,90-100,90-100|stable,2,,0.0,6,EUR_only,v2.0.0-w3-h9,2026-09-01,False,True
COMP_0281,81.2,improving,unconfirmed,GROUP_0127,,EUR,,2025-09-18 08:37:00,81.2,80-90,80-90|improving,8,,1.0,14,EUR_only,v2.0.0-w3-h9,2026-09-01,False,True
COMP_0282,58.0,stable,unconfirmed,GROUP_0187,,EUR,,2024-02-13 08:33:24,58.0,50-60,50-60|stable,8,,1.0,24,EUR_only,v2.0.0-w3-h9,2026-09-01,False,False
COMP_0283,60.1,deteriorating,unconfirmed,GROUP_0089,DE,EUR,netsuite,2026-01-07 09:41:27,60.1,60-70,60-70|deteriorating,2,,0.88,8,EUR_only,v2.0.0-w3-h9,2026-09-01,False,True
COMP_0284,89.9,improving,unconfirmed,GROUP_0163,,EUR,navision,2024-02-13 09:25:24,89.9,80-90,80-90|improving,3,Microsoft Navision,0.07,14,EUR_only,v2.0.0-w3-h9,2026-09-01,False,True
COMP_0285,80.0,stable,unconfirmed,GROUP_0205,,EUR,,2023-11-08 15:12:05,80.0,80-90,80-90|stable,3,,0.0,19,EUR_only,v2.0.0-w3-h9,2026-09-01,False,False
COMP_0286,75.4,deteriorating,unconfirmed,GROUP_0203,,EUR,netsuite,2026-04-28 15:16:25,75.4,70-80,70-80|deteriorating,5,,1.0,6,EUR_only,v2.0.0-w3-h9,2026-09-01,False,True
COMP_0287,66.7,improving,unconfirmed,GROUP_0231,,EUR,netsuite,2023-10-09 08:23:09,66.7,60-70,60-70|improving,2,Netsuite,0.04,24,EUR_only,v2.0.0-w3-h9,2026-09-01,False,False
COMP_0288,77.3,deteriorating,unconfirmed,GROUP_0075,,EUR,,2023-02-20 12:31:41,77.3,70-80,70-80|deteriorating,1,,0.87,15,EUR_only,v2.0.0-w3-h9,2026-09-01,False,True
COMP_0289,93.3,improving,unconfirmed,GROUP_0142,,EUR,,2024-09-10 18:41:49,93.3,90-100,90-100|improving,22,Sage 50,1.0,24,EUR_only,v2.0.0-w3-h9,2026-09-01,False,False
COMP_0290,66.8,deteriorating,unconfirmed,GROUP_0053,ES,EUR,businessOne,2025-05-21 09:03:40,66.8,60-70,60-70|deteriorating,7,SAP Business One,1.0,14,EUR_only,v2.0.0-w3-h9,2026-09-01,False,True
COMP_0291,73.7,deteriorating,unconfirmed,GROUP_0104,,EUR,,2026-02-27 16:08:55,73.7,70-80,70-80|deteriorating,10,,0.88,8,EUR_only,v2.0.0-w3-h9,2026-09-01,False,True
COMP_0292,100.0,insufficient_data,unconfirmed,GROUP_0199,,GHS,,2025-09-10 14:47:14,100.0,90-100,,11,,0.0,3,EUR_only,v2.0.0-w3-h9,2026-09-01,True,True
COMP_0293,59.8,stable,unconfirmed,GROUP_0126,,EUR,m3Rosetta,2024-05-21 08:08:17,59.8,50-60,50-60|stable,11,Infor M3 ,1.0,24,EUR_only,v2.0.0-w3-h9,2026-09-01,False,False
COMP_0294,92.9,improving,unconfirmed,GROUP_0217,,EUR,businessCentral,2025-04-04 07:58:25,92.9,90-100,90-100|improving,22,,0.0,15,EUR_only,v2.0.0-w3-h9,2026-09-01,False,True
COMP_0295,75.6,improving,unconfirmed,GROUP_0039,,EUR,businessCentral,2026-04-10 11:57:37,75.6,70-80,70-80|improving,5,,0.57,7,EUR_only,v2.0.0-w3-h9,2026-09-01,False,True
COMP_0296,60.0,stable,unconfirmed,GROUP_0199,ES,EUR,,2025-09-10 14:24:15,60.0,60-70,60-70|stable,11,,0.0,14,EUR_only,v2.0.0-w3-h9,2026-09-01,False,True
COMP_0297,73.7,stable,unconfirmed,GROUP_0011,,EUR,,2026-01-20 21:40:47,73.7,70-80,70-80|stable,10,,0.86,7,EUR_only,v2.0.0-w3-h9,2026-09-01,False,True
COMP_0298,80.0,improving,unconfirmed,GROUP_0063,,EUR,,2025-04-03 14:55:52,80.0,80-90,80-90|improving,5,,0.58,19,EUR_only,v2.0.0-w3-h9,2026-09-01,False,False
COMP_0299,95.7,improving,confirmed,GROUP_0087,NL,EUR,,2025-10-06 14:03:05,87.9,80-90,80-90|improving,9,,1.0,11,EUR_only,v2.0.0-w3-h9,2026-09-01,False,True
COMP_0300,72.1,deteriorating,unconfirmed,GROUP_0144,,EUR,businessCentral,2026-02-12 09:39:52,72.1,70-80,70-80|deteriorating,3,,1.0,9,EUR_only,v2.0.0-w3-h9,2026-09-01,False,True
COMP_0301,84.4,deteriorating,unconfirmed,GROUP_0009,,EUR,,2025-12-05 08:12:09,84.4,80-90,80-90|deteriorating,9,,1.0,11,EUR_only,v2.0.0-w3-h9,2026-09-01,False,True
COMP_0302,80.8,deteriorating,confirmed,GROUP_0243,,PLN,,2026-04-22 08:03:27,86.0,80-90,80-90|deteriorating,5,,0.86,7,EUR_only,v2.0.0-w3-h9,2026-09-01,False,True
COMP_0303,73.6,stable,unconfirmed,GROUP_0239,,EUR,,2026-03-11 15:55:08,73.6,70-80,70-80|stable,5,,1.0,8,EUR_only,v2.0.0-w3-h9,2026-09-01,False,True
COMP_0304,82.1,stable,unconfirmed,GROUP_0127,,EUR,,2025-09-18 08:37:15,82.1,80-90,80-90|stable,8,,1.0,14,EUR_only,v2.0.0-w3-h9,2026-09-01,False,True
COMP_0305,81.3,stable,unconfirmed,GROUP_0184,ES,EUR,,2025-12-29 09:17:10,81.3,80-90,80-90|stable,9,,1.0,10,EUR_only,v2.0.0-w3-h9,2026-09-01,False,True
COMP_0306,,insufficient_data,unconfirmed,GROUP_0094,,COP,netsuite,2024-11-07 10:02:26,,,,13,Netsuite,,0,insufficient,v2.0.0-w3-h9,2026-09-01,True,True
COMP_0307,80.0,improving,unconfirmed,GROUP_0112,,EUR,businessCentral,2024-06-11 13:50:28,80.0,80-90,80-90|improving,12,Microsoft Business Central,0.0,11,EUR_only,v2.0.0-w3-h9,2026-09-01,False,True
COMP_0308,81.8,deteriorating,unconfirmed,GROUP_0250,,EUR,distritoK,2022-04-22 11:29:02,81.8,80-90,80-90|deteriorating,19,Distrito K,1.0,24,EUR_only,v2.0.0-w3-h9,2026-09-01,False,False
COMP_0309,86.6,deteriorating,unconfirmed,GROUP_0250,,EUR,distritoK,2022-04-22 11:31:31,86.6,80-90,80-90|deteriorating,19,Distrito K,0.0,24,EUR_only,v2.0.0-w3-h9,2026-09-01,False,False
COMP_0310,81.7,improving,unconfirmed,GROUP_0158,,EUR,,2023-05-02 11:42:07,81.7,80-90,80-90|improving,21,,0.62,24,EUR_only,v2.0.0-w3-h9,2026-09-01,False,False
COMP_0311,79.2,deteriorating,unconfirmed,GROUP_0175,,EUR,netsuite,2025-09-23 12:30:34,79.2,70-80,70-80|deteriorating,6,,0.85,13,EUR_only,v2.0.0-w3-h9,2026-09-01,False,True
COMP_0312,63.9,deteriorating,unconfirmed,GROUP_0194,,EUR,,2025-07-07 08:05:00,63.9,60-70,60-70|deteriorating,7,Netsuite,1.0,9,EUR_only,v2.0.0-w3-h9,2026-09-01,False,True
COMP_0313,73.3,deteriorating,unconfirmed,GROUP_0094,,EUR,netsuite,2024-11-07 09:51:05,73.3,70-80,70-80|deteriorating,13,Netsuite,0.88,24,EUR_only,v2.0.0-w3-h9,2026-09-01,False,False
COMP_0314,100.0,stable,unconfirmed,GROUP_0101,,EUR,,2024-11-04 15:15:32,100.0,90-100,90-100|stable,18,,0.06,16,EUR_only,v2.0.0-w3-h9,2026-09-01,False,True
COMP_0315,74.3,improving,unconfirmed,GROUP_0064,,EUR,,2026-03-10 11:54:48,74.3,70-80,70-80|improving,12,,0.0,16,EUR_only,v2.0.0-w3-h9,2026-09-01,False,True
COMP_0316,85.5,improving,confirmed,GROUP_0150,España,EUR,sage200,2023-11-16 13:16:28,78.5,70-80,70-80|improving,13,Sage 200,1.0,24,EUR_only,v2.0.0-w3-h9,2026-09-01,False,False
COMP_0317,61.9,deteriorating,unconfirmed,GROUP_0170,,EUR,,2025-07-24 09:09:58,61.9,60-70,60-70|deteriorating,16,,0.0,12,EUR_only,v2.0.0-w3-h9,2026-09-01,False,True
COMP_0318,70.6,deteriorating,confirmed,GROUP_0226,,EUR,businessCentral,2025-10-07 09:37:36,77.6,70-80,70-80|deteriorating,4,,0.65,20,EUR_only,v2.0.0-w3-h9,2026-09-01,False,False
COMP_0319,85.0,stable,unconfirmed,GROUP_0184,,EUR,,2026-03-11 15:23:57,85.0,80-90,80-90|stable,9,,1.0,8,EUR_only,v2.0.0-w3-h9,2026-09-01,False,True
COMP_0320,77.9,stable,unconfirmed,GROUP_0246,,EUR,businessCentral,2026-04-14 19:24:23,77.9,70-80,70-80|stable,7,,0.75,8,EUR_only,v2.0.0-w3-h9,2026-09-01,False,True
COMP_0321,82.3,deteriorating,unconfirmed,GROUP_0159,,EUR,,2024-10-08 11:08:17,82.3,80-90,80-90|deteriorating,13,,1.0,24,EUR_only,v2.0.0-w3-h9,2026-09-01,False,False
COMP_0322,82.9,improving,unconfirmed,GROUP_0108,,EUR,businessCentral,2024-12-09 16:40:28,82.9,80-90,80-90|improving,19,Microsoft Business Central,0.96,23,EUR_only,v2.0.0-w3-h9,2026-09-01,False,False
COMP_0323,,insufficient_data,unconfirmed,GROUP_0122,,USD,netsuite,2026-02-24 15:36:49,,,,8,,,0,insufficient,v2.0.0-w3-h9,2026-09-01,True,True
COMP_0324,74.1,stable,unconfirmed,GROUP_0138,,EUR,dynamicsAx,2026-04-08 10:29:03,74.1,70-80,70-80|stable,18,,1.0,7,EUR_only,v2.0.0-w3-h9,2026-09-01,False,True
COMP_0325,80.0,stable,unconfirmed,GROUP_0101,,EUR,,2024-11-04 15:02:54,80.0,80-90,80-90|stable,18,,0.0,20,EUR_only,v2.0.0-w3-h9,2026-09-01,False,False
COMP_0326,77.3,improving,confirmed,GROUP_0018,,EUR,businessCentral,2025-09-02 07:34:47,70.6,70-80,70-80|improving,12,,0.88,16,EUR_only,v2.0.0-w3-h9,2026-09-01,False,True
COMP_0327,63.3,deteriorating,confirmed,GROUP_0130,NL,EUR,,2025-11-19 15:29:42,73.3,70-80,70-80|deteriorating,9,,0.22,9,EUR_only,v2.0.0-w3-h9,2026-09-01,False,True
COMP_0328,84.0,stable,unconfirmed,GROUP_0136,,EUR,netsuite,2026-05-26 15:21:44,84.0,80-90,80-90|stable,2,,1.0,8,EUR_only,v2.0.0-w3-h9,2026-09-01,False,True
COMP_0329,82.4,improving,unconfirmed,GROUP_0161,,EUR,,2022-03-13 10:02:54,82.4,80-90,80-90|improving,2,,1.0,24,EUR_only,v2.0.0-w3-h9,2026-09-01,False,False
COMP_0330,91.2,deteriorating,unconfirmed,GROUP_0088,,EUR,sageX3,2025-02-20 13:30:56,91.2,90-100,90-100|deteriorating,5,Sage X3,0.25,20,EUR_only,v2.0.0-w3-h9,2026-09-01,False,False
COMP_0331,80.0,improving,unconfirmed,GROUP_0096,,EUR,netsuite,2023-07-03 09:44:32,80.0,80-90,80-90|improving,7,Netsuite,0.0,16,EUR_only,v2.0.0-w3-h9,2026-09-01,False,True
COMP_0332,77.8,improving,unconfirmed,GROUP_0149,,EUR,m3Rosetta,2026-02-16 20:05:42,77.8,70-80,70-80|improving,13,MOVEX,0.89,9,EUR_only,v2.0.0-w3-h9,2026-09-01,False,True
COMP_0333,73.3,deteriorating,unconfirmed,GROUP_0217,,EUR,businessCentral,2025-04-04 08:08:08,73.3,70-80,70-80|deteriorating,22,,0.0,19,EUR_only,v2.0.0-w3-h9,2026-09-01,False,False
COMP_0334,75.5,stable,unconfirmed,GROUP_0159,,EUR,,2024-09-25 07:05:51,75.5,70-80,70-80|stable,13,,1.0,21,EUR_only,v2.0.0-w3-h9,2026-09-01,False,False
COMP_0335,99.8,improving,unconfirmed,GROUP_0214,,EUR,,2025-11-14 09:08:19,99.8,90-100,90-100|improving,3,Microsoft Navision,0.92,12,EUR_only,v2.0.0-w3-h9,2026-09-01,False,True
COMP_0336,86.5,improving,unconfirmed,GROUP_0211,,GBP,netsuite,2024-12-13 11:05:44,86.5,80-90,80-90|improving,15,Netsuite,0.93,15,EUR_only,v2.0.0-w3-h9,2026-09-01,False,True
COMP_0337,78.3,improving,unconfirmed,GROUP_0022,,EUR,netsuite,2024-07-29 14:28:30,78.3,70-80,70-80|improving,13,Netsuite,0.0,8,EUR_only,v2.0.0-w3-h9,2026-09-01,False,True
COMP_0338,60.0,stable,unconfirmed,GROUP_0088,,EUR,sageX3,2025-02-20 13:08:14,60.0,60-70,60-70|stable,5,Sage X3,1.0,20,EUR_only,v2.0.0-w3-h9,2026-09-01,False,False
COMP_0339,,insufficient_data,unconfirmed,GROUP_0188,GB,GBP,netsuite,2024-09-17 10:27:30,,,,2,Netsuite,,0,insufficient,v2.0.0-w3-h9,2026-09-01,True,True
COMP_0340,87.6,improving,unconfirmed,GROUP_0116,,EUR,netsuite,2023-08-17 15:15:23,87.6,80-90,80-90|improving,8,Netsuite,1.0,24,EUR_only,v2.0.0-w3-h9,2026-09-01,False,False
COMP_0341,68.2,improving,unconfirmed,GROUP_0150,España,EUR,sage200,2023-06-19 14:40:53,68.2,60-70,60-70|improving,13,Sage 200,0.5,24,EUR_only,v2.0.0-w3-h9,2026-09-01,False,False
COMP_0342,92.1,improving,confirmed,GROUP_0079,,EUR,dynamicsAx,2024-11-28 14:06:09,84.9,80-90,80-90|improving,15,Microsoft Dynamics - AX 2009,1.0,15,EUR_only,v2.0.0-w3-h9,2026-09-01,False,True
COMP_0343,86.7,deteriorating,unconfirmed,GROUP_0167,,EUR,sageX3,2025-09-02 07:35:35,86.7,80-90,80-90|deteriorating,1,,1.0,10,EUR_only,v2.0.0-w3-h9,2026-09-01,False,True
COMP_0344,93.3,improving,confirmed,GROUP_0211,,GBP,netsuite,2024-12-13 11:06:02,86.7,80-90,80-90|improving,15,Netsuite,0.15,13,EUR_only,v2.0.0-w3-h9,2026-09-01,False,True
COMP_0345,69.3,deteriorating,unconfirmed,GROUP_0069,,EUR,businessCentral,2026-03-20 12:04:27,69.3,60-70,60-70|deteriorating,3,,0.5,8,EUR_only,v2.0.0-w3-h9,2026-09-01,False,True
COMP_0346,73.3,deteriorating,unconfirmed,GROUP_0097,,EUR,businessCentral,2025-02-14 09:45:04,73.3,70-80,70-80|deteriorating,7,Microsoft Business Central,0.14,14,EUR_only,v2.0.0-w3-h9,2026-09-01,False,True
COMP_0347,85.9,improving,confirmed,GROUP_0117,,EUR,,2025-10-06 08:19:53,83.1,80-90,80-90|improving,6,,1.0,13,EUR_only,v2.0.0-w3-h9,2026-09-01,False,True
COMP_0348,60.5,improving,unconfirmed,GROUP_0138,,EUR,dynamicsAx,2026-04-08 10:35:23,60.5,60-70,60-70|improving,18,,1.0,7,EUR_only,v2.0.0-w3-h9,2026-09-01,False,True
COMP_0349,99.8,stable,unconfirmed,GROUP_0101,,EUR,,2024-11-04 14:59:00,99.8,90-100,90-100|stable,18,,0.67,24,EUR_only,v2.0.0-w3-h9,2026-09-01,False,False
COMP_0350,,insufficient_data,unconfirmed,GROUP_0189,,EUR,sageX3,2024-07-24 13:23:53,,,,4,Sage X3,,0,insufficient,v2.0.0-w3-h9,2026-09-01,True,True
COMP_0351,50.3,deteriorating,confirmed,GROUP_0223,,EUR,,2026-06-22 20:31:37,60.3,60-70,60-70|deteriorating,1,,1.0,8,EUR_only,v2.0.0-w3-h9,2026-09-01,False,True
COMP_0352,80.3,improving,unconfirmed,GROUP_0044,,EUR,businessCentral,2026-06-19 12:00:54,80.3,80-90,80-90|improving,13,,0.89,9,EUR_only,v2.0.0-w3-h9,2026-09-01,False,True
COMP_0353,60.0,deteriorating,unconfirmed,GROUP_0073,,EUR,businessCentral,2025-11-11 14:20:58,60.0,60-70,60-70|deteriorating,3,Microsoft Business Central,0.22,9,EUR_only,v2.0.0-w3-h9,2026-09-01,False,True
COMP_0354,90.0,improving,unconfirmed,GROUP_0220,,EUR,navision,2024-03-21 16:24:37,90.0,90-100,90-100|improving,6,Microsoft Navision,1.0,24,EUR_only,v2.0.0-w3-h9,2026-09-01,False,False
COMP_0355,71.2,deteriorating,unconfirmed,GROUP_0049,,EUR,,2026-03-09 08:20:54,71.2,70-80,70-80|deteriorating,2,,0.0,7,EUR_only,v2.0.0-w3-h9,2026-09-01,False,True
COMP_0356,52.4,deteriorating,unconfirmed,GROUP_0172,,EUR,,2025-05-22 14:21:03,52.4,50-60,50-60|deteriorating,21,,0.94,18,EUR_only,v2.0.0-w3-h9,2026-09-01,False,False
COMP_0357,85.7,improving,unconfirmed,GROUP_0036,,EUR,businessOne,2023-10-11 07:28:11,85.7,80-90,80-90|improving,1,SAP Business One,0.96,24,EUR_only,v2.0.0-w3-h9,2026-09-01,False,False
COMP_0358,60.9,deteriorating,unconfirmed,GROUP_0127,,EUR,,2025-09-18 08:36:41,60.9,60-70,60-70|deteriorating,8,,0.79,14,EUR_only,v2.0.0-w3-h9,2026-09-01,False,True
COMP_0359,,insufficient_data,unconfirmed,GROUP_0110,,EUR,netsuite,2022-12-29 10:43:25,,,,1,Netsuite,,0,insufficient,v2.0.0-w3-h9,2026-09-01,True,True
COMP_0360,74.6,stable,unconfirmed,GROUP_0138,,EUR,dynamicsAx,2026-04-08 10:29:19,74.6,70-80,70-80|stable,18,,1.0,7,EUR_only,v2.0.0-w3-h9,2026-09-01,False,True
COMP_0361,80.0,stable,unconfirmed,GROUP_0116,,DKK,netsuite,2023-08-17 15:15:46,80.0,80-90,80-90|stable,8,Netsuite,0.0,20,EUR_only,v2.0.0-w3-h9,2026-09-01,False,False
COMP_0362,73.2,deteriorating,unconfirmed,GROUP_0142,,EUR,,2024-09-10 18:42:51,73.2,70-80,70-80|deteriorating,22,Sage 50,1.0,24,EUR_only,v2.0.0-w3-h9,2026-09-01,False,False
COMP_0363,59.9,deteriorating,unconfirmed,GROUP_0250,,EUR,distritoK,2022-04-22 11:29:15,59.9,50-60,50-60|deteriorating,19,Distrito K,0.0,24,EUR_only,v2.0.0-w3-h9,2026-09-01,False,False
COMP_0364,51.2,deteriorating,unconfirmed,GROUP_0195,,EUR,businessCentral,2026-01-09 10:40:10,51.2,50-60,50-60|deteriorating,6,,1.0,12,EUR_only,v2.0.0-w3-h9,2026-09-01,False,True
COMP_0365,88.7,deteriorating,unconfirmed,GROUP_0122,,EUR,netsuite,2026-02-24 15:33:47,88.7,80-90,80-90|deteriorating,8,,1.0,8,EUR_only,v2.0.0-w3-h9,2026-09-01,False,True
COMP_0366,62.2,stable,unconfirmed,GROUP_0119,,EUR,sageIntacct,2026-03-02 08:26:34,62.2,60-70,60-70|stable,5,,1.0,8,EUR_only,v2.0.0-w3-h9,2026-09-01,False,True
COMP_0367,59.1,deteriorating,unconfirmed,GROUP_0187,,EUR,,2024-02-13 08:33:49,59.1,50-60,50-60|deteriorating,8,,0.88,24,EUR_only,v2.0.0-w3-h9,2026-09-01,False,False
COMP_0368,71.2,stable,unconfirmed,GROUP_0016,ES,EUR,businessOne,2023-09-12 10:18:51,71.2,70-80,70-80|stable,15,SAP Business One,1.0,24,EUR_only,v2.0.0-w3-h9,2026-09-01,False,False
COMP_0369,77.4,stable,unconfirmed,GROUP_0246,,EUR,businessCentral,2026-04-14 19:20:29,77.4,70-80,70-80|stable,7,,1.0,7,EUR_only,v2.0.0-w3-h9,2026-09-01,False,True
COMP_0370,100.0,insufficient_data,unconfirmed,GROUP_0164,,GBP,netsuite,2026-01-22 11:08:22,100.0,90-100,,2,,0.0,1,EUR_only,v2.0.0-w3-h9,2026-09-01,True,True
COMP_0371,60.0,deteriorating,unconfirmed,GROUP_0122,,EUR,netsuite,2026-02-24 15:35:21,60.0,60-70,60-70|deteriorating,8,,0.0,6,EUR_only,v2.0.0-w3-h9,2026-09-01,False,True
COMP_0372,72.1,improving,unconfirmed,GROUP_0144,,EUR,businessCentral,2026-02-12 09:40:09,72.1,70-80,70-80|improving,3,,1.0,9,EUR_only,v2.0.0-w3-h9,2026-09-01,False,True
COMP_0373,,insufficient_data,unconfirmed,GROUP_0192,,CHF,,2025-09-29 11:06:01,,,,4,,,0,insufficient,v2.0.0-w3-h9,2026-09-01,True,True
COMP_0374,86.7,deteriorating,unconfirmed,GROUP_0020,,EUR,,2025-09-22 14:46:45,86.7,80-90,80-90|deteriorating,6,,0.2,10,EUR_only,v2.0.0-w3-h9,2026-09-01,False,True
COMP_0375,75.8,deteriorating,unconfirmed,GROUP_0143,,EUR,businessCentral,2024-02-22 09:46:51,75.8,70-80,70-80|deteriorating,10,Microsoft Business Central,0.07,14,EUR_only,v2.0.0-w3-h9,2026-09-01,False,True
COMP_0376,57.5,stable,unconfirmed,GROUP_0070,ES,EUR,businessCentral,2025-06-30 12:47:56,57.5,50-60,50-60|stable,18,Microsoft Business Central,1.0,14,EUR_only,v2.0.0-w3-h9,2026-09-01,False,True
COMP_0377,69.4,improving,confirmed,GROUP_0009,,EUR,,2025-12-05 08:08:18,64.7,60-70,60-70|improving,9,,0.0,10,EUR_only,v2.0.0-w3-h9,2026-09-01,False,True
COMP_0378,89.6,stable,unconfirmed,GROUP_0234,,EUR,businessOne,2025-10-28 17:01:07,89.6,80-90,80-90|stable,6,,0.89,9,EUR_only,v2.0.0-w3-h9,2026-09-01,False,True
COMP_0379,66.7,stable,unconfirmed,GROUP_0112,Italia,EUR,businessCentral,2024-06-11 13:49:17,66.7,60-70,60-70|stable,12,Microsoft Business Central,0.15,20,EUR_only,v2.0.0-w3-h9,2026-09-01,False,False
COMP_0380,55.7,deteriorating,unconfirmed,GROUP_0059,,EUR,businessCentral,2025-03-03 17:42:28,55.7,50-60,50-60|deteriorating,2,Microsoft Business Central,0.11,9,EUR_only,v2.0.0-w3-h9,2026-09-01,False,True
COMP_0381,80.9,improving,unconfirmed,GROUP_0079,,EUR,dynamicsAx,2024-11-28 14:07:47,80.9,80-90,80-90|improving,15,Microsoft Dynamics - AX 2009,1.0,23,EUR_only,v2.0.0-w3-h9,2026-09-01,False,False
COMP_0382,79.8,improving,unconfirmed,GROUP_0068,,EUR,businessCentral,2025-04-24 11:27:54,79.8,70-80,70-80|improving,4,,0.0,6,EUR_only,v2.0.0-w3-h9,2026-09-01,False,True
COMP_0383,93.9,improving,unconfirmed,GROUP_0078,,EUR,,2022-12-12 12:31:20,93.9,90-100,90-100|improving,5,Microsoft Business Central,0.96,24,EUR_only,v2.0.0-w3-h9,2026-09-01,False,False
COMP_0384,81.5,improving,confirmed,GROUP_0094,,EUR,netsuite,2024-11-07 09:58:22,71.6,70-80,70-80|improving,13,Netsuite,1.0,24,EUR_only,v2.0.0-w3-h9,2026-09-01,False,False
COMP_0385,69.3,stable,unconfirmed,GROUP_0145,,EUR,,2025-07-14 13:58:39,69.3,60-70,60-70|stable,1,,1.0,16,EUR_only,v2.0.0-w3-h9,2026-09-01,False,True
COMP_0386,81.3,improving,unconfirmed,GROUP_0020,,EUR,,2025-06-23 07:47:17,81.3,80-90,80-90|improving,6,,0.0,10,EUR_only,v2.0.0-w3-h9,2026-09-01,False,True
COMP_0387,70.2,deteriorating,unconfirmed,GROUP_0097,,EUR,businessCentral,2025-02-14 09:38:47,70.2,70-80,70-80|deteriorating,7,Microsoft Business Central,0.9,21,EUR_only,v2.0.0-w3-h9,2026-09-01,False,False
COMP_0388,66.1,improving,confirmed,GROUP_0187,,EUR,,2024-02-13 08:33:30,59.8,50-60,50-60|improving,8,,1.0,24,EUR_only,v2.0.0-w3-h9,2026-09-01,False,False
COMP_0389,76.6,deteriorating,unconfirmed,GROUP_0150,,EUR,,2025-06-17 15:03:02,76.6,70-80,70-80|deteriorating,13,Sage 200,1.0,17,EUR_only,v2.0.0-w3-h9,2026-09-01,False,True
COMP_0390,,insufficient_data,unconfirmed,GROUP_0064,,EUR,,2026-05-06 14:45:19,,,,12,,,0,insufficient,v2.0.0-w3-h9,2026-09-01,True,True
COMP_0391,48.5,deteriorating,confirmed,GROUP_0042,,EUR,,2026-03-12 10:13:02,58.5,50-60,50-60|deteriorating,2,,0.88,8,EUR_only,v2.0.0-w3-h9,2026-09-01,False,True
COMP_0392,83.6,improving,unconfirmed,GROUP_0222,,EUR,businessCentral,2025-01-16 09:10:16,83.6,80-90,80-90|improving,22,,1.0,20,EUR_only,v2.0.0-w3-h9,2026-09-01,False,False
COMP_0393,80.3,stable,unconfirmed,GROUP_0054,,EUR,,2025-10-07 12:35:48,80.3,80-90,80-90|stable,4,,1.0,11,EUR_only,v2.0.0-w3-h9,2026-09-01,False,True
COMP_0394,87.8,improving,unconfirmed,GROUP_0224,,EUR,sage200,2025-09-02 15:50:36,87.8,80-90,80-90|improving,3,,0.73,11,EUR_only,v2.0.0-w3-h9,2026-09-01,False,True
COMP_0395,73.0,deteriorating,unconfirmed,GROUP_0112,Portugal,EUR,businessCentral,2024-06-11 13:55:21,73.0,70-80,70-80|deteriorating,12,Microsoft Business Central,0.96,24,EUR_only,v2.0.0-w3-h9,2026-09-01,False,False
COMP_0396,60.4,deteriorating,unconfirmed,GROUP_0096,,EUR,netsuite,2023-07-03 10:44:42,60.4,60-70,60-70|deteriorating,7,Netsuite,0.79,24,EUR_only,v2.0.0-w3-h9,2026-09-01,False,False
COMP_0397,100.0,improving,unconfirmed,GROUP_0155,DE,EUR,etendo,2023-01-13 09:56:20,100.0,90-100,90-100|improving,11,Etendo,0.65,17,EUR_only,v2.0.0-w3-h9,2026-09-01,False,True
COMP_0398,54.7,stable,unconfirmed,GROUP_0018,,EUR,businessCentral,2025-09-02 07:35:40,54.7,50-60,50-60|stable,12,,0.59,17,EUR_only,v2.0.0-w3-h9,2026-09-01,False,True
COMP_0399,72.9,deteriorating,unconfirmed,GROUP_0115,,EUR,,2022-11-14 14:21:16,72.9,70-80,70-80|deteriorating,12,,1.0,24,EUR_only,v2.0.0-w3-h9,2026-09-01,False,False
COMP_0400,61.5,deteriorating,unconfirmed,GROUP_0142,,EUR,,2024-09-10 18:43:11,61.5,60-70,60-70|deteriorating,22,Sage 50,0.83,24,EUR_only,v2.0.0-w3-h9,2026-09-01,False,False
COMP_0401,63.0,stable,unconfirmed,GROUP_0087,,EUR,,2025-11-14 07:48:51,63.0,60-70,60-70|stable,9,,0.0,12,EUR_only,v2.0.0-w3-h9,2026-09-01,False,True
COMP_0402,64.1,improving,confirmed,GROUP_0131,,EUR,,2025-07-22 20:42:00,61.9,60-70,60-70|improving,9,,0.94,16,EUR_only,v2.0.0-w3-h9,2026-09-01,False,True
COMP_0403,80.4,improving,unconfirmed,GROUP_0201,ES,EUR,businessCentral,2025-10-13 09:48:33,80.4,80-90,80-90|improving,1,,0.75,8,EUR_only,v2.0.0-w3-h9,2026-09-01,False,True
COMP_0404,,insufficient_data,unconfirmed,GROUP_0094,,USD,netsuite,2024-11-07 09:59:37,,,,13,Netsuite,,0,insufficient,v2.0.0-w3-h9,2026-09-01,True,True
COMP_0405,76.4,stable,unconfirmed,GROUP_0035,ES,EUR,businessCentral,2024-03-06 08:44:43,76.4,70-80,70-80|stable,14,Microsoft Business Central,1.0,24,EUR_only,v2.0.0-w3-h9,2026-09-01,False,False
COMP_0406,83.5,deteriorating,unconfirmed,GROUP_0034,,EUR,netsuite,2026-01-09 12:41:04,83.5,80-90,80-90|deteriorating,1,,1.0,8,EUR_only,v2.0.0-w3-h9,2026-09-01,False,True
COMP_0407,41.5,deteriorating,confirmed,GROUP_0067,,EUR,,2025-10-02 15:05:33,51.5,50-60,50-60|deteriorating,6,,1.0,20,EUR_only,v2.0.0-w3-h9,2026-09-01,False,False
COMP_0408,,insufficient_data,unconfirmed,GROUP_0076,,EUR,,2026-04-13 13:55:16,,,,2,,,0,insufficient,v2.0.0-w3-h9,2026-09-01,True,True
COMP_0409,100.0,insufficient_data,unconfirmed,GROUP_0009,,BAM,,2025-12-05 08:10:58,100.0,90-100,,9,,0.0,1,EUR_only,v2.0.0-w3-h9,2026-09-01,True,True
COMP_0410,98.4,improving,confirmed,GROUP_0112,Portugal,EUR,businessCentral,2024-06-11 13:56:39,90.0,90-100,90-100|improving,12,Microsoft Business Central,0.0,24,EUR_only,v2.0.0-w3-h9,2026-09-01,False,False
COMP_0411,70.2,improving,unconfirmed,GROUP_0158,,EUR,,2023-05-02 09:25:45,70.2,70-80,70-80|improving,21,,1.0,24,EUR_only,v2.0.0-w3-h9,2026-09-01,False,False
COMP_0412,94.4,improving,confirmed,GROUP_0016,ES,EUR,businessOne,2023-09-12 10:18:34,84.4,80-90,80-90|improving,15,SAP Business One,1.0,24,EUR_only,v2.0.0-w3-h9,2026-09-01,False,False
COMP_0413,75.9,deteriorating,unconfirmed,GROUP_0130,IT,EUR,,2025-11-19 15:31:03,75.9,70-80,70-80|deteriorating,9,,1.0,6,EUR_only,v2.0.0-w3-h9,2026-09-01,False,True
COMP_0414,75.8,deteriorating,unconfirmed,GROUP_0217,,EUR,businessCentral,2025-04-04 08:06:32,75.8,70-80,70-80|deteriorating,22,,1.0,19,EUR_only,v2.0.0-w3-h9,2026-09-01,False,False
COMP_0415,67.4,improving,unconfirmed,GROUP_0204,,EUR,netsuite,2026-06-09 07:32:55,67.4,60-70,60-70|improving,1,,1.0,5,EUR_only,v2.0.0-w3-h9,2026-09-01,True,True
COMP_0416,74.7,improving,unconfirmed,GROUP_0040,ES,EUR,ekon,2025-12-19 13:29:52,74.7,70-80,70-80|improving,3,,0.91,11,EUR_only,v2.0.0-w3-h9,2026-09-01,False,True
COMP_0417,80.3,deteriorating,unconfirmed,GROUP_0092,,EUR,,2026-07-02 15:00:00,80.3,80-90,80-90|deteriorating,6,,1.0,20,EUR_only,v2.0.0-w3-h9,2026-09-01,False,False
COMP_0418,68.3,stable,unconfirmed,GROUP_0070,ES,EUR,businessCentral,2023-06-06 14:51:27,68.3,60-70,60-70|stable,18,Microsoft Business Central,0.75,24,EUR_only,v2.0.0-w3-h9,2026-09-01,False,False
COMP_0419,,insufficient_data,unconfirmed,GROUP_0152,,GBP,,2025-12-04 16:12:12,,,,4,,,0,insufficient,v2.0.0-w3-h9,2026-09-01,True,True
COMP_0420,48.4,deteriorating,confirmed,GROUP_0104,,EUR,,2026-02-27 16:09:31,52.2,50-60,50-60|deteriorating,10,,0.88,8,EUR_only,v2.0.0-w3-h9,2026-09-01,False,True
COMP_0421,80.0,improving,unconfirmed,GROUP_0230,,EUR,r3,2025-10-31 12:20:12,80.0,80-90,80-90|improving,7,,0.0,10,EUR_only,v2.0.0-w3-h9,2026-09-01,False,True
COMP_0422,65.5,stable,unconfirmed,GROUP_0018,,EUR,businessCentral,2025-09-02 07:34:25,65.5,60-70,60-70|stable,12,,0.92,12,EUR_only,v2.0.0-w3-h9,2026-09-01,False,True
COMP_0423,68.7,deteriorating,unconfirmed,GROUP_0162,,EUR,businessOne,2022-04-06 14:21:41,68.7,60-70,60-70|deteriorating,8,SAP Business One,0.67,24,EUR_only,v2.0.0-w3-h9,2026-09-01,False,False
COMP_0424,50.6,deteriorating,confirmed,GROUP_0097,,EUR,businessCentral,2025-02-14 09:38:09,60.0,60-70,60-70|deteriorating,7,Microsoft Business Central,0.95,21,EUR_only,v2.0.0-w3-h9,2026-09-01,False,False
COMP_0425,87.3,improving,unconfirmed,GROUP_0097,,EUR,,2025-02-14 10:14:13,87.3,80-90,80-90|improving,7,Microsoft Business Central,0.0,21,EUR_only,v2.0.0-w3-h9,2026-09-01,False,False
COMP_0426,100.0,improving,unconfirmed,GROUP_0003,,EUR,businessOne,2026-03-17 14:38:04,100.0,90-100,90-100|improving,4,,0.0,6,EUR_only,v2.0.0-w3-h9,2026-09-01,False,True
COMP_0427,75.7,deteriorating,unconfirmed,GROUP_0214,,EUR,navision,2023-05-18 11:17:57,75.7,70-80,70-80|deteriorating,3,Microsoft Navision,1.0,24,EUR_only,v2.0.0-w3-h9,2026-09-01,False,False
COMP_0428,100.0,improving,confirmed,GROUP_0213,,EUR,businessCentral,2024-01-12 09:49:20,93.9,90-100,90-100|improving,6,Microsoft Business Central,1.0,24,EUR_only,v2.0.0-w3-h9,2026-09-01,False,False
COMP_0429,87.6,improving,unconfirmed,GROUP_0170,,EUR,,2025-06-10 11:01:37,87.6,80-90,80-90|improving,16,,0.12,17,EUR_only,v2.0.0-w3-h9,2026-09-01,False,True
COMP_0430,100.0,improving,confirmed,GROUP_0182,,EUR,netsuite,2025-12-09 16:37:54,100.0,90-100,90-100|improving,5,,0.86,7,EUR_only,v2.0.0-w3-h9,2026-09-01,False,True
COMP_0431,83.4,improving,unconfirmed,GROUP_0102,,EUR,,2025-01-20 10:46:45,83.4,80-90,80-90|improving,4,Microsoft Business Central,0.95,22,EUR_only,v2.0.0-w3-h9,2026-09-01,False,False
COMP_0432,71.9,deteriorating,unconfirmed,GROUP_0095,,EUR,,2025-11-26 14:19:04,71.9,70-80,70-80|deteriorating,12,,0.62,21,EUR_only,v2.0.0-w3-h9,2026-09-01,False,False
COMP_0433,84.1,improving,unconfirmed,GROUP_0023,,EUR,sage200,2025-03-17 16:10:35,84.1,80-90,80-90|improving,17,,0.95,21,EUR_only,v2.0.0-w3-h9,2026-09-01,False,False
COMP_0434,95.0,deteriorating,unconfirmed,GROUP_0134,,EUR,,2025-02-17 08:10:36,95.0,90-100,90-100|deteriorating,2,,1.0,9,EUR_only,v2.0.0-w3-h9,2026-09-01,False,True
COMP_0435,70.4,deteriorating,unconfirmed,GROUP_0048,,EUR,businessCentral,2026-03-10 16:46:11,70.4,70-80,70-80|deteriorating,10,,0.88,8,EUR_only,v2.0.0-w3-h9,2026-09-01,False,True
COMP_0436,78.5,deteriorating,unconfirmed,GROUP_0048,,EUR,businessCentral,2026-03-10 16:45:48,78.5,70-80,70-80|deteriorating,10,,1.0,8,EUR_only,v2.0.0-w3-h9,2026-09-01,False,True
COMP_0437,71.8,improving,unconfirmed,GROUP_0199,ES,EUR,,2025-09-10 10:38:29,71.8,70-80,70-80|improving,11,,1.0,14,EUR_only,v2.0.0-w3-h9,2026-09-01,False,True
COMP_0438,86.5,improving,unconfirmed,GROUP_0150,España,EUR,sage200,2023-06-19 14:40:59,86.5,80-90,80-90|improving,13,Sage 200,0.92,24,EUR_only,v2.0.0-w3-h9,2026-09-01,False,False
COMP_0439,88.9,improving,confirmed,GROUP_0236,,EUR,,2026-03-02 13:55:53,86.7,80-90,80-90|improving,17,,0.71,7,EUR_only,v2.0.0-w3-h9,2026-09-01,False,True
COMP_0440,93.3,improving,unconfirmed,GROUP_0162,,VND,businessOne,2022-04-06 14:24:21,93.3,90-100,90-100|improving,8,SAP Business One,0.0,13,EUR_only,v2.0.0-w3-h9,2026-09-01,False,True
COMP_0441,100.0,improving,confirmed,GROUP_0217,,EUR,businessCentral,2025-04-04 07:55:38,100.0,90-100,90-100|improving,22,,0.95,19,EUR_only,v2.0.0-w3-h9,2026-09-01,False,False
COMP_0442,75.9,improving,unconfirmed,GROUP_0158,,EUR,,2023-05-30 08:46:37,75.9,70-80,70-80|improving,21,,1.0,24,EUR_only,v2.0.0-w3-h9,2026-09-01,False,False
COMP_0443,69.3,improving,unconfirmed,GROUP_0143,,EUR,,2026-02-09 10:13:34,69.3,60-70,60-70|improving,10,Microsoft Business Central,1.0,9,EUR_only,v2.0.0-w3-h9,2026-09-01,False,True
COMP_0444,75.1,stable,unconfirmed,GROUP_0042,,EUR,,2026-03-12 10:11:27,75.1,70-80,70-80|stable,2,,1.0,8,EUR_only,v2.0.0-w3-h9,2026-09-01,False,True
COMP_0445,100.0,stable,unconfirmed,GROUP_0199,,GBP,,2025-09-10 14:45:12,100.0,90-100,90-100|stable,11,,0.0,7,EUR_only,v2.0.0-w3-h9,2026-09-01,False,True
COMP_0446,76.2,improving,unconfirmed,GROUP_0182,,EUR,,2025-12-09 16:36:04,76.2,70-80,70-80|improving,5,,1.0,11,EUR_only,v2.0.0-w3-h9,2026-09-01,False,True
COMP_0447,79.8,improving,unconfirmed,GROUP_0190,,EUR,businessCentral,2025-09-09 16:16:30,79.8,70-80,70-80|improving,1,,1.0,14,EUR_only,v2.0.0-w3-h9,2026-09-01,False,True
COMP_0448,60.0,stable,unconfirmed,GROUP_0158,,EUR,,2023-05-30 11:02:03,60.0,60-70,60-70|stable,21,,0.0,24,EUR_only,v2.0.0-w3-h9,2026-09-01,False,False
COMP_0449,78.4,stable,unconfirmed,GROUP_0017,ESPAÑA,EUR,,2024-06-17 07:36:02,78.4,70-80,70-80|stable,11,,1.0,24,EUR_only,v2.0.0-w3-h9,2026-09-01,False,False
COMP_0450,86.6,improving,confirmed,GROUP_0202,,EUR,businessCentral,2024-10-31 14:32:00,79.9,70-80,70-80|improving,6,Microsoft Business Central,0.15,20,EUR_only,v2.0.0-w3-h9,2026-09-01,False,False
COMP_0451,73.3,stable,unconfirmed,GROUP_0158,,EUR,,2023-05-30 08:49:13,73.3,70-80,70-80|stable,21,,0.07,15,EUR_only,v2.0.0-w3-h9,2026-09-01,False,True
COMP_0452,67.8,stable,unconfirmed,GROUP_0103,,EUR,,2025-03-13 11:04:21,67.8,60-70,60-70|stable,16,,1.0,20,EUR_only,v2.0.0-w3-h9,2026-09-01,False,False
COMP_0453,62.5,deteriorating,unconfirmed,GROUP_0023,,EUR,sage200,2025-03-17 16:14:14,62.5,60-70,60-70|deteriorating,17,,0.24,21,EUR_only,v2.0.0-w3-h9,2026-09-01,False,False
COMP_0454,97.7,improving,confirmed,GROUP_0112,,EUR,businessCentral,2024-06-11 13:40:47,89.0,80-90,80-90|improving,12,Microsoft Business Central,0.25,24,EUR_only,v2.0.0-w3-h9,2026-09-01,False,False
COMP_0455,66.2,deteriorating,unconfirmed,GROUP_0222,,EUR,businessCentral,2025-01-16 09:09:02,66.2,60-70,60-70|deteriorating,22,,0.95,22,EUR_only,v2.0.0-w3-h9,2026-09-01,False,False
COMP_0456,60.1,deteriorating,unconfirmed,GROUP_0131,,EUR,,2025-07-22 20:42:16,60.1,60-70,60-70|deteriorating,9,,0.94,16,EUR_only,v2.0.0-w3-h9,2026-09-01,False,True
COMP_0457,100.0,improving,confirmed,GROUP_0129,,EUR,businessCentral,2025-04-21 12:32:37,96.3,90-100,90-100|improving,6,Microsoft Business Central,0.95,20,EUR_only,v2.0.0-w3-h9,2026-09-01,False,False
COMP_0458,60.0,stable,unconfirmed,GROUP_0212,,EUR,,2025-09-04 10:55:18,60.0,60-70,60-70|stable,11,,0.0,14,EUR_only,v2.0.0-w3-h9,2026-09-01,False,True
COMP_0459,69.0,deteriorating,unconfirmed,GROUP_0051,,EUR,,2025-09-22 07:52:30,69.0,60-70,60-70|deteriorating,4,,0.69,13,EUR_only,v2.0.0-w3-h9,2026-09-01,False,True
COMP_0460,80.0,stable,unconfirmed,GROUP_0116,,GBP,netsuite,2023-08-17 15:15:39,80.0,80-90,80-90|stable,8,Netsuite,0.0,22,EUR_only,v2.0.0-w3-h9,2026-09-01,False,False
COMP_0461,100.0,improving,confirmed,GROUP_0070,ES,EUR,businessCentral,2023-03-21 09:06:58,94.9,90-100,90-100|improving,18,Microsoft Business Central,1.0,24,EUR_only,v2.0.0-w3-h9,2026-09-01,False,False
COMP_0462,60.0,stable,unconfirmed,GROUP_0194,,EUR,netsuite,2022-10-14 10:37:21,60.0,60-70,60-70|stable,7,Netsuite,0.17,23,EUR_only,v2.0.0-w3-h9,2026-09-01,False,False
COMP_0463,,insufficient_data,unconfirmed,GROUP_0086,,USD,,2024-10-18 10:53:21,,,,5,Microsoft Dynamics - F&O,,0,insufficient,v2.0.0-w3-h9,2026-09-01,True,True
COMP_0464,,insufficient_data,unconfirmed,GROUP_0008,,EUR,businessCentral,2026-04-01 14:11:25,,,,6,,,0,insufficient,v2.0.0-w3-h9,2026-09-01,True,True
COMP_0465,81.6,improving,unconfirmed,GROUP_0246,,EUR,businessCentral,2026-04-14 19:20:03,81.6,80-90,80-90|improving,7,,1.0,7,EUR_only,v2.0.0-w3-h9,2026-09-01,False,True
COMP_0466,78.2,stable,unconfirmed,GROUP_0200,,EUR,netsuite,2025-03-05 17:08:09,78.2,70-80,70-80|stable,9,Netsuite,1.0,20,EUR_only,v2.0.0-w3-h9,2026-09-01,False,False
COMP_0467,60.0,stable,unconfirmed,GROUP_0172,,EUR,,2025-05-22 14:19:59,60.0,60-70,60-70|stable,21,,0.94,18,EUR_only,v2.0.0-w3-h9,2026-09-01,False,False
COMP_0468,92.0,improving,confirmed,GROUP_0138,,EUR,dynamicsAx,2026-04-08 10:31:48,85.7,80-90,80-90|improving,18,,1.0,7,EUR_only,v2.0.0-w3-h9,2026-09-01,False,True
COMP_0469,,insufficient_data,unconfirmed,GROUP_0149,,CLP,m3Rosetta,2025-01-27 17:54:58,,,,13,MOVEX,,0,insufficient,v2.0.0-w3-h9,2026-09-01,True,True
COMP_0470,100.0,improving,confirmed,GROUP_0236,,EUR,,2026-03-02 13:53:13,92.7,90-100,90-100|improving,17,,1.0,8,EUR_only,v2.0.0-w3-h9,2026-09-01,False,True
COMP_0471,68.8,improving,confirmed,GROUP_0162,ES,EUR,businessOne,2022-03-01 17:36:45,65.5,60-70,60-70|improving,8,SAP Business One,1.0,24,EUR_only,v2.0.0-w3-h9,2026-09-01,False,False
COMP_0472,82.2,improving,confirmed,GROUP_0044,,EUR,businessCentral,2026-06-19 12:00:10,77.8,70-80,70-80|improving,13,,1.0,8,EUR_only,v2.0.0-w3-h9,2026-09-01,False,True
COMP_0473,53.1,deteriorating,confirmed,GROUP_0185,,EUR,businessCentral,2026-02-27 09:41:54,57.1,50-60,50-60|deteriorating,11,,0.9,10,EUR_only,v2.0.0-w3-h9,2026-09-01,False,True
COMP_0474,64.1,deteriorating,confirmed,GROUP_0141,,EUR,businessCentral,2024-05-03 07:36:41,66.4,60-70,60-70|deteriorating,8,Microsoft Business Central,1.0,24,EUR_only,v2.0.0-w3-h9,2026-09-01,False,False
COMP_0475,,insufficient_data,unconfirmed,GROUP_0015,,EUR,,2023-12-26 11:05:06,,,,4,Sage 50,,0,insufficient,v2.0.0-w3-h9,2026-09-01,True,True
COMP_0476,100.0,improving,unconfirmed,GROUP_0111,,EUR,businessOne,2023-12-22 07:54:03,100.0,90-100,90-100|improving,2,SAP Business One,0.0,24,EUR_only,v2.0.0-w3-h9,2026-09-01,False,False
COMP_0477,,insufficient_data,unconfirmed,GROUP_0232,,USD,sageX3,2025-11-20 11:07:16,,,,2,,,0,insufficient,v2.0.0-w3-h9,2026-09-01,True,True
COMP_0478,66.2,stable,unconfirmed,GROUP_0131,,EUR,,2025-07-22 20:42:51,66.2,60-70,60-70|stable,9,,0.94,16,EUR_only,v2.0.0-w3-h9,2026-09-01,False,True
COMP_0479,,insufficient_data,unconfirmed,GROUP_0170,,AUD,,2025-06-10 11:11:08,,,,16,,,0,insufficient,v2.0.0-w3-h9,2026-09-01,True,True
COMP_0480,81.3,stable,unconfirmed,GROUP_0112,Portugal,EUR,businessCentral,2024-06-11 13:54:10,81.3,80-90,80-90|stable,12,Microsoft Business Central,0.79,24,EUR_only,v2.0.0-w3-h9,2026-09-01,False,False
COMP_0481,98.5,stable,unconfirmed,GROUP_0225,,EUR,,2025-09-18 15:43:50,98.5,90-100,90-100|stable,4,,1.0,24,EUR_only,v2.0.0-w3-h9,2026-09-01,False,False
COMP_0482,60.0,stable,unconfirmed,GROUP_0211,,EUR,netsuite,2024-12-13 11:08:22,60.0,60-70,60-70|stable,15,Netsuite,0.0,16,EUR_only,v2.0.0-w3-h9,2026-09-01,False,True
COMP_0483,71.1,stable,unconfirmed,GROUP_0063,,EUR,,2025-04-03 14:54:54,71.1,70-80,70-80|stable,5,,0.95,19,EUR_only,v2.0.0-w3-h9,2026-09-01,False,False
COMP_0484,76.5,stable,unconfirmed,GROUP_0138,,EUR,dynamicsAx,2026-04-08 10:32:35,76.5,70-80,70-80|stable,18,,1.0,7,EUR_only,v2.0.0-w3-h9,2026-09-01,False,True
COMP_0485,53.9,deteriorating,confirmed,GROUP_0052,,EUR,netsuite,2025-11-24 15:17:13,63.9,60-70,60-70|deteriorating,2,,0.78,9,EUR_only,v2.0.0-w3-h9,2026-09-01,False,True
COMP_0486,,insufficient_data,unconfirmed,GROUP_0132,,CLP,netsuite,2024-03-15 09:26:44,,,,18,Netsuite,,0,insufficient,v2.0.0-w3-h9,2026-09-01,True,True
COMP_0487,,insufficient_data,unconfirmed,GROUP_0170,,COP,,2025-06-10 11:03:58,,,,16,,,0,insufficient,v2.0.0-w3-h9,2026-09-01,True,True
COMP_0488,100.0,stable,unconfirmed,GROUP_0060,,USD,netsuite,2025-11-17 10:53:21,100.0,90-100,90-100|stable,3,,0.0,6,EUR_only,v2.0.0-w3-h9,2026-09-01,False,True
COMP_0489,,insufficient_data,unconfirmed,GROUP_0175,,DKK,netsuite,2025-09-23 12:27:09,,,,6,,,0,insufficient,v2.0.0-w3-h9,2026-09-01,True,True
COMP_0490,60.3,deteriorating,unconfirmed,GROUP_0138,,EUR,dynamicsAx,2026-04-08 10:34:10,60.3,60-70,60-70|deteriorating,18,,1.0,7,EUR_only,v2.0.0-w3-h9,2026-09-01,False,True
COMP_0491,78.8,improving,unconfirmed,GROUP_0146,ES,EUR,sage200,2024-09-23 13:49:02,78.8,70-80,70-80|improving,6,Sage 200,1.0,24,EUR_only,v2.0.0-w3-h9,2026-09-01,False,False
COMP_0492,66.7,deteriorating,unconfirmed,GROUP_0150,,EUR,sage200,2024-04-24 13:42:33,66.7,60-70,60-70|deteriorating,13,Sage 200,0.1,10,EUR_only,v2.0.0-w3-h9,2026-09-01,False,True
COMP_0493,,insufficient_data,unconfirmed,GROUP_0126,,EUR,,2024-05-21 08:10:29,,,,11,Infor M3 ,,0,insufficient,v2.0.0-w3-h9,2026-09-01,True,True
COMP_0494,73.4,deteriorating,confirmed,GROUP_0142,,EUR,,2024-09-10 18:44:26,75.6,70-80,70-80|deteriorating,22,Sage 50,1.0,24,EUR_only,v2.0.0-w3-h9,2026-09-01,False,False
COMP_0495,71.7,deteriorating,unconfirmed,GROUP_0124,,EUR,distritoK,2025-12-04 10:51:54,71.7,70-80,70-80|deteriorating,3,,0.95,21,EUR_only,v2.0.0-w3-h9,2026-09-01,False,False
COMP_0496,97.0,improving,unconfirmed,GROUP_0137,,EUR,netsuite,2024-11-11 10:27:36,97.0,90-100,90-100|improving,4,Netsuite,0.04,23,EUR_only,v2.0.0-w3-h9,2026-09-01,False,False
COMP_0497,60.0,improving,unconfirmed,GROUP_0185,,EUR,businessCentral,2026-02-27 10:20:35,60.0,60-70,60-70|improving,11,,0.0,7,EUR_only,v2.0.0-w3-h9,2026-09-01,False,True
COMP_0498,61.1,stable,unconfirmed,GROUP_0153,,EUR,sage200,2026-02-11 15:00:39,61.1,60-70,60-70|stable,6,Sage 200,0.56,9,EUR_only,v2.0.0-w3-h9,2026-09-01,False,True
COMP_0499,80.8,improving,unconfirmed,GROUP_0241,,EUR,businessCentral,2026-05-08 13:39:17,80.8,80-90,80-90|improving,7,,1.0,8,EUR_only,v2.0.0-w3-h9,2026-09-01,False,True
COMP_0500,89.1,improving,unconfirmed,GROUP_0079,,EUR,dynamicsAx,2024-11-28 10:34:29,89.1,80-90,80-90|improving,15,Microsoft Dynamics - AX 2009,1.0,23,EUR_only,v2.0.0-w3-h9,2026-09-01,False,False
COMP_0501,73.5,deteriorating,unconfirmed,GROUP_0138,,EUR,dynamicsAx,2026-04-08 10:33:24,73.5,70-80,70-80|deteriorating,18,,1.0,7,EUR_only,v2.0.0-w3-h9,2026-09-01,False,True
COMP_0502,95.9,improving,confirmed,GROUP_0098,,EUR,,2026-02-04 15:38:28,89.5,80-90,80-90|improving,1,,0.41,22,EUR_only,v2.0.0-w3-h9,2026-09-01,False,False
COMP_0503,78.6,improving,unconfirmed,GROUP_0134,,EUR,,2025-02-17 08:05:57,78.6,70-80,70-80|improving,2,,1.0,9,EUR_only,v2.0.0-w3-h9,2026-09-01,False,True
COMP_0504,71.1,improving,unconfirmed,GROUP_0013,,EUR,sageX3,2024-05-23 10:03:57,71.1,70-80,70-80|improving,12,Sage X3,1.0,24,EUR_only,v2.0.0-w3-h9,2026-09-01,False,False
COMP_0505,80.4,improving,unconfirmed,GROUP_0092,,EUR,,2026-07-02 14:56:52,80.4,80-90,80-90|improving,6,,0.95,21,EUR_only,v2.0.0-w3-h9,2026-09-01,False,False
COMP_0506,82.0,improving,unconfirmed,GROUP_0217,,EUR,businessCentral,2025-04-04 08:04:34,82.0,80-90,80-90|improving,22,,1.0,19,EUR_only,v2.0.0-w3-h9,2026-09-01,False,False
COMP_0507,75.3,deteriorating,unconfirmed,GROUP_0023,,EUR,sage200,2025-03-17 16:13:38,75.3,70-80,70-80|deteriorating,17,,1.0,20,EUR_only,v2.0.0-w3-h9,2026-09-01,False,False
COMP_0508,88.3,deteriorating,unconfirmed,GROUP_0070,ES,EUR,businessCentral,2023-03-21 09:08:44,88.3,80-90,80-90|deteriorating,18,Microsoft Business Central,0.61,18,EUR_only,v2.0.0-w3-h9,2026-09-01,False,False
COMP_0509,60.1,deteriorating,unconfirmed,GROUP_0055,,EUR,dynamicsAx,2024-02-16 09:59:42,60.1,60-70,60-70|deteriorating,4,Microsoft Dynamics - AX 2012,0.42,24,EUR_only,v2.0.0-w3-h9,2026-09-01,False,False
COMP_0510,67.3,deteriorating,confirmed,GROUP_0079,,EUR,dynamicsAx,2024-11-28 14:09:09,71.0,70-80,70-80|deteriorating,15,Microsoft Dynamics - AX 2009,0.0,17,EUR_only,v2.0.0-w3-h9,2026-09-01,False,True
COMP_0511,93.2,improving,unconfirmed,GROUP_0202,,EUR,businessCentral,2024-10-31 14:31:20,93.2,90-100,90-100|improving,6,Microsoft Business Central,1.0,24,EUR_only,v2.0.0-w3-h9,2026-09-01,False,False
COMP_0512,76.2,stable,unconfirmed,GROUP_0217,,EUR,businessCentral,2025-04-04 08:03:58,76.2,70-80,70-80|stable,22,,1.0,19,EUR_only,v2.0.0-w3-h9,2026-09-01,False,False
COMP_0513,73.3,deteriorating,unconfirmed,GROUP_0142,,EUR,,2024-09-10 18:48:32,73.3,70-80,70-80|deteriorating,22,Sage 50,1.0,24,EUR_only,v2.0.0-w3-h9,2026-09-01,False,False
COMP_0514,100.0,insufficient_data,unconfirmed,GROUP_0008,,EUR,businessCentral,2026-03-31 15:22:23,100.0,90-100,,6,,0.0,2,EUR_only,v2.0.0-w3-h9,2026-09-01,True,True
COMP_0515,78.9,deteriorating,unconfirmed,GROUP_0117,,EUR,,2025-10-06 08:17:38,78.9,70-80,70-80|deteriorating,6,,1.0,13,EUR_only,v2.0.0-w3-h9,2026-09-01,False,True
COMP_0516,57.5,deteriorating,confirmed,GROUP_0192,,EUR,,2025-09-29 11:01:52,67.5,60-70,60-70|deteriorating,4,,1.0,13,EUR_only,v2.0.0-w3-h9,2026-09-01,False,True
COMP_0517,100.0,improving,confirmed,GROUP_0165,,EUR,,2025-12-18 10:56:02,95.0,90-100,90-100|improving,4,,0.95,21,EUR_only,v2.0.0-w3-h9,2026-09-01,False,False
COMP_0518,81.0,improving,unconfirmed,GROUP_0101,,EUR,,2024-11-04 14:58:17,81.0,80-90,80-90|improving,18,,1.0,24,EUR_only,v2.0.0-w3-h9,2026-09-01,False,False
COMP_0519,69.2,improving,unconfirmed,GROUP_0233,,EUR,,2023-12-27 07:28:55,69.2,60-70,60-70|improving,1,Odoo,0.83,24,EUR_only,v2.0.0-w3-h9,2026-09-01,False,False
COMP_0520,73.5,deteriorating,unconfirmed,GROUP_0020,,EUR,,2025-06-23 07:46:06,73.5,70-80,70-80|deteriorating,6,,0.31,13,EUR_only,v2.0.0-w3-h9,2026-09-01,False,True
COMP_0521,,insufficient_data,unconfirmed,GROUP_0073,,USD,businessCentral,2025-04-15 10:38:08,,,,3,Microsoft Business Central,,0,insufficient,v2.0.0-w3-h9,2026-09-01,True,True
COMP_0522,78.5,stable,unconfirmed,GROUP_0066,,EUR,businessCentral,2024-04-12 10:04:10,78.5,70-80,70-80|stable,3,Microsoft Business Central,1.0,24,EUR_only,v2.0.0-w3-h9,2026-09-01,False,False
COMP_0523,97.4,deteriorating,unconfirmed,GROUP_0122,,EUR,netsuite,2026-02-24 15:35:49,97.4,90-100,90-100|deteriorating,8,,1.0,8,EUR_only,v2.0.0-w3-h9,2026-09-01,False,True
COMP_0524,58.0,deteriorating,unconfirmed,GROUP_0006,,EUR,,2026-05-07 08:03:46,58.0,50-60,50-60|deteriorating,3,,1.0,6,EUR_only,v2.0.0-w3-h9,2026-09-01,False,True
COMP_0525,63.2,stable,unconfirmed,GROUP_0202,,EUR,businessCentral,2024-10-31 14:32:21,63.2,60-70,60-70|stable,6,Microsoft Business Central,0.3,23,EUR_only,v2.0.0-w3-h9,2026-09-01,False,False
COMP_0526,60.2,stable,unconfirmed,GROUP_0172,,EUR,,2025-05-22 14:20:19,60.2,60-70,60-70|stable,21,,1.0,18,EUR_only,v2.0.0-w3-h9,2026-09-01,False,False
COMP_0527,57.7,deteriorating,unconfirmed,GROUP_0108,ES,EUR,businessCentral,2025-07-08 13:33:24,57.7,50-60,50-60|deteriorating,19,Microsoft Business Central,0.31,16,EUR_only,v2.0.0-w3-h9,2026-09-01,False,True
COMP_0528,85.0,deteriorating,unconfirmed,GROUP_0192,,CHF,,2025-09-29 11:03:56,85.0,80-90,80-90|deteriorating,4,,0.0,4,EUR_only,v2.0.0-w3-h9,2026-09-01,True,True
COMP_0529,85.7,improving,unconfirmed,GROUP_0095,,EUR,,2025-11-26 14:29:19,85.7,80-90,80-90|improving,12,,0.1,10,EUR_only,v2.0.0-w3-h9,2026-09-01,False,True
COMP_0530,89.4,improving,unconfirmed,GROUP_0017,ESPAÑA,EUR,,2024-06-17 07:20:59,89.4,80-90,80-90|improving,11,,0.96,24,EUR_only,v2.0.0-w3-h9,2026-09-01,False,False
COMP_0531,87.8,stable,unconfirmed,GROUP_0214,,EUR,navision,2023-05-18 11:18:05,87.8,80-90,80-90|stable,3,Microsoft Navision,1.0,24,EUR_only,v2.0.0-w3-h9,2026-09-01,False,False
COMP_0532,69.6,improving,unconfirmed,GROUP_0017,ESPAÑA,EUR,,2024-07-05 05:35:10,69.6,60-70,60-70|improving,11,,0.71,24,EUR_only,v2.0.0-w3-h9,2026-09-01,False,False
COMP_0533,72.1,improving,unconfirmed,GROUP_0079,,EUR,dynamicsAx,2024-11-28 14:08:37,72.1,70-80,70-80|improving,15,Microsoft Dynamics - AX 2009,0.42,19,EUR_only,v2.0.0-w3-h9,2026-09-01,False,False
COMP_0534,79.6,improving,unconfirmed,GROUP_0184,ES,EUR,businessCentral,2025-12-29 09:16:26,79.6,70-80,70-80|improving,9,,1.0,10,EUR_only,v2.0.0-w3-h9,2026-09-01,False,True
COMP_0535,100.0,stable,unconfirmed,GROUP_0130,NL,EUR,,2025-11-19 15:26:19,100.0,90-100,90-100|stable,9,,0.62,24,EUR_only,v2.0.0-w3-h9,2026-09-01,False,False
COMP_0536,77.7,stable,unconfirmed,GROUP_0039,,EUR,businessCentral,2026-04-10 11:54:53,77.7,70-80,70-80|stable,5,,0.8,5,EUR_only,v2.0.0-w3-h9,2026-09-01,True,True
COMP_0537,60.6,stable,unconfirmed,GROUP_0172,ES,EUR,,2025-09-18 10:33:07,60.6,60-70,60-70|stable,21,,0.86,14,EUR_only,v2.0.0-w3-h9,2026-09-01,False,True
COMP_0538,69.6,improving,unconfirmed,GROUP_0065,,EUR,,2024-10-10 09:26:54,69.6,60-70,60-70|improving,13,Netsuite,1.0,24,EUR_only,v2.0.0-w3-h9,2026-09-01,False,False
COMP_0539,75.2,improving,unconfirmed,GROUP_0187,,EUR,,2024-02-13 08:33:56,75.2,70-80,70-80|improving,8,,0.27,22,EUR_only,v2.0.0-w3-h9,2026-09-01,False,False
COMP_0540,77.2,stable,unconfirmed,GROUP_0048,,EUR,businessCentral,2026-03-10 16:46:32,77.2,70-80,70-80|stable,10,,1.0,8,EUR_only,v2.0.0-w3-h9,2026-09-01,False,True
COMP_0541,100.0,stable,unconfirmed,GROUP_0169,DE,EUR,,2025-09-10 08:48:47,100.0,90-100,90-100|stable,7,,0.0,12,EUR_only,v2.0.0-w3-h9,2026-09-01,False,True
COMP_0542,78.5,stable,unconfirmed,GROUP_0023,,EUR,sage200,2025-03-17 16:12:09,78.5,70-80,70-80|stable,17,,0.95,21,EUR_only,v2.0.0-w3-h9,2026-09-01,False,False
COMP_0543,97.4,improving,confirmed,GROUP_0053,ES,EUR,businessOne,2025-05-21 09:01:43,94.8,90-100,90-100|improving,7,SAP Business One,1.0,14,EUR_only,v2.0.0-w3-h9,2026-09-01,False,True
COMP_0544,94.1,improving,confirmed,GROUP_0208,,EUR,,2025-01-21 10:06:13,87.0,80-90,80-90|improving,2,Microsoft Business Central,1.0,21,EUR_only,v2.0.0-w3-h9,2026-09-01,False,False
COMP_0545,85.9,stable,unconfirmed,GROUP_0015,,EUR,sage50,2023-11-06 08:28:40,85.9,80-90,80-90|stable,4,Sage 50,0.96,24,EUR_only,v2.0.0-w3-h9,2026-09-01,False,False
COMP_0546,76.6,deteriorating,unconfirmed,GROUP_0095,,EUR,,2025-11-26 14:16:21,76.6,70-80,70-80|deteriorating,12,,0.0,21,EUR_only,v2.0.0-w3-h9,2026-09-01,False,False
COMP_0547,83.2,stable,unconfirmed,GROUP_0023,,EUR,sage200,2025-03-17 16:11:10,83.2,80-90,80-90|stable,17,,1.0,20,EUR_only,v2.0.0-w3-h9,2026-09-01,False,False
COMP_0548,73.9,deteriorating,confirmed,GROUP_0217,,EUR,businessCentral,2025-04-04 07:57:36,83.6,80-90,80-90|deteriorating,22,,0.89,19,EUR_only,v2.0.0-w3-h9,2026-09-01,False,False
COMP_0549,66.1,improving,unconfirmed,GROUP_0065,,EUR,,2024-10-10 11:01:06,66.1,60-70,60-70|improving,13,Netsuite,0.92,24,EUR_only,v2.0.0-w3-h9,2026-09-01,False,False
COMP_0550,83.8,stable,unconfirmed,GROUP_0246,,EUR,businessCentral,2026-04-14 19:22:15,83.8,80-90,80-90|stable,7,,0.86,7,EUR_only,v2.0.0-w3-h9,2026-09-01,False,True
COMP_0551,100.0,improving,confirmed,GROUP_0184,,EUR,,2026-03-11 15:23:37,100.0,90-100,90-100|improving,9,,0.86,7,EUR_only,v2.0.0-w3-h9,2026-09-01,False,True
COMP_0552,60.0,stable,unconfirmed,GROUP_0126,,EUR,m3Rosetta,2024-05-21 08:08:25,60.0,60-70,60-70|stable,11,Infor M3 ,0.71,17,EUR_only,v2.0.0-w3-h9,2026-09-01,False,True
COMP_0553,86.7,stable,unconfirmed,GROUP_0217,,EUR,businessCentral,2025-04-04 07:59:10,86.7,80-90,80-90|stable,22,,0.17,18,EUR_only,v2.0.0-w3-h9,2026-09-01,False,False
COMP_0554,100.0,stable,unconfirmed,GROUP_0184,,EUR,,2026-03-11 15:24:11,100.0,90-100,90-100|stable,9,,1.0,8,EUR_only,v2.0.0-w3-h9,2026-09-01,False,True
COMP_0555,91.6,improving,unconfirmed,GROUP_0106,ES,EUR,,2025-02-10 10:41:59,91.6,90-100,90-100|improving,3,Microsoft Dynamics - F&O,0.46,24,EUR_only,v2.0.0-w3-h9,2026-09-01,False,False
COMP_0556,100.0,insufficient_data,unconfirmed,GROUP_0237,,DKK,,2025-05-27 16:46:20,100.0,90-100,,5,,0.0,1,EUR_only,v2.0.0-w3-h9,2026-09-01,True,True
COMP_0557,64.2,improving,unconfirmed,GROUP_0023,,EUR,,2025-07-04 07:13:45,64.2,60-70,60-70|improving,17,,0.0,10,EUR_only,v2.0.0-w3-h9,2026-09-01,False,True
COMP_0558,77.0,improving,unconfirmed,GROUP_0026,,EUR,businessOne,2026-04-22 14:38:12,77.0,70-80,70-80|improving,2,,1.0,7,EUR_only,v2.0.0-w3-h9,2026-09-01,False,True
COMP_0559,100.0,improving,confirmed,GROUP_0188,NL,GBP,netsuite,2024-09-02 15:35:58,100.0,90-100,90-100|improving,2,Netsuite,0.0,15,EUR_only,v2.0.0-w3-h9,2026-09-01,False,True
COMP_0560,68.6,deteriorating,confirmed,GROUP_0097,,EUR,,2025-02-14 10:13:11,70.9,70-80,70-80|deteriorating,7,Microsoft Business Central,0.1,20,EUR_only,v2.0.0-w3-h9,2026-09-01,False,False
COMP_0561,66.9,deteriorating,unconfirmed,GROUP_0063,,EUR,,2025-04-03 14:54:18,66.9,60-70,60-70|deteriorating,5,,0.44,18,EUR_only,v2.0.0-w3-h9,2026-09-01,False,False
COMP_0562,67.2,improving,unconfirmed,GROUP_0218,ES,EUR,businessCentral,2024-02-01 16:42:43,67.2,60-70,60-70|improving,16,Microsoft Navision,1.0,24,EUR_only,v2.0.0-w3-h9,2026-09-01,False,False
COMP_0563,47.9,deteriorating,confirmed,GROUP_0200,ES,EUR,netsuite,2025-03-05 17:06:11,54.5,50-60,50-60|deteriorating,9,Netsuite,0.65,20,EUR_only,v2.0.0-w3-h9,2026-09-01,False,False
COMP_0564,74.6,deteriorating,unconfirmed,GROUP_0212,,EUR,,2024-07-10 16:38:26,74.6,70-80,70-80|deteriorating,11,,1.0,24,EUR_only,v2.0.0-w3-h9,2026-09-01,False,False
COMP_0565,46.4,deteriorating,confirmed,GROUP_0018,,EUR,businessCentral,2025-10-07 11:27:15,56.4,50-60,50-60|deteriorating,12,,0.82,11,EUR_only,v2.0.0-w3-h9,2026-09-01,False,True
COMP_0566,,insufficient_data,unconfirmed,GROUP_0119,,GBP,sageIntacct,2026-03-05 16:13:41,,,,5,,,0,insufficient,v2.0.0-w3-h9,2026-09-01,True,True
COMP_0567,87.6,improving,unconfirmed,GROUP_0194,,EUR,,2025-07-07 08:39:49,87.6,80-90,80-90|improving,7,Netsuite,0.44,16,EUR_only,v2.0.0-w3-h9,2026-09-01,False,True
COMP_0568,48.2,deteriorating,confirmed,GROUP_0150,ES,EUR,sage200,2025-03-07 15:24:04,58.2,50-60,50-60|deteriorating,13,Sage 200,1.0,20,EUR_only,v2.0.0-w3-h9,2026-09-01,False,False
COMP_0569,73.0,deteriorating,unconfirmed,GROUP_0094,,EUR,netsuite,2024-11-07 09:55:06,73.0,70-80,70-80|deteriorating,13,Netsuite,1.0,24,EUR_only,v2.0.0-w3-h9,2026-09-01,False,False
COMP_0570,90.6,improving,confirmed,GROUP_0123,,EUR,businessCentral,2026-04-07 08:27:05,80.6,80-90,80-90|improving,1,,1.0,7,EUR_only,v2.0.0-w3-h9,2026-09-01,False,True
COMP_0571,80.0,stable,unconfirmed,GROUP_0101,,EUR,,2024-11-04 15:03:49,80.0,80-90,80-90|stable,18,,0.0,24,EUR_only,v2.0.0-w3-h9,2026-09-01,False,False
COMP_0572,86.7,stable,unconfirmed,GROUP_0064,,EUR,,2026-03-10 11:55:19,86.7,80-90,80-90|stable,12,,0.0,7,EUR_only,v2.0.0-w3-h9,2026-09-01,False,True
COMP_0573,,insufficient_data,unconfirmed,GROUP_0132,,INR,netsuite,2024-03-15 09:26:12,,,,18,Netsuite,,0,insufficient,v2.0.0-w3-h9,2026-09-01,True,True
COMP_0574,75.7,improving,confirmed,GROUP_0197,,EUR,businessCentral,2023-10-24 14:23:25,71.1,70-80,70-80|improving,2,Microsoft Business Central,1.0,24,EUR_only,v2.0.0-w3-h9,2026-09-01,False,False
COMP_0575,93.5,improving,unconfirmed,GROUP_0079,,EUR,dynamicsAx,2024-11-28 14:01:27,93.5,90-100,90-100|improving,15,Microsoft Dynamics - AX 2009,1.0,23,EUR_only,v2.0.0-w3-h9,2026-09-01,False,False
COMP_0576,88.6,improving,confirmed,GROUP_0044,,EUR,businessCentral,2026-06-19 12:00:43,78.6,70-80,70-80|improving,13,,1.0,8,EUR_only,v2.0.0-w3-h9,2026-09-01,False,True
COMP_0577,59.1,stable,unconfirmed,GROUP_0172,,EUR,,2025-05-22 14:24:17,59.1,50-60,50-60|stable,21,,0.94,18,EUR_only,v2.0.0-w3-h9,2026-09-01,False,False
COMP_0578,80.0,stable,unconfirmed,GROUP_0162,ES,EUR,businessOne,2022-04-06 14:23:22,80.0,80-90,80-90|stable,8,SAP Business One,1.0,24,EUR_only,v2.0.0-w3-h9,2026-09-01,False,False
COMP_0579,,insufficient_data,unconfirmed,GROUP_0132,,GBP,netsuite,2024-03-15 09:25:06,,,,18,Netsuite,,0,insufficient,v2.0.0-w3-h9,2026-09-01,True,True
COMP_0580,86.7,improving,unconfirmed,GROUP_0008,,EUR,businessCentral,2026-04-01 14:10:48,86.7,80-90,80-90|improving,6,,0.43,7,EUR_only,v2.0.0-w3-h9,2026-09-01,False,True
COMP_0581,100.0,improving,confirmed,GROUP_0191,,EUR,,2022-11-11 09:01:19,95.0,90-100,90-100|improving,1,,0.04,24,EUR_only,v2.0.0-w3-h9,2026-09-01,False,False
COMP_0582,73.3,improving,unconfirmed,GROUP_0159,,EUR,,2022-09-07 14:19:43,73.3,70-80,70-80|improving,13,,0.57,23,EUR_only,v2.0.0-w3-h9,2026-09-01,False,False
COMP_0583,88.7,improving,unconfirmed,GROUP_0143,,EUR,,2024-02-23 09:05:04,88.7,80-90,80-90|improving,10,Microsoft Business Central,1.0,24,EUR_only,v2.0.0-w3-h9,2026-09-01,False,False
COMP_0584,90.0,improving,unconfirmed,GROUP_0117,,EUR,,2025-10-06 08:20:15,90.0,90-100,90-100|improving,6,,0.62,13,EUR_only,v2.0.0-w3-h9,2026-09-01,False,True
COMP_0585,73.3,improving,unconfirmed,GROUP_0004,España,EUR,netsuite,2023-11-16 11:11:22,73.3,70-80,70-80|improving,2,Netsuite,0.0,13,EUR_only,v2.0.0-w3-h9,2026-09-01,False,True
COMP_0586,52.6,stable,unconfirmed,GROUP_0047,,EUR,businessCentral,2026-01-28 08:59:05,52.6,50-60,50-60|stable,5,,1.0,6,EUR_only,v2.0.0-w3-h9,2026-09-01,False,True
COMP_0587,43.5,deteriorating,confirmed,GROUP_0108,,EUR,businessCentral,2024-12-09 16:43:20,53.3,50-60,50-60|deteriorating,19,Microsoft Business Central,0.0,21,EUR_only,v2.0.0-w3-h9,2026-09-01,False,False
COMP_0588,89.1,improving,unconfirmed,GROUP_0218,ES,EUR,businessCentral,2024-02-01 16:42:50,89.1,80-90,80-90|improving,16,Microsoft Navision,1.0,24,EUR_only,v2.0.0-w3-h9,2026-09-01,False,False
COMP_0589,81.4,improving,confirmed,GROUP_0138,,EUR,dynamicsAx,2026-04-08 10:29:52,78.3,70-80,70-80|improving,18,,1.0,7,EUR_only,v2.0.0-w3-h9,2026-09-01,False,True
COMP_0590,78.3,stable,unconfirmed,GROUP_0222,,EUR,businessCentral,2025-12-12 09:38:47,78.3,70-80,70-80|stable,22,,0.82,11,EUR_only,v2.0.0-w3-h9,2026-09-01,False,True
COMP_0591,57.6,deteriorating,unconfirmed,GROUP_0185,,EUR,businessCentral,2026-02-27 10:41:29,57.6,50-60,50-60|deteriorating,11,,1.0,11,EUR_only,v2.0.0-w3-h9,2026-09-01,False,True
COMP_0592,68.1,stable,unconfirmed,GROUP_0185,,EUR,businessCentral,2026-02-27 10:22:25,68.1,60-70,60-70|stable,11,,1.0,11,EUR_only,v2.0.0-w3-h9,2026-09-01,False,True
COMP_0593,63.9,deteriorating,unconfirmed,GROUP_0053,ES,EUR,businessOne,2025-07-29 16:02:46,63.9,60-70,60-70|deteriorating,7,SAP Business One,0.86,14,EUR_only,v2.0.0-w3-h9,2026-09-01,False,True
COMP_0594,64.6,deteriorating,unconfirmed,GROUP_0090,,EUR,businessCentral,2025-04-24 10:50:01,64.6,60-70,60-70|deteriorating,5,Microsoft Business Central,0.79,24,EUR_only,v2.0.0-w3-h9,2026-09-01,False,False
COMP_0595,79.0,improving,unconfirmed,GROUP_0065,,EUR,,2024-10-10 09:14:01,79.0,70-80,70-80|improving,13,Netsuite,0.79,24,EUR_only,v2.0.0-w3-h9,2026-09-01,False,False
COMP_0596,55.7,deteriorating,unconfirmed,GROUP_0212,,EUR,,2024-09-09 09:26:28,55.7,50-60,50-60|deteriorating,11,,0.46,24,EUR_only,v2.0.0-w3-h9,2026-09-01,False,False
COMP_0597,74.5,deteriorating,unconfirmed,GROUP_0029,ES,EUR,ekon,2025-10-28 16:40:52,74.5,70-80,70-80|deteriorating,1,,1.0,11,EUR_only,v2.0.0-w3-h9,2026-09-01,False,True
COMP_0598,79.3,deteriorating,unconfirmed,GROUP_0200,DE,EUR,netsuite,2025-03-05 17:05:55,79.3,70-80,70-80|deteriorating,9,Netsuite,1.0,20,EUR_only,v2.0.0-w3-h9,2026-09-01,False,False
COMP_0599,86.7,stable,unconfirmed,GROUP_0018,,EUR,businessCentral,2025-09-02 07:34:58,86.7,80-90,80-90|stable,12,,0.0,11,EUR_only,v2.0.0-w3-h9,2026-09-01,False,True
COMP_0600,61.1,stable,unconfirmed,GROUP_0113,ES,EUR,,2025-03-07 11:08:05,61.1,60-70,60-70|stable,4,Desarrollo propio,1.0,20,EUR_only,v2.0.0-w3-h9,2026-09-01,False,False
COMP_0601,60.0,improving,unconfirmed,GROUP_0070,ES,EUR,businessCentral,2023-03-21 09:08:35,60.0,60-70,60-70|improving,18,Microsoft Business Central,0.5,24,EUR_only,v2.0.0-w3-h9,2026-09-01,False,False
COMP_0602,68.6,improving,unconfirmed,GROUP_0103,,EUR,,2025-03-13 11:04:47,68.6,60-70,60-70|improving,16,,1.0,20,EUR_only,v2.0.0-w3-h9,2026-09-01,False,False
COMP_0603,78.4,stable,unconfirmed,GROUP_0239,,EUR,,2026-03-11 15:55:21,78.4,70-80,70-80|stable,5,,1.0,8,EUR_only,v2.0.0-w3-h9,2026-09-01,False,True
COMP_0604,77.6,improving,confirmed,GROUP_0065,,EUR,,2024-10-10 09:27:35,75.3,70-80,70-80|improving,13,Netsuite,1.0,24,EUR_only,v2.0.0-w3-h9,2026-09-01,False,False
COMP_0605,,insufficient_data,unconfirmed,GROUP_0051,,GBP,,2025-09-22 07:52:04,,,,4,,,0,insufficient,v2.0.0-w3-h9,2026-09-01,True,True
COMP_0606,,insufficient_data,unconfirmed,GROUP_0083,,USD,,2026-05-08 15:19:30,,,,1,,,0,insufficient,v2.0.0-w3-h9,2026-09-01,True,True
COMP_0607,61.8,deteriorating,confirmed,GROUP_0023,,EUR,sage200,2025-03-17 16:12:24,71.2,70-80,70-80|deteriorating,17,,1.0,20,EUR_only,v2.0.0-w3-h9,2026-09-01,False,False
COMP_0608,84.4,improving,unconfirmed,GROUP_0174,,EUR,dynamicsAx,2026-04-24 11:29:07,84.4,80-90,80-90|improving,3,,1.0,8,EUR_only,v2.0.0-w3-h9,2026-09-01,False,True
COMP_0609,60.0,deteriorating,unconfirmed,GROUP_0129,,EUR,businessCentral,2025-04-21 12:33:41,60.0,60-70,60-70|deteriorating,6,Microsoft Business Central,0.0,12,EUR_only,v2.0.0-w3-h9,2026-09-01,False,True
COMP_0610,81.5,deteriorating,unconfirmed,GROUP_0112,ESPAÑA,EUR,businessCentral,2024-06-11 13:29:33,81.5,80-90,80-90|deteriorating,12,Microsoft Business Central,1.0,24,EUR_only,v2.0.0-w3-h9,2026-09-01,False,False
COMP_0611,99.9,insufficient_data,unconfirmed,GROUP_0099,,EUR,businessOne,2024-06-04 11:21:16,99.9,90-100,,1,,0.5,2,EUR_only,v2.0.0-w3-h9,2026-09-01,True,True
COMP_0612,89.8,improving,unconfirmed,GROUP_0218,ES,EUR,businessCentral,2024-02-01 16:44:23,89.8,80-90,80-90|improving,16,Microsoft Navision,0.73,22,EUR_only,v2.0.0-w3-h9,2026-09-01,False,False
COMP_0613,70.8,improving,unconfirmed,GROUP_0158,,EUR,,2023-05-02 09:27:16,70.8,70-80,70-80|improving,21,,1.0,24,EUR_only,v2.0.0-w3-h9,2026-09-01,False,False
COMP_0614,74.1,deteriorating,unconfirmed,GROUP_0218,ES,EUR,businessCentral,2024-02-01 16:44:19,74.1,70-80,70-80|deteriorating,16,Microsoft Navision,0.92,24,EUR_only,v2.0.0-w3-h9,2026-09-01,False,False
COMP_0615,67.7,deteriorating,confirmed,GROUP_0079,,EUR,dynamicsAx,2024-11-28 14:02:07,72.4,70-80,70-80|deteriorating,15,Microsoft Dynamics - AX 2009,1.0,23,EUR_only,v2.0.0-w3-h9,2026-09-01,False,False
COMP_0616,67.8,stable,unconfirmed,GROUP_0017,ESPAÑA,EUR,,2024-06-17 07:26:43,67.8,60-70,60-70|stable,11,,1.0,24,EUR_only,v2.0.0-w3-h9,2026-09-01,False,False
COMP_0617,,insufficient_data,unconfirmed,GROUP_0212,,MXN,,2025-12-01 17:25:50,,,,11,,,0,insufficient,v2.0.0-w3-h9,2026-09-01,True,True
COMP_0618,59.7,deteriorating,unconfirmed,GROUP_0013,,EUR,sageX3,2024-05-23 10:03:04,59.7,50-60,50-60|deteriorating,12,Sage X3,0.0,8,EUR_only,v2.0.0-w3-h9,2026-09-01,False,True
COMP_0619,95.7,improving,unconfirmed,GROUP_0039,,EUR,businessCentral,2026-04-10 11:57:04,95.7,90-100,90-100|improving,5,,0.71,7,EUR_only,v2.0.0-w3-h9,2026-09-01,False,True
COMP_0620,73.8,deteriorating,unconfirmed,GROUP_0082,ES,EUR,businessCentral,2026-03-16 15:12:14,73.8,70-80,70-80|deteriorating,3,Microsoft Business Central,0.9,20,EUR_only,v2.0.0-w3-h9,2026-09-01,False,False
COMP_0621,86.7,deteriorating,unconfirmed,GROUP_0211,,USD,netsuite,2024-12-13 11:07:13,86.7,80-90,80-90|deteriorating,15,Netsuite,0.0,10,EUR_only,v2.0.0-w3-h9,2026-09-01,False,True
COMP_0622,100.0,stable,unconfirmed,GROUP_0130,BE,EUR,,2025-11-19 15:37:02,100.0,90-100,90-100|stable,9,,0.78,9,EUR_only,v2.0.0-w3-h9,2026-09-01,False,True
COMP_0623,68.9,deteriorating,unconfirmed,GROUP_0063,,EUR,,2024-04-10 13:55:13,68.9,60-70,60-70|deteriorating,5,,1.0,19,EUR_only,v2.0.0-w3-h9,2026-09-01,False,False
COMP_0624,56.9,deteriorating,confirmed,GROUP_0154,,EUR,,2023-07-04 07:38:06,62.4,60-70,60-70|deteriorating,4,Microsoft Business Central,1.0,14,EUR_only,v2.0.0-w3-h9,2026-09-01,False,True
COMP_0625,90.0,improving,confirmed,GROUP_0159,,EUR,,2022-09-07 14:20:23,80.0,80-90,80-90|improving,13,,0.33,18,EUR_only,v2.0.0-w3-h9,2026-09-01,False,False
COMP_0626,83.3,improving,confirmed,GROUP_0070,ES,EUR,,2023-03-21 09:07:44,73.3,70-80,70-80|improving,18,Microsoft Business Central,0.59,22,EUR_only,v2.0.0-w3-h9,2026-09-01,False,False
COMP_0627,88.6,stable,unconfirmed,GROUP_0115,,EUR,,2022-11-14 14:21:22,88.6,80-90,80-90|stable,12,,1.0,24,EUR_only,v2.0.0-w3-h9,2026-09-01,False,False
COMP_0628,71.0,stable,unconfirmed,GROUP_0013,,EUR,sageX3,2024-11-20 15:10:35,71.0,70-80,70-80|stable,12,Sage X3,0.74,23,EUR_only,v2.0.0-w3-h9,2026-09-01,False,False
COMP_0629,,insufficient_data,unconfirmed,GROUP_0132,,COP,netsuite,2024-03-15 09:26:38,,,,18,Netsuite,,0,insufficient,v2.0.0-w3-h9,2026-09-01,True,True
COMP_0630,79.7,improving,unconfirmed,GROUP_0247,,EUR,,2026-02-13 09:45:21,79.7,70-80,70-80|improving,1,,0.75,20,EUR_only,v2.0.0-w3-h9,2026-09-01,False,False
COMP_0631,78.0,stable,unconfirmed,GROUP_0222,,EUR,businessCentral,2025-01-16 09:08:22,78.0,70-80,70-80|stable,22,,1.0,20,EUR_only,v2.0.0-w3-h9,2026-09-01,False,False
COMP_0632,60.0,improving,unconfirmed,GROUP_0172,,EUR,,2025-05-22 14:26:10,60.0,60-70,60-70|improving,21,,0.91,11,EUR_only,v2.0.0-w3-h9,2026-09-01,False,True
COMP_0633,100.0,stable,unconfirmed,GROUP_0130,BE,EUR,,2025-11-19 15:24:37,100.0,90-100,90-100|stable,9,,0.56,9,EUR_only,v2.0.0-w3-h9,2026-09-01,False,True
COMP_0634,79.2,deteriorating,unconfirmed,GROUP_0022,,EUR,,2025-11-17 11:27:37,79.2,70-80,70-80|deteriorating,13,Netsuite,0.67,9,EUR_only,v2.0.0-w3-h9,2026-09-01,False,True
COMP_0635,78.1,improving,unconfirmed,GROUP_0127,,EUR,,2025-09-18 08:33:15,78.1,70-80,70-80|improving,8,,1.0,14,EUR_only,v2.0.0-w3-h9,2026-09-01,False,True
COMP_0636,58.2,stable,unconfirmed,GROUP_0037,ES,EUR,navision,2024-11-20 19:58:46,58.2,50-60,50-60|stable,6,Microsoft Navision,1.0,24,EUR_only,v2.0.0-w3-h9,2026-09-01,False,False
COMP_0637,94.9,stable,unconfirmed,GROUP_0132,,EUR,netsuite,2024-03-15 09:24:21,94.9,90-100,90-100|stable,18,Netsuite,0.67,21,EUR_only,v2.0.0-w3-h9,2026-09-01,False,False
COMP_0638,76.1,improving,unconfirmed,GROUP_0108,,EUR,businessCentral,2024-12-09 16:40:51,76.1,70-80,70-80|improving,19,Microsoft Business Central,0.91,23,EUR_only,v2.0.0-w3-h9,2026-09-01,False,False
COMP_0639,100.0,improving,confirmed,GROUP_0115,,EUR,,2022-11-14 14:20:31,90.7,90-100,90-100|improving,12,,1.0,24,EUR_only,v2.0.0-w3-h9,2026-09-01,False,False
COMP_0640,53.9,deteriorating,unconfirmed,GROUP_0022,,EUR,netsuite,2024-07-29 14:28:14,53.9,50-60,50-60|deteriorating,13,Netsuite,0.75,24,EUR_only,v2.0.0-w3-h9,2026-09-01,False,False
COMP_0641,,insufficient_data,unconfirmed,GROUP_0132,,EUR,netsuite,2024-03-15 09:26:50,,,,18,Netsuite,,0,insufficient,v2.0.0-w3-h9,2026-09-01,True,True
COMP_0642,59.9,deteriorating,unconfirmed,GROUP_0072,,EUR,businessCentral,2025-07-21 17:25:21,59.9,50-60,50-60|deteriorating,2,,0.13,15,EUR_only,v2.0.0-w3-h9,2026-09-01,False,True
COMP_0643,88.8,deteriorating,unconfirmed,GROUP_0008,,EUR,businessCentral,2026-04-01 14:12:02,88.8,80-90,80-90|deteriorating,6,,0.0,7,EUR_only,v2.0.0-w3-h9,2026-09-01,False,True
COMP_0644,80.9,improving,unconfirmed,GROUP_0236,,EUR,,2026-03-02 13:50:59,80.9,80-90,80-90|improving,17,,1.0,8,EUR_only,v2.0.0-w3-h9,2026-09-01,False,True
COMP_0645,61.1,improving,unconfirmed,GROUP_0217,,EUR,businessCentral,2025-04-04 08:03:17,61.1,60-70,60-70|improving,22,,0.43,14,EUR_only,v2.0.0-w3-h9,2026-09-01,False,True
COMP_0646,83.7,improving,unconfirmed,GROUP_0118,,EUR,businessCentral,2023-10-05 14:15:19,83.7,80-90,80-90|improving,8,Microsoft Business Central,1.0,24,EUR_only,v2.0.0-w3-h9,2026-09-01,False,False
COMP_0647,59.2,stable,unconfirmed,GROUP_0126,,EUR,m3Rosetta,2024-05-21 08:09:12,59.2,50-60,50-60|stable,11,Infor M3 ,1.0,24,EUR_only,v2.0.0-w3-h9,2026-09-01,False,False
COMP_0648,100.0,improving,confirmed,GROUP_0053,ES,EUR,businessOne,2025-05-21 09:05:33,94.0,90-100,90-100|improving,7,SAP Business One,1.0,14,EUR_only,v2.0.0-w3-h9,2026-09-01,False,True
COMP_0649,36.7,deteriorating,unconfirmed,GROUP_0153,,EUR,sage200,2023-08-02 08:07:25,36.7,30-40,30-40|deteriorating,6,Sage 200,1.0,24,EUR_only,v2.0.0-w3-h9,2026-09-01,False,False
COMP_0650,66.7,improving,unconfirmed,GROUP_0038,,EUR,sageX3,2025-06-05 16:08:55,66.7,60-70,60-70|improving,3,,0.0,13,EUR_only,v2.0.0-w3-h9,2026-09-01,False,True
COMP_0651,65.1,deteriorating,unconfirmed,GROUP_0081,,EUR,a3,2025-09-09 10:11:22,65.1,60-70,60-70|deteriorating,12,,1.0,20,EUR_only,v2.0.0-w3-h9,2026-09-01,False,False
COMP_0652,81.8,improving,unconfirmed,GROUP_0222,,EUR,businessCentral,2025-01-16 09:08:33,81.8,80-90,80-90|improving,22,,1.0,20,EUR_only,v2.0.0-w3-h9,2026-09-01,False,False
COMP_0653,77.9,deteriorating,confirmed,GROUP_0128,,EUR,,2025-06-04 12:00:00,83.4,80-90,80-90|deteriorating,4,Netsuite,0.92,24,EUR_only,v2.0.0-w3-h9,2026-09-01,False,False
COMP_0654,71.1,deteriorating,unconfirmed,GROUP_0053,ES,EUR,businessOne,2025-12-02 16:10:46,71.1,70-80,70-80|deteriorating,7,SAP Business One,1.0,11,EUR_only,v2.0.0-w3-h9,2026-09-01,False,True
COMP_0655,60.0,stable,unconfirmed,GROUP_0172,,EUR,,2025-05-22 14:24:35,60.0,60-70,60-70|stable,21,,1.0,18,EUR_only,v2.0.0-w3-h9,2026-09-01,False,False
COMP_0656,100.0,improving,confirmed,GROUP_0087,,EUR,,2025-10-06 14:28:47,100.0,90-100,90-100|improving,9,,1.0,11,EUR_only,v2.0.0-w3-h9,2026-09-01,False,True
COMP_0657,79.1,stable,unconfirmed,GROUP_0222,,EUR,businessCentral,2025-01-16 09:06:57,79.1,70-80,70-80|stable,22,,1.0,20,EUR_only,v2.0.0-w3-h9,2026-09-01,False,False
COMP_0658,,insufficient_data,unconfirmed,GROUP_0132,,AED,netsuite,2024-03-15 09:26:05,,,,18,Netsuite,,0,insufficient,v2.0.0-w3-h9,2026-09-01,True,True
COMP_0659,62.8,stable,unconfirmed,GROUP_0035,ES,EUR,businessCentral,2024-03-06 08:44:34,62.8,60-70,60-70|stable,14,Microsoft Business Central,1.0,24,EUR_only,v2.0.0-w3-h9,2026-09-01,False,False
COMP_0660,,insufficient_data,unconfirmed,GROUP_0175,,DKK,netsuite,2025-09-23 12:28:55,,,,6,,,0,insufficient,v2.0.0-w3-h9,2026-09-01,True,True
COMP_0661,81.7,stable,unconfirmed,GROUP_0222,,EUR,businessCentral,2025-01-16 09:10:04,81.7,80-90,80-90|stable,22,,1.0,20,EUR_only,v2.0.0-w3-h9,2026-09-01,False,False
COMP_0662,82.2,improving,unconfirmed,GROUP_0054,,EUR,netsuite,2025-12-03 11:13:53,82.2,80-90,80-90|improving,4,,0.73,11,EUR_only,v2.0.0-w3-h9,2026-09-01,False,True
COMP_0663,61.5,stable,unconfirmed,GROUP_0143,,EUR,,2026-02-09 10:13:59,61.5,60-70,60-70|stable,10,Microsoft Business Central,1.0,9,EUR_only,v2.0.0-w3-h9,2026-09-01,False,True
COMP_0664,45.9,deteriorating,confirmed,GROUP_0058,ES,EUR,businessCentral,2026-02-25 08:11:45,55.9,50-60,50-60|deteriorating,3,,1.0,9,EUR_only,v2.0.0-w3-h9,2026-09-01,False,True
COMP_0665,69.0,deteriorating,unconfirmed,GROUP_0150,,EUR,sage200,2024-10-11 14:04:15,69.0,60-70,60-70|deteriorating,13,Sage 200,0.96,24,EUR_only,v2.0.0-w3-h9,2026-09-01,False,False
COMP_0666,,insufficient_data,unconfirmed,GROUP_0013,,EUR,sageX3,2024-05-23 10:04:19,,,,12,Sage X3,,0,insufficient,v2.0.0-w3-h9,2026-09-01,True,True
COMP_0667,71.8,deteriorating,unconfirmed,GROUP_0068,,EUR,businessCentral,2025-04-23 16:18:26,71.8,70-80,70-80|deteriorating,4,,1.0,18,EUR_only,v2.0.0-w3-h9,2026-09-01,False,False
COMP_0668,67.3,deteriorating,confirmed,GROUP_0048,,EUR,businessCentral,2026-03-10 16:49:14,74.7,70-80,70-80|deteriorating,10,,1.0,8,EUR_only,v2.0.0-w3-h9,2026-09-01,False,True
COMP_0669,55.4,deteriorating,unconfirmed,GROUP_0007,ES,EUR,,2026-04-27 14:36:42,55.4,50-60,50-60|deteriorating,5,,1.0,8,EUR_only,v2.0.0-w3-h9,2026-09-01,False,True
COMP_0670,68.0,deteriorating,unconfirmed,GROUP_0101,,EUR,,2024-11-04 14:59:55,68.0,60-70,60-70|deteriorating,18,,0.0,22,EUR_only,v2.0.0-w3-h9,2026-09-01,False,False
COMP_0671,82.3,improving,unconfirmed,GROUP_0250,,EUR,distritoK,2022-04-22 11:28:50,82.3,80-90,80-90|improving,19,Distrito K,1.0,24,EUR_only,v2.0.0-w3-h9,2026-09-01,False,False
COMP_0672,66.2,improving,unconfirmed,GROUP_0184,ES,EUR,businessCentral,2025-12-29 09:14:41,66.2,60-70,60-70|improving,9,,0.0,8,EUR_only,v2.0.0-w3-h9,2026-09-01,False,True
COMP_0673,77.5,stable,unconfirmed,GROUP_0203,,EUR,netsuite,2026-02-19 15:44:19,77.5,70-80,70-80|stable,5,,1.0,9,EUR_only,v2.0.0-w3-h9,2026-09-01,False,True
COMP_0674,98.6,improving,confirmed,GROUP_0112,España,EUR,businessCentral,2024-06-11 13:30:48,91.0,90-100,90-100|improving,12,Microsoft Business Central,1.0,24,EUR_only,v2.0.0-w3-h9,2026-09-01,False,False
COMP_0675,78.7,stable,unconfirmed,GROUP_0023,,EUR,sage200,2025-03-17 16:14:28,78.7,70-80,70-80|stable,17,,1.0,12,EUR_only,v2.0.0-w3-h9,2026-09-01,False,True
COMP_0676,87.3,improving,confirmed,GROUP_0104,ES,EUR,libra,2026-02-27 16:10:11,84.9,80-90,80-90|improving,10,,1.0,7,EUR_only,v2.0.0-w3-h9,2026-09-01,False,True
COMP_0677,60.2,improving,unconfirmed,GROUP_0138,,EUR,dynamicsAx,2026-04-08 10:34:39,60.2,60-70,60-70|improving,18,,0.29,7,EUR_only,v2.0.0-w3-h9,2026-09-01,False,True
COMP_0678,59.5,deteriorating,unconfirmed,GROUP_0154,,EUR,businessCentral,2023-07-04 07:37:46,59.5,50-60,50-60|deteriorating,4,Microsoft Business Central,0.0,22,EUR_only,v2.0.0-w3-h9,2026-09-01,False,False
COMP_0679,60.0,stable,unconfirmed,GROUP_0172,,EUR,,2025-05-22 14:23:09,60.0,60-70,60-70|stable,21,,0.94,18,EUR_only,v2.0.0-w3-h9,2026-09-01,False,False
COMP_0680,29.5,improving,unconfirmed,GROUP_0089,DE,EUR,netsuite,2026-01-09 13:04:46,29.5,20-30,20-30|improving,2,,1.0,10,EUR_only,v2.0.0-w3-h9,2026-09-01,False,True
COMP_0681,64.6,deteriorating,unconfirmed,GROUP_0176,ES,EUR,,2022-10-15 16:28:17,64.6,60-70,60-70|deteriorating,1,,1.0,12,EUR_only,v2.0.0-w3-h9,2026-09-01,False,True
COMP_0682,79.5,deteriorating,unconfirmed,GROUP_0200,ES,EUR,netsuite,2025-03-05 17:03:08,79.5,70-80,70-80|deteriorating,9,Netsuite,1.0,20,EUR_only,v2.0.0-w3-h9,2026-09-01,False,False
COMP_0683,68.7,stable,unconfirmed,GROUP_0239,,EUR,,2026-03-11 15:43:09,68.7,60-70,60-70|stable,5,,1.0,8,EUR_only,v2.0.0-w3-h9,2026-09-01,False,True
COMP_0684,89.9,improving,unconfirmed,GROUP_0236,,EUR,,2026-03-02 13:52:10,89.9,80-90,80-90|improving,17,,1.0,8,EUR_only,v2.0.0-w3-h9,2026-09-01,False,True
COMP_0685,70.5,stable,unconfirmed,GROUP_0035,ES,EUR,businessCentral,2024-03-06 08:44:25,70.5,70-80,70-80|stable,14,Microsoft Business Central,1.0,24,EUR_only,v2.0.0-w3-h9,2026-09-01,False,False
COMP_0686,79.2,improving,unconfirmed,GROUP_0139,ES,EUR,businessCentral,2024-06-24 17:09:47,79.2,70-80,70-80|improving,5,Microsoft Business Central,1.0,24,EUR_only,v2.0.0-w3-h9,2026-09-01,False,False
COMP_0687,86.8,stable,unconfirmed,GROUP_0212,,EUR,,2024-07-10 16:34:34,86.8,80-90,80-90|stable,11,,1.0,24,EUR_only,v2.0.0-w3-h9,2026-09-01,False,False
COMP_0688,100.0,stable,unconfirmed,GROUP_0241,,EUR,businessCentral,2026-05-08 13:43:04,100.0,90-100,90-100|stable,7,,0.88,8,EUR_only,v2.0.0-w3-h9,2026-09-01,False,True
COMP_0689,85.0,improving,unconfirmed,GROUP_0200,,EUR,netsuite,2025-03-05 17:07:45,85.0,80-90,80-90|improving,9,Netsuite,1.0,20,EUR_only,v2.0.0-w3-h9,2026-09-01,False,False
COMP_0690,,insufficient_data,unconfirmed,GROUP_0009,,USD,,2025-12-05 08:13:51,,,,9,,,0,insufficient,v2.0.0-w3-h9,2026-09-01,True,True
COMP_0691,100.0,stable,unconfirmed,GROUP_0010,,EUR,datev,2026-07-16 06:51:09,100.0,90-100,90-100|stable,1,,1.0,8,EUR_only,v2.0.0-w3-h9,2026-09-01,False,True
COMP_0692,100.0,insufficient_data,unconfirmed,GROUP_0108,,GBP,businessCentral,2024-12-09 16:42:51,100.0,90-100,,19,Microsoft Business Central,0.0,1,EUR_only,v2.0.0-w3-h9,2026-09-01,True,True
COMP_0693,88.5,deteriorating,unconfirmed,GROUP_0116,,EUR,,2024-06-12 13:59:48,88.5,80-90,80-90|deteriorating,8,Netsuite,1.0,24,EUR_only,v2.0.0-w3-h9,2026-09-01,False,False
COMP_0694,88.8,improving,unconfirmed,GROUP_0162,FR,EUR,businessOne,2022-04-06 16:19:17,88.8,80-90,80-90|improving,8,SAP Business One,0.0,20,EUR_only,v2.0.0-w3-h9,2026-09-01,False,False
COMP_0695,100.0,improving,confirmed,GROUP_0084,IT,EUR,netsuite,2024-06-17 13:23:08,92.3,90-100,90-100|improving,4,Netsuite,0.92,24,EUR_only,v2.0.0-w3-h9,2026-09-01,False,False
COMP_0696,84.0,stable,unconfirmed,GROUP_0017,ESPAÑA,EUR,,2024-06-17 07:22:49,84.0,80-90,80-90|stable,11,,1.0,24,EUR_only,v2.0.0-w3-h9,2026-09-01,False,False
COMP_0697,77.2,deteriorating,confirmed,GROUP_0132,,EUR,netsuite,2024-03-15 09:24:37,85.7,80-90,80-90|deteriorating,18,Netsuite,0.83,23,EUR_only,v2.0.0-w3-h9,2026-09-01,False,False
COMP_0698,48.5,deteriorating,confirmed,GROUP_0241,,EUR,businessCentral,2026-05-08 13:42:49,55.3,50-60,50-60|deteriorating,7,,0.75,8,EUR_only,v2.0.0-w3-h9,2026-09-01,False,True
COMP_0699,60.0,deteriorating,unconfirmed,GROUP_0158,,EUR,,2023-05-31 05:35:20,60.0,60-70,60-70|deteriorating,21,,0.62,24,EUR_only,v2.0.0-w3-h9,2026-09-01,False,False
COMP_0700,63.4,deteriorating,confirmed,GROUP_0103,,EUR,,2025-03-13 11:02:29,67.2,60-70,60-70|deteriorating,16,,1.0,20,EUR_only,v2.0.0-w3-h9,2026-09-01,False,False
COMP_0701,80.0,improving,unconfirmed,GROUP_0211,,EUR,netsuite,2025-05-25 18:47:06,80.0,80-90,80-90|improving,15,Netsuite,0.0,6,EUR_only,v2.0.0-w3-h9,2026-09-01,False,True
COMP_0702,63.5,deteriorating,confirmed,GROUP_0236,,EUR,,2026-03-02 13:53:34,73.5,70-80,70-80|deteriorating,17,,0.0,7,EUR_only,v2.0.0-w3-h9,2026-09-01,False,True
COMP_0703,100.0,improving,confirmed,GROUP_0115,,EUR,,2022-11-14 14:21:45,98.9,90-100,90-100|improving,12,,1.0,24,EUR_only,v2.0.0-w3-h9,2026-09-01,False,False
COMP_0704,86.7,stable,unconfirmed,GROUP_0131,,EUR,,2025-07-22 20:44:09,86.7,80-90,80-90|stable,9,,0.0,13,EUR_only,v2.0.0-w3-h9,2026-09-01,False,True
COMP_0705,73.8,improving,unconfirmed,GROUP_0067,,EUR,,2025-10-02 15:02:25,73.8,70-80,70-80|improving,6,,1.0,20,EUR_only,v2.0.0-w3-h9,2026-09-01,False,False
COMP_0706,74.2,improving,unconfirmed,GROUP_0212,,EUR,,2024-07-10 16:32:46,74.2,70-80,70-80|improving,11,,1.0,24,EUR_only,v2.0.0-w3-h9,2026-09-01,False,False
COMP_0707,74.5,stable,unconfirmed,GROUP_0035,ES,EUR,businessCentral,2024-03-06 08:44:52,74.5,70-80,70-80|stable,14,Microsoft Business Central,0.92,24,EUR_only,v2.0.0-w3-h9,2026-09-01,False,False
COMP_0708,73.2,deteriorating,confirmed,GROUP_0196,,EUR,businessCentral,2026-02-19 16:23:18,75.6,70-80,70-80|deteriorating,2,,1.0,9,EUR_only,v2.0.0-w3-h9,2026-09-01,False,True
COMP_0709,69.1,deteriorating,unconfirmed,GROUP_0040,ES,EUR,ekon,2025-12-19 13:31:34,69.1,60-70,60-70|deteriorating,3,,1.0,10,EUR_only,v2.0.0-w3-h9,2026-09-01,False,True
COMP_0710,66.6,improving,unconfirmed,GROUP_0146,ES,EUR,,2024-09-23 13:52:53,66.6,60-70,60-70|improving,6,Sage 200,1.0,24,EUR_only,v2.0.0-w3-h9,2026-09-01,False,False
COMP_0711,63.8,stable,unconfirmed,GROUP_0219,,EUR,netsuite,2023-06-02 10:16:40,63.8,60-70,60-70|stable,1,Netsuite,0.71,24,EUR_only,v2.0.0-w3-h9,2026-09-01,False,False
COMP_0712,77.5,deteriorating,unconfirmed,GROUP_0155,,EUR,etendo,2023-01-13 09:55:03,77.5,70-80,70-80|deteriorating,11,Etendo,0.0,4,EUR_only,v2.0.0-w3-h9,2026-09-01,True,True
COMP_0713,50.0,deteriorating,unconfirmed,GROUP_0023,,EUR,sage200,2025-03-17 15:51:37,50.0,50-60,50-60|deteriorating,17,,0.95,21,EUR_only,v2.0.0-w3-h9,2026-09-01,False,False
COMP_0714,60.2,stable,unconfirmed,GROUP_0172,,EUR,,2025-05-22 14:25:33,60.2,60-70,60-70|stable,21,,0.71,17,EUR_only,v2.0.0-w3-h9,2026-09-01,False,True
COMP_0715,100.0,stable,unconfirmed,GROUP_0177,IT,EUR,,2025-08-25 09:08:02,100.0,90-100,90-100|stable,2,,0.0,4,EUR_only,v2.0.0-w3-h9,2026-09-01,True,True
COMP_0716,91.4,improving,unconfirmed,GROUP_0178,,EUR,,2026-03-11 12:31:33,91.4,90-100,90-100|improving,2,,0.88,8,EUR_only,v2.0.0-w3-h9,2026-09-01,False,True
COMP_0717,51.4,deteriorating,confirmed,GROUP_0020,,EUR,,2025-06-23 07:48:16,61.4,60-70,60-70|deteriorating,6,,0.0,14,EUR_only,v2.0.0-w3-h9,2026-09-01,False,True
COMP_0718,60.0,improving,unconfirmed,GROUP_0138,,EUR,dynamicsAx,2026-04-08 10:33:56,60.0,60-70,60-70|improving,18,,0.29,7,EUR_only,v2.0.0-w3-h9,2026-09-01,False,True
COMP_0719,68.0,deteriorating,unconfirmed,GROUP_0068,,EUR,businessCentral,2025-04-24 11:28:12,68.0,60-70,60-70|deteriorating,4,,1.0,18,EUR_only,v2.0.0-w3-h9,2026-09-01,False,False
COMP_0720,50.1,deteriorating,confirmed,GROUP_0130,NL,EUR,,2025-11-19 15:23:24,60.1,60-70,60-70|deteriorating,9,,0.5,8,EUR_only,v2.0.0-w3-h9,2026-09-01,False,True
COMP_0721,59.1,deteriorating,confirmed,GROUP_0113,,EUR,,2025-03-07 11:08:29,67.2,60-70,60-70|deteriorating,4,Desarrollo propio,1.0,20,EUR_only,v2.0.0-w3-h9,2026-09-01,False,False
COMP_0722,66.0,improving,unconfirmed,GROUP_0064,,EUR,,2026-03-10 11:55:49,66.0,60-70,60-70|improving,12,,0.0,10,EUR_only,v2.0.0-w3-h9,2026-09-01,False,True
COMP_0723,66.8,improving,unconfirmed,GROUP_0230,,EUR,r3,2025-10-31 12:19:38,66.8,60-70,60-70|improving,7,,0.7,10,EUR_only,v2.0.0-w3-h9,2026-09-01,False,True
COMP_0724,66.7,stable,unconfirmed,GROUP_0236,,EUR,,2026-03-02 13:49:11,66.7,60-70,60-70|stable,17,,1.0,8,EUR_only,v2.0.0-w3-h9,2026-09-01,False,True
COMP_0725,75.3,deteriorating,unconfirmed,GROUP_0222,,EUR,businessCentral,2025-01-16 09:11:20,75.3,70-80,70-80|deteriorating,22,,1.0,20,EUR_only,v2.0.0-w3-h9,2026-09-01,False,False
COMP_0726,82.4,stable,unconfirmed,GROUP_0055,,EUR,dynamicsAx,2024-02-16 09:59:35,82.4,80-90,80-90|stable,4,Microsoft Dynamics - AX 2012,0.0,6,EUR_only,v2.0.0-w3-h9,2026-09-01,False,True
COMP_0727,79.5,stable,unconfirmed,GROUP_0009,,EUR,,2025-12-05 08:11:34,79.5,70-80,70-80|stable,9,,1.0,11,EUR_only,v2.0.0-w3-h9,2026-09-01,False,True
COMP_0728,,insufficient_data,unconfirmed,GROUP_0183,,USD,businessOne,2026-01-23 14:11:55,,,,3,,,0,insufficient,v2.0.0-w3-h9,2026-09-01,True,True
COMP_0729,58.9,deteriorating,unconfirmed,GROUP_0018,,EUR,businessCentral,2025-09-02 07:35:49,58.9,50-60,50-60|deteriorating,12,,0.0,6,EUR_only,v2.0.0-w3-h9,2026-09-01,False,True
COMP_0730,83.4,improving,unconfirmed,GROUP_0041,DE,EUR,,2026-06-17 16:03:10,83.4,80-90,80-90|improving,2,,1.0,8,EUR_only,v2.0.0-w3-h9,2026-09-01,False,True
COMP_0731,84.7,stable,unconfirmed,GROUP_0149,,EUR,m3Rosetta,2026-02-16 09:43:33,84.7,80-90,80-90|stable,13,MOVEX,1.0,9,EUR_only,v2.0.0-w3-h9,2026-09-01,False,True
COMP_0732,60.0,deteriorating,unconfirmed,GROUP_0022,,EUR,netsuite,2024-07-29 14:28:39,60.0,60-70,60-70|deteriorating,13,Netsuite,0.05,21,EUR_only,v2.0.0-w3-h9,2026-09-01,False,False
COMP_0733,80.0,deteriorating,unconfirmed,GROUP_0129,,EUR,businessCentral,2025-04-21 12:34:18,80.0,80-90,80-90|deteriorating,6,Microsoft Business Central,0.0,16,EUR_only,v2.0.0-w3-h9,2026-09-01,False,True
COMP_0734,,insufficient_data,unconfirmed,GROUP_0041,US,USD,,2026-06-17 16:03:45,,,,2,,,0,insufficient,v2.0.0-w3-h9,2026-09-01,True,True
COMP_0735,65.0,deteriorating,unconfirmed,GROUP_0200,,EUR,netsuite,2025-03-05 17:07:18,65.0,60-70,60-70|deteriorating,9,Netsuite,0.0,6,EUR_only,v2.0.0-w3-h9,2026-09-01,False,True
COMP_0736,60.0,stable,unconfirmed,GROUP_0184,ES,EUR,,2025-12-29 09:17:49,60.0,60-70,60-70|stable,9,,0.12,8,EUR_only,v2.0.0-w3-h9,2026-09-01,False,True
COMP_0737,89.3,improving,unconfirmed,GROUP_0205,,EUR,,2023-11-08 15:11:49,89.3,80-90,80-90|improving,3,,1.0,24,EUR_only,v2.0.0-w3-h9,2026-09-01,False,False
COMP_0738,72.3,deteriorating,unconfirmed,GROUP_0064,,EUR,,2026-03-10 11:55:07,72.3,70-80,70-80|deteriorating,12,,0.95,20,EUR_only,v2.0.0-w3-h9,2026-09-01,False,False
COMP_0739,67.4,deteriorating,unconfirmed,GROUP_0187,,EUR,,2024-02-13 08:33:36,67.4,60-70,60-70|deteriorating,8,,1.0,24,EUR_only,v2.0.0-w3-h9,2026-09-01,False,False
COMP_0740,93.3,stable,unconfirmed,GROUP_0044,,EUR,businessCentral,2026-06-19 11:59:57,93.3,90-100,90-100|stable,13,,0.12,8,EUR_only,v2.0.0-w3-h9,2026-09-01,False,True
COMP_0741,100.0,stable,unconfirmed,GROUP_0013,,EUR,sageX3,2024-05-23 10:03:27,100.0,90-100,90-100|stable,12,Sage X3,0.67,24,EUR_only,v2.0.0-w3-h9,2026-09-01,False,False
COMP_0742,59.2,stable,unconfirmed,GROUP_0047,,EUR,businessCentral,2026-01-28 08:59:39,59.2,50-60,50-60|stable,5,,1.0,7,EUR_only,v2.0.0-w3-h9,2026-09-01,False,True
COMP_0743,89.6,improving,unconfirmed,GROUP_0033,,EUR,netsuite,2025-09-26 09:50:36,89.6,80-90,80-90|improving,2,,1.0,24,EUR_only,v2.0.0-w3-h9,2026-09-01,False,False
COMP_0744,100.0,insufficient_data,unconfirmed,GROUP_0032,US,USD,,2026-01-21 23:19:35,100.0,90-100,,4,,0.0,1,EUR_only,v2.0.0-w3-h9,2026-09-01,True,True
COMP_0745,59.0,deteriorating,confirmed,GROUP_0058,ES,EUR,businessCentral,2026-02-25 08:11:20,64.4,60-70,60-70|deteriorating,3,,1.0,9,EUR_only,v2.0.0-w3-h9,2026-09-01,False,True
COMP_0746,76.5,deteriorating,unconfirmed,GROUP_0222,,EUR,businessCentral,2025-01-16 09:09:38,76.5,70-80,70-80|deteriorating,22,,1.0,20,EUR_only,v2.0.0-w3-h9,2026-09-01,False,False
COMP_0747,59.9,improving,unconfirmed,GROUP_0172,,EUR,,2025-05-22 14:22:03,59.9,50-60,50-60|improving,21,,1.0,18,EUR_only,v2.0.0-w3-h9,2026-09-01,False,False
COMP_0748,83.0,improving,confirmed,GROUP_0074,,EUR,,2024-06-24 10:34:41,81.0,80-90,80-90|improving,1,,1.0,24,EUR_only,v2.0.0-w3-h9,2026-09-01,False,False
COMP_0749,90.1,improving,unconfirmed,GROUP_0243,,EUR,,2026-04-22 08:00:34,90.1,90-100,90-100|improving,5,,0.86,7,EUR_only,v2.0.0-w3-h9,2026-09-01,False,True
COMP_0750,60.0,stable,unconfirmed,GROUP_0172,,EUR,,2025-05-22 14:26:26,60.0,60-70,60-70|stable,21,,1.0,18,EUR_only,v2.0.0-w3-h9,2026-09-01,False,False
COMP_0751,72.2,deteriorating,unconfirmed,GROUP_0142,,EUR,,2024-09-10 18:48:55,72.2,70-80,70-80|deteriorating,22,Sage 50,0.83,24,EUR_only,v2.0.0-w3-h9,2026-09-01,False,False
COMP_0752,72.3,improving,unconfirmed,GROUP_0236,,EUR,,2026-03-02 13:50:44,72.3,70-80,70-80|improving,17,,1.0,8,EUR_only,v2.0.0-w3-h9,2026-09-01,False,True
COMP_0753,68.6,improving,unconfirmed,GROUP_0170,,EUR,,2025-06-10 11:00:45,68.6,60-70,60-70|improving,16,,0.94,17,EUR_only,v2.0.0-w3-h9,2026-09-01,False,True
COMP_0754,86.4,improving,confirmed,GROUP_0211,,EUR,,2025-07-11 13:31:42,80.0,80-90,80-90|improving,15,Netsuite,0.75,16,EUR_only,v2.0.0-w3-h9,2026-09-01,False,True
COMP_0755,75.8,improving,unconfirmed,GROUP_0103,,EUR,,2025-03-13 10:54:55,75.8,70-80,70-80|improving,16,,1.0,20,EUR_only,v2.0.0-w3-h9,2026-09-01,False,False
COMP_0756,75.5,deteriorating,unconfirmed,GROUP_0104,ES,EUR,libra,2026-03-11 20:59:31,75.5,70-80,70-80|deteriorating,10,,1.0,7,EUR_only,v2.0.0-w3-h9,2026-09-01,False,True
COMP_0757,69.5,improving,confirmed,GROUP_0133,,EUR,businessCentral,2026-03-19 09:16:05,66.8,60-70,60-70|improving,2,,1.0,8,EUR_only,v2.0.0-w3-h9,2026-09-01,False,True
COMP_0758,86.7,deteriorating,unconfirmed,GROUP_0169,NL,EUR,,2025-09-10 10:58:03,86.7,80-90,80-90|deteriorating,7,,0.0,9,EUR_only,v2.0.0-w3-h9,2026-09-01,False,True
COMP_0759,,insufficient_data,unconfirmed,GROUP_0094,,USD,netsuite,2024-11-07 10:06:56,,,,13,Netsuite,,0,insufficient,v2.0.0-w3-h9,2026-09-01,True,True
COMP_0760,66.9,improving,unconfirmed,GROUP_0249,,EUR,,2022-10-10 16:46:03,66.9,60-70,60-70|improving,1,Sage 50,1.0,24,EUR_only,v2.0.0-w3-h9,2026-09-01,False,False
COMP_0761,80.0,improving,unconfirmed,GROUP_0199,,CHF,,2025-09-10 14:29:22,80.0,80-90,80-90|improving,11,,0.0,5,EUR_only,v2.0.0-w3-h9,2026-09-01,True,True
COMP_0762,93.6,improving,unconfirmed,GROUP_0051,,EUR,,2025-09-22 07:53:15,93.6,90-100,90-100|improving,4,,0.92,13,EUR_only,v2.0.0-w3-h9,2026-09-01,False,True
COMP_0763,80.1,improving,unconfirmed,GROUP_0095,,EUR,,2025-11-26 14:19:32,80.1,80-90,80-90|improving,12,,1.0,20,EUR_only,v2.0.0-w3-h9,2026-09-01,False,False
COMP_0764,73.3,deteriorating,unconfirmed,GROUP_0022,,EUR,netsuite,2024-07-29 14:27:46,73.3,70-80,70-80|deteriorating,13,Netsuite,0.42,24,EUR_only,v2.0.0-w3-h9,2026-09-01,False,False
COMP_0765,,insufficient_data,unconfirmed,GROUP_0016,,NAD,businessOne,2024-12-19 07:54:04,,,,15,SAP Business One,,0,insufficient,v2.0.0-w3-h9,2026-09-01,True,True
COMP_0766,66.4,stable,unconfirmed,GROUP_0212,,EUR,,2024-07-10 16:35:42,66.4,60-70,60-70|stable,11,,0.96,24,EUR_only,v2.0.0-w3-h9,2026-09-01,False,False
COMP_0767,85.0,improving,unconfirmed,GROUP_0054,,EUR,,2025-12-03 11:14:23,85.0,80-90,80-90|improving,4,,0.91,11,EUR_only,v2.0.0-w3-h9,2026-09-01,False,True
COMP_0768,86.3,improving,unconfirmed,GROUP_0127,,EUR,,2025-09-18 08:35:28,86.3,80-90,80-90|improving,8,,0.07,14,EUR_only,v2.0.0-w3-h9,2026-09-01,False,True
COMP_0769,99.5,improving,confirmed,GROUP_0114,PT,EUR,,2026-07-13 06:15:38,89.5,80-90,80-90|improving,4,,0.89,9,EUR_only,v2.0.0-w3-h9,2026-09-01,False,True
COMP_0770,59.9,deteriorating,confirmed,GROUP_0082,ES,EUR,businessCentral,2025-04-24 13:26:49,66.3,60-70,60-70|deteriorating,3,Microsoft Business Central,1.0,24,EUR_only,v2.0.0-w3-h9,2026-09-01,False,False
COMP_0771,100.0,stable,unconfirmed,GROUP_0175,,EUR,netsuite,2025-09-23 08:01:56,100.0,90-100,90-100|stable,6,,0.0,5,EUR_only,v2.0.0-w3-h9,2026-09-01,True,True
COMP_0772,85.0,stable,unconfirmed,GROUP_0023,,EUR,sage200,2025-03-17 16:12:34,85.0,80-90,80-90|stable,17,,1.0,20,EUR_only,v2.0.0-w3-h9,2026-09-01,False,False
COMP_0773,75.2,deteriorating,unconfirmed,GROUP_0112,,EUR,businessCentral,2024-06-11 13:32:07,75.2,70-80,70-80|deteriorating,12,Microsoft Business Central,1.0,24,EUR_only,v2.0.0-w3-h9,2026-09-01,False,False
COMP_0774,72.1,improving,unconfirmed,GROUP_0103,,EUR,,2025-03-13 11:07:03,72.1,70-80,70-80|improving,16,,1.0,20,EUR_only,v2.0.0-w3-h9,2026-09-01,False,False
COMP_0775,76.9,improving,unconfirmed,GROUP_0211,,EUR,netsuite,2025-05-25 18:43:41,76.9,70-80,70-80|improving,15,Netsuite,0.69,16,EUR_only,v2.0.0-w3-h9,2026-09-01,False,True
COMP_0776,60.0,deteriorating,unconfirmed,GROUP_0158,,EUR,,2023-05-02 09:28:38,60.0,60-70,60-70|deteriorating,21,,0.0,24,EUR_only,v2.0.0-w3-h9,2026-09-01,False,False
COMP_0777,,insufficient_data,unconfirmed,GROUP_0179,,USD,,2025-10-29 10:16:39,,,,7,,,0,insufficient,v2.0.0-w3-h9,2026-09-01,True,True
COMP_0778,68.0,deteriorating,unconfirmed,GROUP_0238,ESPAÑA,EUR,sage200,2023-10-06 11:08:16,68.0,60-70,60-70|deteriorating,4,Sage 200,1.0,24,EUR_only,v2.0.0-w3-h9,2026-09-01,False,False
COMP_0779,73.3,stable,unconfirmed,GROUP_0108,,EUR,businessCentral,2024-12-09 16:44:12,73.3,70-80,70-80|stable,19,Microsoft Business Central,0.36,11,EUR_only,v2.0.0-w3-h9,2026-09-01,False,True
COMP_0780,87.2,improving,confirmed,GROUP_0065,,EUR,,2024-10-10 11:07:34,78.9,70-80,70-80|improving,13,Netsuite,1.0,24,EUR_only,v2.0.0-w3-h9,2026-09-01,False,False
COMP_0781,,insufficient_data,unconfirmed,GROUP_0170,,USD,,2025-06-10 11:06:46,,,,16,,,0,insufficient,v2.0.0-w3-h9,2026-09-01,True,True
COMP_0782,100.0,stable,unconfirmed,GROUP_0130,NL,EUR,,2025-11-13 12:24:14,100.0,90-100,90-100|stable,9,,1.0,24,EUR_only,v2.0.0-w3-h9,2026-09-01,False,False
COMP_0783,,insufficient_data,unconfirmed,GROUP_0122,,GBP,netsuite,2026-02-24 15:36:18,,,,8,,,0,insufficient,v2.0.0-w3-h9,2026-09-01,True,True
COMP_0784,,insufficient_data,unconfirmed,GROUP_0149,,GBP,m3Rosetta,2026-02-16 10:35:48,,,,13,MOVEX,,0,insufficient,v2.0.0-w3-h9,2026-09-01,True,True
COMP_0785,72.0,deteriorating,unconfirmed,GROUP_0140,,EUR,,2024-06-18 10:03:54,72.0,70-80,70-80|deteriorating,1,,1.0,24,EUR_only,v2.0.0-w3-h9,2026-09-01,False,False
COMP_0786,83.1,stable,unconfirmed,GROUP_0017,ESPAÑA,EUR,,2024-06-17 07:31:13,83.1,80-90,80-90|stable,11,,1.0,24,EUR_only,v2.0.0-w3-h9,2026-09-01,False,False
COMP_0787,64.8,improving,unconfirmed,GROUP_0008,,EUR,businessCentral,2026-04-01 14:12:37,64.8,60-70,60-70|improving,6,,0.0,6,EUR_only,v2.0.0-w3-h9,2026-09-01,False,True
COMP_0788,63.4,improving,unconfirmed,GROUP_0045,,EUR,businessCentral,2023-10-25 11:30:57,63.4,60-70,60-70|improving,2,Microsoft Business Central,1.0,24,EUR_only,v2.0.0-w3-h9,2026-09-01,False,False
COMP_0789,80.0,improving,unconfirmed,GROUP_0115,,EUR,,2022-11-14 14:21:06,80.0,80-90,80-90|improving,12,,0.0,9,EUR_only,v2.0.0-w3-h9,2026-09-01,False,True
COMP_0790,78.2,improving,unconfirmed,GROUP_0210,DE,EUR,netsuite,2026-06-24 15:10:08,78.2,70-80,70-80|improving,2,,0.36,14,EUR_only,v2.0.0-w3-h9,2026-09-01,False,True
COMP_0791,99.9,improving,confirmed,GROUP_0065,,EUR,,2024-10-10 11:02:58,89.9,80-90,80-90|improving,13,Netsuite,1.0,24,EUR_only,v2.0.0-w3-h9,2026-09-01,False,False
COMP_0792,66.9,improving,unconfirmed,GROUP_0070,,EUR,,2023-03-21 09:06:43,66.9,60-70,60-70|improving,18,Microsoft Business Central,1.0,24,EUR_only,v2.0.0-w3-h9,2026-09-01,False,False
COMP_0793,71.0,deteriorating,unconfirmed,GROUP_0147,,EUR,sage200,2026-03-10 15:49:30,71.0,70-80,70-80|deteriorating,3,,1.0,8,EUR_only,v2.0.0-w3-h9,2026-09-01,False,True
COMP_0794,73.0,deteriorating,unconfirmed,GROUP_0035,ES,EUR,businessCentral,2024-03-06 08:45:09,73.0,70-80,70-80|deteriorating,14,Microsoft Business Central,0.26,23,EUR_only,v2.0.0-w3-h9,2026-09-01,False,False
COMP_0795,86.8,improving,unconfirmed,GROUP_0039,,EUR,businessCentral,2026-04-10 11:56:26,86.8,80-90,80-90|improving,5,,1.0,5,EUR_only,v2.0.0-w3-h9,2026-09-01,True,True
COMP_0796,73.3,improving,unconfirmed,GROUP_0160,ESPANYA,EUR,businessCentral,2023-04-14 17:58:37,73.3,70-80,70-80|improving,3,Microsoft Business Central,0.54,24,EUR_only,v2.0.0-w3-h9,2026-09-01,False,False
COMP_0797,99.8,stable,unconfirmed,GROUP_0081,,EUR,a3,2025-09-09 10:08:31,99.8,90-100,90-100|stable,12,,1.0,11,EUR_only,v2.0.0-w3-h9,2026-09-01,False,True
COMP_0798,73.6,improving,unconfirmed,GROUP_0057,,EUR,businessOne,2025-09-05 11:38:14,73.6,70-80,70-80|improving,2,,1.0,24,EUR_only,v2.0.0-w3-h9,2026-09-01,False,False
COMP_0799,86.7,deteriorating,unconfirmed,GROUP_0183,GB,GBP,businessOne,2026-01-20 09:45:48,86.7,80-90,80-90|deteriorating,3,,0.0,5,EUR_only,v2.0.0-w3-h9,2026-09-01,True,True
COMP_0800,,insufficient_data,unconfirmed,GROUP_0149,,GBP,m3Rosetta,2026-02-16 10:34:38,,,,13,MOVEX,,0,insufficient,v2.0.0-w3-h9,2026-09-01,True,True
COMP_0801,90.7,improving,unconfirmed,GROUP_0023,,EUR,sage200,2025-03-17 16:10:57,90.7,90-100,90-100|improving,17,,0.9,20,EUR_only,v2.0.0-w3-h9,2026-09-01,False,False
COMP_0802,75.4,improving,unconfirmed,GROUP_0117,,EUR,,2025-10-06 08:18:29,75.4,70-80,70-80|improving,6,,1.0,13,EUR_only,v2.0.0-w3-h9,2026-09-01,False,True
COMP_0803,69.8,stable,unconfirmed,GROUP_0231,ESPAÑA,EUR,netsuite,2023-10-09 08:22:55,69.8,60-70,60-70|stable,2,Netsuite,1.0,24,EUR_only,v2.0.0-w3-h9,2026-09-01,False,False
COMP_0804,,insufficient_data,unconfirmed,GROUP_0077,,BRL,,2026-02-23 17:08:36,,,,2,,,0,insufficient,v2.0.0-w3-h9,2026-09-01,True,True
COMP_0805,73.8,improving,unconfirmed,GROUP_0213,,EUR,businessCentral,2025-10-03 08:49:19,73.8,70-80,70-80|improving,6,Microsoft Business Central,0.23,13,EUR_only,v2.0.0-w3-h9,2026-09-01,False,True
COMP_0806,67.7,deteriorating,unconfirmed,GROUP_0177,ES,EUR,,2025-07-02 13:37:26,67.7,60-70,60-70|deteriorating,2,,0.9,10,EUR_only,v2.0.0-w3-h9,2026-09-01,False,True
COMP_0807,80.0,stable,unconfirmed,GROUP_0101,,EUR,,2024-11-04 15:00:41,80.0,80-90,80-90|stable,18,,0.0,17,EUR_only,v2.0.0-w3-h9,2026-09-01,False,True
COMP_0808,83.4,deteriorating,unconfirmed,GROUP_0015,ES,EUR,sage200,2023-11-06 08:28:27,83.4,80-90,80-90|deteriorating,4,Sage 50,1.0,24,EUR_only,v2.0.0-w3-h9,2026-09-01,False,False
COMP_0809,60.0,deteriorating,unconfirmed,GROUP_0250,,EUR,distritoK,2022-04-22 11:28:11,60.0,60-70,60-70|deteriorating,19,Distrito K,0.62,24,EUR_only,v2.0.0-w3-h9,2026-09-01,False,False
COMP_0810,79.8,improving,unconfirmed,GROUP_0016,ES,EUR,businessOne,2023-09-12 10:17:59,79.8,70-80,70-80|improving,15,SAP Business One,0.67,24,EUR_only,v2.0.0-w3-h9,2026-09-01,False,False
COMP_0811,100.0,stable,unconfirmed,GROUP_0155,FR,EUR,etendo,2023-01-13 09:55:33,100.0,90-100,90-100|stable,11,Etendo,0.71,24,EUR_only,v2.0.0-w3-h9,2026-09-01,False,False
COMP_0812,83.9,deteriorating,unconfirmed,GROUP_0160,ESPANYA,EUR,businessCentral,2023-04-14 18:09:57,83.9,80-90,80-90|deteriorating,3,Microsoft Business Central,1.0,24,EUR_only,v2.0.0-w3-h9,2026-09-01,False,False
COMP_0813,78.8,improving,unconfirmed,GROUP_0155,,EUR,etendo,2023-01-13 09:54:12,78.8,70-80,70-80|improving,11,Etendo,1.0,24,EUR_only,v2.0.0-w3-h9,2026-09-01,False,False
COMP_0814,78.3,stable,unconfirmed,GROUP_0016,ES,EUR,businessOne,2023-09-12 10:18:08,78.3,70-80,70-80|stable,15,SAP Business One,0.62,24,EUR_only,v2.0.0-w3-h9,2026-09-01,False,False
COMP_0815,86.1,deteriorating,unconfirmed,GROUP_0250,,EUR,distritoK,2022-04-22 11:32:08,86.1,80-90,80-90|deteriorating,19,Distrito K,0.0,24,EUR_only,v2.0.0-w3-h9,2026-09-01,False,False
COMP_0816,38.1,deteriorating,confirmed,GROUP_0158,,EUR,,2023-05-02 09:26:48,45.6,40-50,40-50|deteriorating,21,,1.0,24,EUR_only,v2.0.0-w3-h9,2026-09-01,False,False
COMP_0817,76.1,deteriorating,unconfirmed,GROUP_0070,ES,EUR,businessCentral,2023-03-21 09:08:23,76.1,70-80,70-80|deteriorating,18,Microsoft Business Central,0.96,24,EUR_only,v2.0.0-w3-h9,2026-09-01,False,False
COMP_0818,60.0,stable,unconfirmed,GROUP_0115,,EUR,,2022-11-14 14:21:51,60.0,60-70,60-70|stable,12,,0.0,20,EUR_only,v2.0.0-w3-h9,2026-09-01,False,False
COMP_0819,79.3,stable,unconfirmed,GROUP_0250,,EUR,distritoK,2022-04-22 11:29:27,79.3,70-80,70-80|stable,19,Distrito K,1.0,24,EUR_only,v2.0.0-w3-h9,2026-09-01,False,False
COMP_0820,69.3,deteriorating,unconfirmed,GROUP_0158,,EUR,,2023-05-02 09:29:51,69.3,60-70,60-70|deteriorating,21,,1.0,24,EUR_only,v2.0.0-w3-h9,2026-09-01,False,False
COMP_0821,95.4,improving,unconfirmed,GROUP_0070,ES,EUR,businessCentral,2023-03-21 09:07:37,95.4,90-100,90-100|improving,18,Microsoft Business Central,1.0,24,EUR_only,v2.0.0-w3-h9,2026-09-01,False,False
COMP_0822,,insufficient_data,unconfirmed,GROUP_0116,,COP,netsuite,2023-08-17 15:15:53,,,,8,Netsuite,,0,insufficient,v2.0.0-w3-h9,2026-09-01,True,True
COMP_0823,80.3,stable,unconfirmed,GROUP_0115,,EUR,,2022-11-14 14:20:59,80.3,80-90,80-90|stable,12,,0.29,24,EUR_only,v2.0.0-w3-h9,2026-09-01,False,False
COMP_0824,68.6,deteriorating,unconfirmed,GROUP_0159,,EUR,,2022-10-13 13:25:56,68.6,60-70,60-70|deteriorating,13,,1.0,24,EUR_only,v2.0.0-w3-h9,2026-09-01,False,False
COMP_0825,71.5,stable,unconfirmed,GROUP_0043,ESPAÑA,EUR,,2023-01-25 20:30:35,71.5,70-80,70-80|stable,1,,0.79,24,EUR_only,v2.0.0-w3-h9,2026-09-01,False,False
COMP_0826,86.1,deteriorating,unconfirmed,GROUP_0250,,EUR,distritoK,2022-04-22 11:32:20,86.1,80-90,80-90|deteriorating,19,Distrito K,0.0,24,EUR_only,v2.0.0-w3-h9,2026-09-01,False,False
COMP_0827,77.1,deteriorating,unconfirmed,GROUP_0078,,EUR,,2022-12-12 12:30:58,77.1,70-80,70-80|deteriorating,5,Microsoft Business Central,0.5,24,EUR_only,v2.0.0-w3-h9,2026-09-01,False,False
COMP_0828,,insufficient_data,unconfirmed,GROUP_0016,,EUR,businessOne,2023-09-12 10:19:54,,,,15,SAP Business One,,0,insufficient,v2.0.0-w3-h9,2026-09-01,True,True
COMP_0829,54.3,improving,unconfirmed,GROUP_0153,,EUR,sage200,2023-08-02 08:07:59,54.3,50-60,50-60|improving,6,Sage 200,1.0,24,EUR_only,v2.0.0-w3-h9,2026-09-01,False,False
COMP_0830,,insufficient_data,unconfirmed,GROUP_0016,,EUR,businessOne,2023-09-12 10:19:36,,,,15,SAP Business One,,0,insufficient,v2.0.0-w3-h9,2026-09-01,True,True
COMP_0831,94.7,improving,unconfirmed,GROUP_0250,,EUR,distritoK,2022-04-22 11:27:59,94.7,90-100,90-100|improving,19,Distrito K,0.04,23,EUR_only,v2.0.0-w3-h9,2026-09-01,False,False
COMP_0832,85.1,deteriorating,unconfirmed,GROUP_0014,ES,EUR,holded,2023-02-20 12:09:18,85.1,80-90,80-90|deteriorating,1,Holded,1.0,24,EUR_only,v2.0.0-w3-h9,2026-09-01,False,False
COMP_0833,58.1,deteriorating,unconfirmed,GROUP_0158,,EUR,,2023-05-31 05:35:51,58.1,50-60,50-60|deteriorating,21,,0.05,22,EUR_only,v2.0.0-w3-h9,2026-09-01,False,False
COMP_0834,80.0,stable,unconfirmed,GROUP_0096,,EUR,netsuite,2023-07-03 09:43:58,80.0,80-90,80-90|stable,7,Netsuite,0.33,24,EUR_only,v2.0.0-w3-h9,2026-09-01,False,False
COMP_0835,83.9,improving,unconfirmed,GROUP_0250,,EUR,distritoK,2022-04-22 11:30:14,83.9,80-90,80-90|improving,19,Distrito K,1.0,24,EUR_only,v2.0.0-w3-h9,2026-09-01,False,False
COMP_0836,,insufficient_data,unconfirmed,GROUP_0189,,GBP,sageX3,2023-05-08 08:52:57,,,,4,Sage X3,,0,insufficient,v2.0.0-w3-h9,2026-09-01,True,True
COMP_0837,72.9,improving,unconfirmed,GROUP_0070,ES,EUR,,2023-03-21 09:07:10,72.9,70-80,70-80|improving,18,Microsoft Business Central,1.0,24,EUR_only,v2.0.0-w3-h9,2026-09-01,False,False
COMP_0838,86.6,deteriorating,unconfirmed,GROUP_0250,,EUR,distritoK,2022-04-22 11:31:18,86.6,80-90,80-90|deteriorating,19,Distrito K,0.0,24,EUR_only,v2.0.0-w3-h9,2026-09-01,False,False
COMP_0839,82.8,deteriorating,confirmed,GROUP_0250,,EUR,distritoK,2022-04-22 11:30:53,86.6,80-90,80-90|deteriorating,19,Distrito K,0.0,24,EUR_only,v2.0.0-w3-h9,2026-09-01,False,False
COMP_0840,76.6,improving,unconfirmed,GROUP_0248,España,EUR,,2021-11-18 10:07:12,76.6,70-80,70-80|improving,1,,1.0,11,EUR_only,v2.0.0-w3-h9,2026-09-01,False,True
COMP_0841,78.8,stable,unconfirmed,GROUP_0005,España,EUR,,2021-11-18 15:53:14,78.8,70-80,70-80|stable,1,,1.0,24,EUR_only,v2.0.0-w3-h9,2026-09-01,False,False
COMP_0842,54.7,deteriorating,unconfirmed,GROUP_0053,ES,EUR,businessOne,2025-05-21 09:04:00,54.7,50-60,50-60|deteriorating,7,SAP Business One,0.15,20,EUR_only,v2.0.0-w3-h9,2026-09-01,False,False
COMP_0843,72.7,deteriorating,unconfirmed,GROUP_0218,ES,EUR,businessCentral,2024-02-01 16:43:10,72.7,70-80,70-80|deteriorating,16,Microsoft Navision,1.0,24,EUR_only,v2.0.0-w3-h9,2026-09-01,False,False
COMP_0844,74.3,improving,unconfirmed,GROUP_0088,,EUR,sageX3,2025-02-20 13:32:18,74.3,70-80,70-80|improving,5,Sage X3,0.0,14,EUR_only,v2.0.0-w3-h9,2026-09-01,False,True
COMP_0845,69.3,deteriorating,unconfirmed,GROUP_0222,,EUR,businessCentral,2025-01-16 09:07:32,69.3,60-70,60-70|deteriorating,22,,1.0,20,EUR_only,v2.0.0-w3-h9,2026-09-01,False,False
COMP_0846,71.6,improving,unconfirmed,GROUP_0141,,EUR,businessCentral,2024-05-03 07:37:00,71.6,70-80,70-80|improving,8,Microsoft Business Central,1.0,24,EUR_only,v2.0.0-w3-h9,2026-09-01,False,False
COMP_0847,89.9,improving,confirmed,GROUP_0037,ES,EUR,navision,2024-11-20 19:58:27,79.9,70-80,70-80|improving,6,Microsoft Navision,1.0,24,EUR_only,v2.0.0-w3-h9,2026-09-01,False,False
COMP_0848,,insufficient_data,unconfirmed,GROUP_0126,,EUR,,2024-05-21 08:10:21,,,,11,Infor M3 ,,0,insufficient,v2.0.0-w3-h9,2026-09-01,True,True
COMP_0849,87.5,stable,unconfirmed,GROUP_0246,,EUR,businessCentral,2026-04-14 19:22:49,87.5,80-90,80-90|stable,7,,1.0,7,EUR_only,v2.0.0-w3-h9,2026-09-01,False,True
COMP_0850,76.3,improving,unconfirmed,GROUP_0114,ES,EUR,,2026-07-13 06:15:55,76.3,70-80,70-80|improving,4,,1.0,8,EUR_only,v2.0.0-w3-h9,2026-09-01,False,True
COMP_0851,,insufficient_data,unconfirmed,GROUP_0211,,USD,netsuite,2025-10-27 18:16:51,,,,15,Netsuite,,0,insufficient,v2.0.0-w3-h9,2026-09-01,True,True
COMP_0852,51.2,deteriorating,confirmed,GROUP_0090,,EUR,businessCentral,2025-04-24 10:51:12,57.4,50-60,50-60|deteriorating,5,Microsoft Business Central,1.0,24,EUR_only,v2.0.0-w3-h9,2026-09-01,False,False
COMP_0853,,insufficient_data,unconfirmed,GROUP_0001,,JPY,,2026-03-19 13:59:22,,,,3,,,0,insufficient,v2.0.0-w3-h9,2026-09-01,True,True
COMP_0854,62.9,deteriorating,unconfirmed,GROUP_0131,,EUR,sapByd,2023-10-25 10:12:04,62.9,60-70,60-70|deteriorating,9,,1.0,16,EUR_only,v2.0.0-w3-h9,2026-09-01,False,True
COMP_0855,73.1,improving,unconfirmed,GROUP_0006,,EUR,,2026-05-07 08:27:28,73.1,70-80,70-80|improving,3,,1.0,6,EUR_only,v2.0.0-w3-h9,2026-09-01,False,True
COMP_0856,100.0,stable,unconfirmed,GROUP_0101,,EUR,,2024-11-04 14:52:01,100.0,90-100,90-100|stable,18,,0.5,16,EUR_only,v2.0.0-w3-h9,2026-09-01,False,True
COMP_0857,43.3,deteriorating,confirmed,GROUP_0097,,EUR,businessCentral,2025-02-14 09:44:34,53.3,50-60,50-60|deteriorating,7,Microsoft Business Central,0.06,16,EUR_only,v2.0.0-w3-h9,2026-09-01,False,True
COMP_0858,67.5,deteriorating,confirmed,GROUP_0048,,EUR,businessCentral,2026-03-10 16:47:17,71.1,70-80,70-80|deteriorating,10,,1.0,8,EUR_only,v2.0.0-w3-h9,2026-09-01,False,True
COMP_0859,69.1,deteriorating,confirmed,GROUP_0150,,EUR,,2024-04-24 13:28:05,76.6,70-80,70-80|deteriorating,13,Sage 200,0.88,16,EUR_only,v2.0.0-w3-h9,2026-09-01,False,True
COMP_0860,,insufficient_data,unconfirmed,GROUP_0199,,XOF,,2025-09-10 14:28:57,,,,11,,,0,insufficient,v2.0.0-w3-h9,2026-09-01,True,True
COMP_0861,65.4,improving,unconfirmed,GROUP_0226,,EUR,businessCentral,2025-10-07 09:37:08,65.4,60-70,60-70|improving,4,,1.0,20,EUR_only,v2.0.0-w3-h9,2026-09-01,False,False
COMP_0862,92.4,improving,unconfirmed,GROUP_0132,,EUR,netsuite,2024-03-15 09:24:44,92.4,90-100,90-100|improving,18,Netsuite,0.76,21,EUR_only,v2.0.0-w3-h9,2026-09-01,False,False
COMP_0863,62.8,improving,unconfirmed,GROUP_0142,,EUR,,2024-11-19 09:12:28,62.8,60-70,60-70|improving,22,Sage 50,0.16,19,EUR_only,v2.0.0-w3-h9,2026-09-01,False,False
COMP_0864,76.9,improving,confirmed,GROUP_0218,ES,EUR,businessCentral,2024-02-01 16:43:29,71.2,70-80,70-80|improving,16,Microsoft Navision,1.0,24,EUR_only,v2.0.0-w3-h9,2026-09-01,False,False
COMP_0865,60.0,stable,unconfirmed,GROUP_0230,,EUR,r3,2025-10-31 12:16:05,60.0,60-70,60-70|stable,7,,0.17,12,EUR_only,v2.0.0-w3-h9,2026-09-01,False,True
COMP_0866,74.2,improving,unconfirmed,GROUP_0102,,EUR,businessCentral,2025-01-20 10:44:35,74.2,70-80,70-80|improving,4,Microsoft Business Central,0.59,22,EUR_only,v2.0.0-w3-h9,2026-09-01,False,False
COMP_0867,73.3,stable,unconfirmed,GROUP_0103,,EUR,,2025-03-13 11:03:29,73.3,70-80,70-80|stable,16,,0.08,13,EUR_only,v2.0.0-w3-h9,2026-09-01,False,True
COMP_0868,84.2,improving,unconfirmed,GROUP_0096,,EUR,netsuite,2023-07-03 09:44:17,84.2,80-90,80-90|improving,7,Netsuite,1.0,24,EUR_only,v2.0.0-w3-h9,2026-09-01,False,False
COMP_0869,88.8,stable,unconfirmed,GROUP_0228,,EUR,,2025-08-07 10:11:21,88.8,80-90,80-90|stable,1,,0.9,10,EUR_only,v2.0.0-w3-h9,2026-09-01,False,True
COMP_0870,55.5,deteriorating,unconfirmed,GROUP_0142,,EUR,,2024-09-10 18:41:03,55.5,50-60,50-60|deteriorating,22,Sage 50,1.0,20,EUR_only,v2.0.0-w3-h9,2026-09-01,False,False
COMP_0871,87.1,improving,unconfirmed,GROUP_0021,,EUR,a3,2023-11-08 10:02:49,87.1,80-90,80-90|improving,3,A3 ERP,0.04,24,EUR_only,v2.0.0-w3-h9,2026-09-01,False,False
COMP_0872,74.5,improving,unconfirmed,GROUP_0236,,EUR,,2026-03-02 13:50:29,74.5,70-80,70-80|improving,17,,1.0,8,EUR_only,v2.0.0-w3-h9,2026-09-01,False,True
COMP_0873,82.7,improving,unconfirmed,GROUP_0023,,EUR,sage200,2025-03-17 16:11:58,82.7,80-90,80-90|improving,17,,1.0,20,EUR_only,v2.0.0-w3-h9,2026-09-01,False,False
COMP_0874,62.0,deteriorating,confirmed,GROUP_0185,,EUR,businessCentral,2026-02-27 10:49:14,72.0,70-80,70-80|deteriorating,11,,1.0,11,EUR_only,v2.0.0-w3-h9,2026-09-01,False,True
COMP_0875,78.2,deteriorating,unconfirmed,GROUP_0141,,EUR,businessCentral,2024-05-03 07:36:48,78.2,70-80,70-80|deteriorating,8,Microsoft Business Central,1.0,24,EUR_only,v2.0.0-w3-h9,2026-09-01,False,False
COMP_0876,100.0,stable,unconfirmed,GROUP_0189,,EUR,sageX3,2023-12-19 10:10:39,100.0,90-100,90-100|stable,4,Sage X3,0.0,22,EUR_only,v2.0.0-w3-h9,2026-09-01,False,False
COMP_0877,83.1,stable,unconfirmed,GROUP_0127,,EUR,,2025-09-18 08:36:05,83.1,80-90,80-90|stable,8,,1.0,14,EUR_only,v2.0.0-w3-h9,2026-09-01,False,True
COMP_0878,66.3,deteriorating,unconfirmed,GROUP_0147,,EUR,sage200,2026-03-11 12:20:57,66.3,60-70,60-70|deteriorating,3,,1.0,8,EUR_only,v2.0.0-w3-h9,2026-09-01,False,True
COMP_0879,60.0,insufficient_data,unconfirmed,GROUP_0108,,EUR,businessCentral,2024-12-09 16:42:17,60.0,60-70,,19,Microsoft Business Central,0.0,1,EUR_only,v2.0.0-w3-h9,2026-09-01,True,True
COMP_0880,,insufficient_data,unconfirmed,GROUP_0218,US,USD,businessCentral,2025-08-21 10:15:51,,,,16,Microsoft Navision,,0,insufficient,v2.0.0-w3-h9,2026-09-01,True,True
COMP_0881,78.4,improving,confirmed,GROUP_0071,,EUR,,2025-04-30 13:19:32,76.0,70-80,70-80|improving,1,,1.0,18,EUR_only,v2.0.0-w3-h9,2026-09-01,False,False
COMP_0882,80.0,stable,unconfirmed,GROUP_0101,,EUR,,2024-11-04 15:05:14,80.0,80-90,80-90|stable,18,,0.0,24,EUR_only,v2.0.0-w3-h9,2026-09-01,False,False
COMP_0883,60.0,deteriorating,unconfirmed,GROUP_0194,,EUR,netsuite,2022-10-14 10:28:04,60.0,60-70,60-70|deteriorating,7,Netsuite,0.28,18,EUR_only,v2.0.0-w3-h9,2026-09-01,False,False
COMP_0884,81.4,stable,unconfirmed,GROUP_0222,,EUR,businessCentral,2025-01-16 09:07:44,81.4,80-90,80-90|stable,22,,0.9,20,EUR_only,v2.0.0-w3-h9,2026-09-01,False,False
COMP_0885,69.7,stable,unconfirmed,GROUP_0158,,EUR,,2023-05-02 09:26:13,69.7,60-70,60-70|stable,21,,1.0,24,EUR_only,v2.0.0-w3-h9,2026-09-01,False,False
COMP_0886,82.5,stable,unconfirmed,GROUP_0161,España ,EUR,,2022-02-22 10:48:02,82.5,80-90,80-90|stable,2,,1.0,24,EUR_only,v2.0.0-w3-h9,2026-09-01,False,False
COMP_0887,54.0,deteriorating,confirmed,GROUP_0048,,EUR,businessCentral,2026-03-10 16:46:59,64.0,60-70,60-70|deteriorating,10,,1.0,8,EUR_only,v2.0.0-w3-h9,2026-09-01,False,True
COMP_0888,84.3,stable,unconfirmed,GROUP_0142,,EUR,,2024-09-10 18:41:28,84.3,80-90,80-90|stable,22,Sage 50,1.0,24,EUR_only,v2.0.0-w3-h9,2026-09-01,False,False
COMP_0889,100.0,stable,unconfirmed,GROUP_0130,NL,EUR,,2025-11-19 15:25:42,100.0,90-100,90-100|stable,9,,0.9,21,EUR_only,v2.0.0-w3-h9,2026-09-01,False,False
COMP_0890,54.5,deteriorating,confirmed,GROUP_0245,,EUR,r3,2024-04-08 09:38:38,62.7,60-70,60-70|deteriorating,1,SAP R3 / S4,1.0,24,EUR_only,v2.0.0-w3-h9,2026-09-01,False,False
COMP_0891,69.7,improving,unconfirmed,GROUP_0081,,EUR,,2025-09-18 13:45:20,69.7,60-70,60-70|improving,12,,0.92,13,EUR_only,v2.0.0-w3-h9,2026-09-01,False,True
COMP_0892,89.4,improving,unconfirmed,GROUP_0142,,EUR,,2024-09-10 18:47:30,89.4,80-90,80-90|improving,22,Sage 50,0.96,24,EUR_only,v2.0.0-w3-h9,2026-09-01,False,False
COMP_0893,86.9,improving,confirmed,GROUP_0011,,EUR,,2026-01-20 21:39:06,81.1,80-90,80-90|improving,10,,0.86,7,EUR_only,v2.0.0-w3-h9,2026-09-01,False,True
COMP_0894,60.3,stable,unconfirmed,GROUP_0172,,EUR,,2025-05-22 14:21:41,60.3,60-70,60-70|stable,21,,0.94,18,EUR_only,v2.0.0-w3-h9,2026-09-01,False,False
COMP_0895,59.8,stable,unconfirmed,GROUP_0016,ES,EUR,businessOne,2024-01-25 13:06:13,59.8,50-60,50-60|stable,15,SAP Business One,0.96,24,EUR_only,v2.0.0-w3-h9,2026-09-01,False,False
COMP_0896,80.3,improving,unconfirmed,GROUP_0114,ES,EUR,,2026-07-13 06:15:20,80.3,80-90,80-90|improving,4,,1.0,8,EUR_only,v2.0.0-w3-h9,2026-09-01,False,True
COMP_0897,65.6,deteriorating,unconfirmed,GROUP_0081,,EUR,a3,2025-09-09 10:10:36,65.6,60-70,60-70|deteriorating,12,,1.0,20,EUR_only,v2.0.0-w3-h9,2026-09-01,False,False
COMP_0898,84.5,deteriorating,unconfirmed,GROUP_0011,,EUR,,2026-01-20 21:34:00,84.5,80-90,80-90|deteriorating,10,,1.0,7,EUR_only,v2.0.0-w3-h9,2026-09-01,False,True
COMP_0899,59.7,stable,unconfirmed,GROUP_0093,,EUR,businessCentral,2025-06-06 08:29:32,59.7,50-60,50-60|stable,1,,0.47,15,EUR_only,v2.0.0-w3-h9,2026-09-01,False,True
COMP_0900,,insufficient_data,unconfirmed,GROUP_0199,,AOA,,2025-09-10 14:49:02,,,,11,,,0,insufficient,v2.0.0-w3-h9,2026-09-01,True,True
COMP_0901,75.2,improving,unconfirmed,GROUP_0017,ES,EUR,,2026-04-07 09:43:39,75.2,70-80,70-80|improving,11,,1.0,7,EUR_only,v2.0.0-w3-h9,2026-09-01,False,True
COMP_0902,48.3,deteriorating,unconfirmed,GROUP_0217,,EUR,businessCentral,2025-04-04 08:05:53,48.3,40-50,40-50|deteriorating,22,,0.0,19,EUR_only,v2.0.0-w3-h9,2026-09-01,False,False
COMP_0903,72.2,deteriorating,unconfirmed,GROUP_0079,,EUR,dynamicsAx,2024-11-28 14:08:10,72.2,70-80,70-80|deteriorating,15,Microsoft Dynamics - AX 2009,0.86,22,EUR_only,v2.0.0-w3-h9,2026-09-01,False,False
COMP_0904,81.5,improving,unconfirmed,GROUP_0129,,EUR,businessCentral,2025-04-21 12:30:29,81.5,80-90,80-90|improving,6,Microsoft Business Central,0.0,18,EUR_only,v2.0.0-w3-h9,2026-09-01,False,False
COMP_0905,53.7,deteriorating,confirmed,GROUP_0065,,EUR,,2024-10-10 11:02:03,59.4,50-60,50-60|deteriorating,13,Netsuite,0.71,24,EUR_only,v2.0.0-w3-h9,2026-09-01,False,False
COMP_0906,49.0,deteriorating,unconfirmed,GROUP_0238,ES,EUR,sage200,2026-01-08 14:35:51,49.0,40-50,40-50|deteriorating,4,Sage 200,0.89,9,EUR_only,v2.0.0-w3-h9,2026-09-01,False,True
COMP_0907,73.3,improving,unconfirmed,GROUP_0022,,EUR,netsuite,2024-07-29 14:27:27,73.3,70-80,70-80|improving,13,Netsuite,0.04,24,EUR_only,v2.0.0-w3-h9,2026-09-01,False,False
COMP_0908,55.6,stable,unconfirmed,GROUP_0022,,EUR,netsuite,2024-07-29 10:43:02,55.6,50-60,50-60|stable,13,Netsuite,1.0,24,EUR_only,v2.0.0-w3-h9,2026-09-01,False,False
COMP_0909,76.2,stable,unconfirmed,GROUP_0220,,EUR,navision,2024-03-21 16:21:34,76.2,70-80,70-80|stable,6,Microsoft Navision,1.0,24,EUR_only,v2.0.0-w3-h9,2026-09-01,False,False
COMP_0910,57.0,stable,unconfirmed,GROUP_0172,,EUR,,2025-05-22 14:23:51,57.0,50-60,50-60|stable,21,,0.94,18,EUR_only,v2.0.0-w3-h9,2026-09-01,False,False
COMP_0911,60.0,stable,unconfirmed,GROUP_0172,,EUR,,2025-05-22 14:25:51,60.0,60-70,60-70|stable,21,,0.88,17,EUR_only,v2.0.0-w3-h9,2026-09-01,False,True
COMP_0912,64.3,stable,unconfirmed,GROUP_0185,,EUR,businessCentral,2026-02-27 10:31:13,64.3,60-70,60-70|stable,11,,1.0,11,EUR_only,v2.0.0-w3-h9,2026-09-01,False,True
COMP_0913,82.9,improving,confirmed,GROUP_0108,ES,EUR,businessCentral,2024-12-09 16:39:31,77.6,70-80,70-80|improving,19,Microsoft Business Central,0.91,23,EUR_only,v2.0.0-w3-h9,2026-09-01,False,False
COMP_0914,61.0,improving,unconfirmed,GROUP_0244,,EUR,businessCentral,2025-04-04 09:19:16,61.0,60-70,60-70|improving,2,Microsoft Business Central,1.0,19,EUR_only,v2.0.0-w3-h9,2026-09-01,False,False
COMP_0915,85.3,deteriorating,confirmed,GROUP_0088,,EUR,sageX3,2025-02-20 13:29:44,90.0,90-100,90-100|deteriorating,5,Sage X3,1.0,20,EUR_only,v2.0.0-w3-h9,2026-09-01,False,False
COMP_0916,73.5,insufficient_data,unconfirmed,GROUP_0150,,EUR,,2024-04-24 13:29:20,73.5,70-80,,13,Sage 200,0.0,3,EUR_only,v2.0.0-w3-h9,2026-09-01,True,True
COMP_0917,54.9,deteriorating,unconfirmed,GROUP_0217,,EUR,businessCentral,2025-04-04 08:02:41,54.9,50-60,50-60|deteriorating,22,,0.0,9,EUR_only,v2.0.0-w3-h9,2026-09-01,False,True
COMP_0918,60.0,deteriorating,unconfirmed,GROUP_0179,,EUR,,2025-10-29 10:08:51,60.0,60-70,60-70|deteriorating,7,,0.0,12,EUR_only,v2.0.0-w3-h9,2026-09-01,False,True
COMP_0919,76.1,deteriorating,unconfirmed,GROUP_0230,,EUR,r3,2025-10-28 17:47:54,76.1,70-80,70-80|deteriorating,7,,1.0,12,EUR_only,v2.0.0-w3-h9,2026-09-01,False,True
COMP_0920,83.8,improving,unconfirmed,GROUP_0122,,EUR,netsuite,2026-02-24 15:36:33,83.8,80-90,80-90|improving,8,,1.0,8,EUR_only,v2.0.0-w3-h9,2026-09-01,False,True
COMP_0921,92.4,improving,confirmed,GROUP_0183,,EUR,businessOne,2026-01-23 14:12:07,82.9,80-90,80-90|improving,3,,0.57,7,EUR_only,v2.0.0-w3-h9,2026-09-01,False,True
COMP_0922,60.0,deteriorating,unconfirmed,GROUP_0096,ES,EUR,netsuite,2025-06-02 16:04:06,60.0,60-70,60-70|deteriorating,7,Netsuite,0.0,16,EUR_only,v2.0.0-w3-h9,2026-09-01,False,True
COMP_0923,100.0,stable,unconfirmed,GROUP_0126,,EUR,m3Rosetta,2024-05-21 08:09:19,100.0,90-100,90-100|stable,11,Infor M3 ,0.12,24,EUR_only,v2.0.0-w3-h9,2026-09-01,False,False
COMP_0924,93.5,improving,unconfirmed,GROUP_0065,,EUR,,2024-10-10 09:15:11,93.5,90-100,90-100|improving,13,Netsuite,1.0,24,EUR_only,v2.0.0-w3-h9,2026-09-01,False,False
COMP_0925,73.3,improving,unconfirmed,GROUP_0021,,EUR,,2023-11-16 09:53:05,73.3,70-80,70-80|improving,3,A3 ERP,0.14,7,EUR_only,v2.0.0-w3-h9,2026-09-01,False,True
COMP_0926,81.1,deteriorating,unconfirmed,GROUP_0217,,EUR,businessCentral,2025-04-04 07:59:54,81.1,80-90,80-90|deteriorating,22,,0.95,19,EUR_only,v2.0.0-w3-h9,2026-09-01,False,False
COMP_0927,77.5,improving,unconfirmed,GROUP_0108,,EUR,businessCentral,2024-12-09 16:39:03,77.5,70-80,70-80|improving,19,Microsoft Business Central,1.0,23,EUR_only,v2.0.0-w3-h9,2026-09-01,False,False
COMP_0928,70.8,improving,unconfirmed,GROUP_0131,,EUR,,2025-07-22 20:41:42,70.8,70-80,70-80|improving,9,,1.0,16,EUR_only,v2.0.0-w3-h9,2026-09-01,False,True
COMP_0929,59.6,deteriorating,unconfirmed,GROUP_0067,,EUR,,2025-10-02 15:11:09,59.6,50-60,50-60|deteriorating,6,,1.0,20,EUR_only,v2.0.0-w3-h9,2026-09-01,False,False
COMP_0930,78.2,deteriorating,confirmed,GROUP_0246,,EUR,businessCentral,2026-04-14 19:24:58,81.8,80-90,80-90|deteriorating,7,,0.86,7,EUR_only,v2.0.0-w3-h9,2026-09-01,False,True
COMP_0931,87.7,improving,unconfirmed,GROUP_0084,PT,EUR,netsuite,2024-06-17 13:22:45,87.7,80-90,80-90|improving,4,Netsuite,0.96,23,EUR_only,v2.0.0-w3-h9,2026-09-01,False,False
COMP_0932,91.0,improving,unconfirmed,GROUP_0081,,EUR,a3,2025-09-09 10:07:09,91.0,90-100,90-100|improving,12,,1.0,8,EUR_only,v2.0.0-w3-h9,2026-09-01,False,True
COMP_0933,,insufficient_data,unconfirmed,GROUP_0152,,GBP,,2025-12-04 16:10:07,,,,4,,,0,insufficient,v2.0.0-w3-h9,2026-09-01,True,True
COMP_0934,56.9,deteriorating,confirmed,GROUP_0184,ES,EUR,,2025-12-29 09:17:32,60.1,60-70,60-70|deteriorating,9,,0.0,9,EUR_only,v2.0.0-w3-h9,2026-09-01,False,True
COMP_0935,74.7,improving,unconfirmed,GROUP_0018,,EUR,businessCentral,2025-10-02 11:23:56,74.7,70-80,70-80|improving,12,,0.92,12,EUR_only,v2.0.0-w3-h9,2026-09-01,False,True
COMP_0936,66.9,deteriorating,confirmed,GROUP_0046,,EUR,businessCentral,2025-04-24 08:43:39,73.9,70-80,70-80|deteriorating,1,,0.08,13,EUR_only,v2.0.0-w3-h9,2026-09-01,False,True
COMP_0937,60.1,stable,unconfirmed,GROUP_0172,,EUR,,2025-05-22 14:23:31,60.1,60-70,60-70|stable,21,,1.0,18,EUR_only,v2.0.0-w3-h9,2026-09-01,False,False
COMP_0938,,insufficient_data,unconfirmed,GROUP_0050,,EUR,,2024-01-03 08:11:55,,,,3,,,0,insufficient,v2.0.0-w3-h9,2026-09-01,True,True
COMP_0939,100.0,stable,unconfirmed,GROUP_0001,,GBP,,2026-03-19 13:53:31,100.0,90-100,90-100|stable,3,,0.12,8,EUR_only,v2.0.0-w3-h9,2026-09-01,False,True
COMP_0940,87.5,deteriorating,unconfirmed,GROUP_0217,,EUR,businessCentral,2025-04-04 07:55:09,87.5,80-90,80-90|deteriorating,22,,0.95,19,EUR_only,v2.0.0-w3-h9,2026-09-01,False,False
COMP_0941,55.3,improving,unconfirmed,GROUP_0158,,EUR,,2023-05-02 09:27:32,55.3,50-60,50-60|improving,21,,1.0,24,EUR_only,v2.0.0-w3-h9,2026-09-01,False,False
COMP_0942,79.9,stable,unconfirmed,GROUP_0016,ES,EUR,businessOne,2023-09-12 10:19:12,79.9,70-80,70-80|stable,15,SAP Business One,1.0,24,EUR_only,v2.0.0-w3-h9,2026-09-01,False,False
COMP_0943,60.0,stable,unconfirmed,GROUP_0173,,EUR,businessCentral,2026-01-21 17:03:37,60.0,60-70,60-70|stable,3,,0.86,7,EUR_only,v2.0.0-w3-h9,2026-09-01,False,True
COMP_0944,75.5,stable,unconfirmed,GROUP_0104,ES,EUR,libra,2026-02-27 16:09:43,75.5,70-80,70-80|stable,10,,0.88,8,EUR_only,v2.0.0-w3-h9,2026-09-01,False,True
COMP_0945,77.1,improving,unconfirmed,GROUP_0162,ES,EUR,businessOne,2022-04-06 07:44:33,77.1,70-80,70-80|improving,8,SAP Business One,1.0,24,EUR_only,v2.0.0-w3-h9,2026-09-01,False,False
COMP_0946,55.3,deteriorating,confirmed,GROUP_0143,,EUR,,2025-09-11 11:31:09,65.1,60-70,60-70|deteriorating,10,Microsoft Business Central,0.93,14,EUR_only,v2.0.0-w3-h9,2026-09-01,False,True
COMP_0947,56.7,deteriorating,confirmed,GROUP_0158,,EUR,,2023-05-02 09:27:43,64.3,60-70,60-70|deteriorating,21,,1.0,24,EUR_only,v2.0.0-w3-h9,2026-09-01,False,False
COMP_0948,87.0,stable,unconfirmed,GROUP_0189,,EUR,sageX3,2023-05-08 08:53:27,87.0,80-90,80-90|stable,4,Sage X3,0.52,23,EUR_only,v2.0.0-w3-h9,2026-09-01,False,False
COMP_0949,60.0,stable,unconfirmed,GROUP_0064,,EUR,,2026-03-10 11:56:04,60.0,60-70,60-70|stable,12,,0.0,12,EUR_only,v2.0.0-w3-h9,2026-09-01,False,True
COMP_0950,76.6,deteriorating,unconfirmed,GROUP_0082,ES,EUR,businessCentral,2024-02-05 09:25:12,76.6,70-80,70-80|deteriorating,3,Microsoft Business Central,1.0,24,EUR_only,v2.0.0-w3-h9,2026-09-01,False,False
COMP_0951,67.9,deteriorating,unconfirmed,GROUP_0218,ES,EUR,businessCentral,2025-04-24 16:03:46,67.9,60-70,60-70|deteriorating,16,Microsoft Navision,1.0,24,EUR_only,v2.0.0-w3-h9,2026-09-01,False,False
COMP_0952,59.3,stable,unconfirmed,GROUP_0103,,EUR,,2025-03-13 11:02:59,59.3,50-60,50-60|stable,16,,1.0,20,EUR_only,v2.0.0-w3-h9,2026-09-01,False,False
COMP_0953,73.3,deteriorating,unconfirmed,GROUP_0070,,EUR,businessCentral,2025-09-08 06:25:25,73.3,70-80,70-80|deteriorating,18,Microsoft Business Central,0.0,4,EUR_only,v2.0.0-w3-h9,2026-09-01,True,True
COMP_0954,87.7,improving,confirmed,GROUP_0011,,EUR,,2026-01-20 21:40:35,82.7,80-90,80-90|improving,10,,0.86,7,EUR_only,v2.0.0-w3-h9,2026-09-01,False,True
COMP_0955,68.4,deteriorating,confirmed,GROUP_0035,ES,EUR,businessCentral,2024-03-06 08:44:56,71.8,70-80,70-80|deteriorating,14,Microsoft Business Central,0.96,24,EUR_only,v2.0.0-w3-h9,2026-09-01,False,False
COMP_0956,81.3,stable,unconfirmed,GROUP_0166,,EUR,,2026-04-28 09:50:11,81.3,80-90,80-90|stable,1,,0.86,7,EUR_only,v2.0.0-w3-h9,2026-09-01,False,True
COMP_0957,70.0,deteriorating,unconfirmed,GROUP_0006,,EUR,,2026-05-07 08:28:25,70.0,70-80,70-80|deteriorating,3,,1.0,6,EUR_only,v2.0.0-w3-h9,2026-09-01,False,True
COMP_0958,74.7,deteriorating,unconfirmed,GROUP_0200,ES,EUR,netsuite,2025-03-05 17:06:44,74.7,70-80,70-80|deteriorating,9,Netsuite,1.0,20,EUR_only,v2.0.0-w3-h9,2026-09-01,False,False
COMP_0959,,insufficient_data,unconfirmed,GROUP_0013,,EUR,sageX3,2024-05-23 10:03:08,,,,12,Sage X3,,0,insufficient,v2.0.0-w3-h9,2026-09-01,True,True
COMP_0960,100.0,stable,unconfirmed,GROUP_0137,,EUR,netsuite,2024-11-11 10:28:11,100.0,90-100,90-100|stable,4,Netsuite,0.29,24,EUR_only,v2.0.0-w3-h9,2026-09-01,False,False
COMP_0961,100.0,insufficient_data,unconfirmed,GROUP_0101,,EUR,,2024-11-04 15:09:24,100.0,90-100,,18,,0.0,1,EUR_only,v2.0.0-w3-h9,2026-09-01,True,True
COMP_0962,85.7,improving,unconfirmed,GROUP_0154,,EUR,,2023-07-04 07:38:18,85.7,80-90,80-90|improving,4,Microsoft Business Central,0.0,8,EUR_only,v2.0.0-w3-h9,2026-09-01,False,True
COMP_0963,82.8,stable,unconfirmed,GROUP_0159,,EUR,,2022-09-07 14:21:06,82.8,80-90,80-90|stable,13,,0.08,24,EUR_only,v2.0.0-w3-h9,2026-09-01,False,False
COMP_0964,100.0,improving,confirmed,GROUP_0039,,EUR,businessCentral,2026-04-10 11:55:34,96.1,90-100,90-100|improving,5,,0.71,7,EUR_only,v2.0.0-w3-h9,2026-09-01,False,True
COMP_0965,82.6,improving,unconfirmed,GROUP_0229,,EUR,,2026-05-06 15:27:44,82.6,80-90,80-90|improving,1,,1.0,4,EUR_only,v2.0.0-w3-h9,2026-09-01,True,True
COMP_0966,,insufficient_data,unconfirmed,GROUP_0094,,BRL,netsuite,2024-11-07 10:00:39,,,,13,Netsuite,,0,insufficient,v2.0.0-w3-h9,2026-09-01,True,True
COMP_0967,80.9,improving,unconfirmed,GROUP_0142,,EUR,,2024-09-10 18:48:47,80.9,80-90,80-90|improving,22,Sage 50,1.0,21,EUR_only,v2.0.0-w3-h9,2026-09-01,False,False
COMP_0968,80.0,deteriorating,unconfirmed,GROUP_0129,,EUR,businessCentral,2025-04-21 12:34:39,80.0,80-90,80-90|deteriorating,6,Microsoft Business Central,0.11,9,EUR_only,v2.0.0-w3-h9,2026-09-01,False,True
COMP_0969,61.4,deteriorating,unconfirmed,GROUP_0158,,EUR,,2023-05-02 09:27:03,61.4,60-70,60-70|deteriorating,21,,1.0,24,EUR_only,v2.0.0-w3-h9,2026-09-01,False,False
COMP_0970,83.1,improving,confirmed,GROUP_0011,,EUR,,2026-01-20 21:37:56,80.3,80-90,80-90|improving,10,,1.0,7,EUR_only,v2.0.0-w3-h9,2026-09-01,False,True
COMP_0971,,insufficient_data,unconfirmed,GROUP_0152,,GBP,,2025-12-04 16:12:28,,,,4,,,0,insufficient,v2.0.0-w3-h9,2026-09-01,True,True
COMP_0972,54.5,deteriorating,unconfirmed,GROUP_0170,,EUR,,2025-06-10 11:08:30,54.5,50-60,50-60|deteriorating,16,,0.69,13,EUR_only,v2.0.0-w3-h9,2026-09-01,False,True
COMP_0973,66.6,deteriorating,unconfirmed,GROUP_0013,,EUR,sageX3,2024-05-23 10:03:15,66.6,60-70,60-70|deteriorating,12,Sage X3,0.83,24,EUR_only,v2.0.0-w3-h9,2026-09-01,False,False
COMP_0974,50.3,deteriorating,confirmed,GROUP_0195,,EUR,businessCentral,2026-01-09 10:35:44,60.3,60-70,60-70|deteriorating,6,,1.0,12,EUR_only,v2.0.0-w3-h9,2026-09-01,False,True
COMP_0975,89.1,deteriorating,unconfirmed,GROUP_0237,NL,EUR,netsuite,2025-06-30 13:55:49,89.1,80-90,80-90|deteriorating,5,,0.96,24,EUR_only,v2.0.0-w3-h9,2026-09-01,False,False
COMP_0976,60.0,stable,unconfirmed,GROUP_0149,,GBP,m3Rosetta,2026-02-16 10:34:08,60.0,60-70,60-70|stable,13,MOVEX,0.38,8,EUR_only,v2.0.0-w3-h9,2026-09-01,False,True
COMP_0977,85.9,deteriorating,unconfirmed,GROUP_0080,,EUR,netsuite,2026-01-23 12:29:49,85.9,80-90,80-90|deteriorating,1,,1.0,10,EUR_only,v2.0.0-w3-h9,2026-09-01,False,True
COMP_0978,82.1,stable,unconfirmed,GROUP_0142,,EUR,,2024-09-10 18:40:15,82.1,80-90,80-90|stable,22,Sage 50,1.0,24,EUR_only,v2.0.0-w3-h9,2026-09-01,False,False
COMP_0979,84.6,deteriorating,unconfirmed,GROUP_0018,,EUR,businessCentral,2025-09-02 07:36:09,84.6,80-90,80-90|deteriorating,12,,0.05,19,EUR_only,v2.0.0-w3-h9,2026-09-01,False,False
COMP_0980,73.3,deteriorating,unconfirmed,GROUP_0118,,EUR,,2023-10-05 14:15:58,73.3,70-80,70-80|deteriorating,8,Microsoft Business Central,0.07,14,EUR_only,v2.0.0-w3-h9,2026-09-01,False,True
COMP_0981,100.0,stable,unconfirmed,GROUP_0118,,EUR,businessCentral,2023-10-05 14:15:36,100.0,90-100,90-100|stable,8,Microsoft Business Central,0.5,8,EUR_only,v2.0.0-w3-h9,2026-09-01,False,True
COMP_0982,77.1,deteriorating,unconfirmed,GROUP_0207,ES,EUR,,2025-03-10 09:05:55,77.1,70-80,70-80|deteriorating,1,,1.0,20,EUR_only,v2.0.0-w3-h9,2026-09-01,False,False
COMP_0983,88.4,stable,unconfirmed,GROUP_0118,,EUR,businessCentral,2023-10-05 14:15:42,88.4,80-90,80-90|stable,8,Microsoft Business Central,0.88,24,EUR_only,v2.0.0-w3-h9,2026-09-01,False,False
COMP_0984,100.0,improving,confirmed,GROUP_0218,,EUR,businessCentral,2025-04-24 15:34:33,90.6,90-100,90-100|improving,16,Microsoft Navision,0.12,17,EUR_only,v2.0.0-w3-h9,2026-09-01,False,True
COMP_0985,61.1,deteriorating,unconfirmed,GROUP_0141,,EUR,businessCentral,2024-05-03 07:37:12,61.1,60-70,60-70|deteriorating,8,Microsoft Business Central,1.0,24,EUR_only,v2.0.0-w3-h9,2026-09-01,False,False
COMP_0986,59.4,stable,unconfirmed,GROUP_0044,,EUR,businessCentral,2026-06-19 11:59:47,59.4,50-60,50-60|stable,13,,1.0,8,EUR_only,v2.0.0-w3-h9,2026-09-01,False,True
COMP_0987,75.7,stable,unconfirmed,GROUP_0035,,EUR,businessCentral,2024-03-06 08:44:16,75.7,70-80,70-80|stable,14,Microsoft Business Central,1.0,24,EUR_only,v2.0.0-w3-h9,2026-09-01,False,False
COMP_0988,69.3,stable,unconfirmed,GROUP_0236,,EUR,,2026-03-02 13:47:48,69.3,60-70,60-70|stable,17,,1.0,8,EUR_only,v2.0.0-w3-h9,2026-09-01,False,True
COMP_0989,54.7,stable,unconfirmed,GROUP_0038,,EUR,sageX3,2025-06-05 16:04:57,54.7,50-60,50-60|stable,3,,0.0,16,EUR_only,v2.0.0-w3-h9,2026-09-01,False,True
COMP_0990,,insufficient_data,unconfirmed,GROUP_0211,,USD,netsuite,2025-10-27 18:21:35,,,,15,Netsuite,,0,insufficient,v2.0.0-w3-h9,2026-09-01,True,True
COMP_0991,70.0,improving,unconfirmed,GROUP_0127,,EUR,,2025-09-24 16:15:34,70.0,70-80,70-80|improving,8,,0.0,11,EUR_only,v2.0.0-w3-h9,2026-09-01,False,True
COMP_0992,77.6,deteriorating,unconfirmed,GROUP_0185,,EUR,businessCentral,2026-02-27 10:06:12,77.6,70-80,70-80|deteriorating,11,,0.73,11,EUR_only,v2.0.0-w3-h9,2026-09-01,False,True
COMP_0993,77.9,improving,unconfirmed,GROUP_0226,,EUR,businessCentral,2025-10-07 09:36:54,77.9,70-80,70-80|improving,4,,1.0,20,EUR_only,v2.0.0-w3-h9,2026-09-01,False,False
COMP_0994,63.7,deteriorating,confirmed,GROUP_0037,ES,EUR,navision,2024-11-20 19:58:55,72.0,70-80,70-80|deteriorating,6,Microsoft Navision,0.88,24,EUR_only,v2.0.0-w3-h9,2026-09-01,False,False
COMP_0995,69.9,stable,unconfirmed,GROUP_0113,,EUR,,2025-03-07 11:07:23,69.9,60-70,60-70|stable,4,Desarrollo propio,1.0,20,EUR_only,v2.0.0-w3-h9,2026-09-01,False,False
COMP_0996,73.1,improving,unconfirmed,GROUP_0203,,EUR,netsuite,2026-02-19 15:44:01,73.1,70-80,70-80|improving,5,,0.78,9,EUR_only,v2.0.0-w3-h9,2026-09-01,False,True
COMP_0997,93.3,stable,unconfirmed,GROUP_0117,,EUR,,2025-10-06 08:19:31,93.3,90-100,90-100|stable,6,,0.77,13,EUR_only,v2.0.0-w3-h9,2026-09-01,False,True
COMP_0998,65.8,deteriorating,unconfirmed,GROUP_0192,,EUR,,2025-09-29 11:01:00,65.8,60-70,60-70|deteriorating,4,,1.0,13,EUR_only,v2.0.0-w3-h9,2026-09-01,False,True
COMP_0999,78.7,deteriorating,unconfirmed,GROUP_0222,,EUR,businessCentral,2025-01-16 09:11:32,78.7,70-80,70-80|deteriorating,22,,1.0,20,EUR_only,v2.0.0-w3-h9,2026-09-01,False,False
COMP_1000,100.0,stable,unconfirmed,GROUP_0105,,EUR,,2026-02-17 16:22:43,100.0,90-100,90-100|stable,1,,1.0,7,EUR_only,v2.0.0-w3-h9,2026-09-01,False,True
COMP_1001,67.3,improving,unconfirmed,GROUP_0143,,EUR,businessCentral,2024-02-22 09:45:30,67.3,60-70,60-70|improving,10,Microsoft Business Central,1.0,24,EUR_only,v2.0.0-w3-h9,2026-09-01,False,False
COMP_1002,54.8,deteriorating,unconfirmed,GROUP_0185,,EUR,businessCentral,2026-02-27 10:16:40,54.8,50-60,50-60|deteriorating,11,,0.82,11,EUR_only,v2.0.0-w3-h9,2026-09-01,False,True
COMP_1003,,insufficient_data,unconfirmed,GROUP_0132,,MXN,netsuite,2024-03-15 09:26:30,,,,18,Netsuite,,0,insufficient,v2.0.0-w3-h9,2026-09-01,True,True
COMP_1004,,insufficient_data,unconfirmed,GROUP_0109,,USD,netsuite,2024-06-21 12:06:18,,,,1,Netsuite,,0,insufficient,v2.0.0-w3-h9,2026-09-01,True,True
COMP_1005,62.9,stable,unconfirmed,GROUP_0172,,EUR,,2025-05-22 14:27:18,62.9,60-70,60-70|stable,21,,1.0,18,EUR_only,v2.0.0-w3-h9,2026-09-01,False,False
COMP_1006,81.6,deteriorating,unconfirmed,GROUP_0163,,EUR,navision,2024-02-13 09:25:11,81.6,80-90,80-90|deteriorating,3,Microsoft Navision,1.0,24,EUR_only,v2.0.0-w3-h9,2026-09-01,False,False
COMP_1007,78.7,deteriorating,unconfirmed,GROUP_0159,,EUR,,2022-07-18 15:20:05,78.7,70-80,70-80|deteriorating,13,,1.0,24,EUR_only,v2.0.0-w3-h9,2026-09-01,False,False
COMP_1008,80.7,improving,confirmed,GROUP_0220,,EUR,navision,2025-02-10 16:21:55,73.3,70-80,70-80|improving,6,Microsoft Navision,0.2,20,EUR_only,v2.0.0-w3-h9,2026-09-01,False,False
COMP_1009,86.7,stable,unconfirmed,GROUP_0059,,EUR,businessCentral,2025-03-03 17:43:07,86.7,80-90,80-90|stable,2,Microsoft Business Central,0.0,12,EUR_only,v2.0.0-w3-h9,2026-09-01,False,True
COMP_1010,77.4,deteriorating,unconfirmed,GROUP_0138,,EUR,dynamicsAx,2026-04-08 10:32:04,77.4,70-80,70-80|deteriorating,18,,1.0,7,EUR_only,v2.0.0-w3-h9,2026-09-01,False,True
COMP_1011,74.6,improving,unconfirmed,GROUP_0155,,EUR,etendo,2024-08-29 08:47:43,74.6,70-80,70-80|improving,11,Etendo,0.0,19,EUR_only,v2.0.0-w3-h9,2026-09-01,False,False
COMP_1012,60.4,deteriorating,unconfirmed,GROUP_0032,,EUR,,2026-01-21 23:16:10,60.4,60-70,60-70|deteriorating,4,,1.0,10,EUR_only,v2.0.0-w3-h9,2026-09-01,False,True
COMP_1013,73.6,stable,unconfirmed,GROUP_0108,ES,EUR,businessCentral,2024-12-09 16:40:02,73.6,70-80,70-80|stable,19,Microsoft Business Central,0.7,23,EUR_only,v2.0.0-w3-h9,2026-09-01,False,False
COMP_1014,,insufficient_data,unconfirmed,GROUP_0132,,AUD,,2025-02-28 09:19:45,,,,18,Netsuite,,0,insufficient,v2.0.0-w3-h9,2026-09-01,True,True
COMP_1015,,insufficient_data,unconfirmed,GROUP_0132,,USD,,2024-09-12 09:07:05,,,,18,Netsuite,,0,insufficient,v2.0.0-w3-h9,2026-09-01,True,True
COMP_1016,77.3,stable,unconfirmed,GROUP_0069,,EUR,businessCentral,2026-03-10 14:10:55,77.3,70-80,70-80|stable,3,,1.0,8,EUR_only,v2.0.0-w3-h9,2026-09-01,False,True
COMP_1017,81.8,improving,unconfirmed,GROUP_0108,ES,EUR,businessCentral,2025-07-08 13:25:34,81.8,80-90,80-90|improving,19,Microsoft Business Central,0.53,15,EUR_only,v2.0.0-w3-h9,2026-09-01,False,True
COMP_1018,87.0,stable,unconfirmed,GROUP_0060,,USD,netsuite,2025-11-17 10:52:52,87.0,80-90,80-90|stable,3,,0.82,11,EUR_only,v2.0.0-w3-h9,2026-09-01,False,True
COMP_1019,88.2,deteriorating,unconfirmed,GROUP_0118,,EUR,businessCentral,2026-03-16 14:21:44,88.2,80-90,80-90|deteriorating,8,Microsoft Business Central,0.67,24,EUR_only,v2.0.0-w3-h9,2026-09-01,False,False
COMP_1020,45.9,stable,unconfirmed,GROUP_0195,,EUR,businessCentral,2026-01-09 10:38:35,45.9,40-50,40-50|stable,6,,1.0,12,EUR_only,v2.0.0-w3-h9,2026-09-01,False,True
COMP_1021,62.9,deteriorating,unconfirmed,GROUP_0236,,EUR,,2026-03-02 13:56:28,62.9,60-70,60-70|deteriorating,17,,1.0,8,EUR_only,v2.0.0-w3-h9,2026-09-01,False,True
COMP_1022,,insufficient_data,unconfirmed,GROUP_0126,,MXN,m3Rosetta,2024-05-21 08:09:54,,,,11,Infor M3 ,,0,insufficient,v2.0.0-w3-h9,2026-09-01,True,True
COMP_1023,,insufficient_data,unconfirmed,GROUP_0119,,NOK,,2026-03-05 16:15:55,,,,5,,,0,insufficient,v2.0.0-w3-h9,2026-09-01,True,True
COMP_1024,74.8,improving,confirmed,GROUP_0226,,EUR,businessCentral,2025-10-07 09:37:22,67.4,60-70,60-70|improving,4,,0.95,20,EUR_only,v2.0.0-w3-h9,2026-09-01,False,False
COMP_1025,76.6,improving,unconfirmed,GROUP_0032,,EUR,,2026-01-21 23:17:57,76.6,70-80,70-80|improving,4,,1.0,10,EUR_only,v2.0.0-w3-h9,2026-09-01,False,True
COMP_1026,69.1,deteriorating,confirmed,GROUP_0186,,EUR,businessCentral,2026-04-20 11:39:50,79.1,70-80,70-80|deteriorating,1,,0.43,7,EUR_only,v2.0.0-w3-h9,2026-09-01,False,True
COMP_1027,65.1,deteriorating,unconfirmed,GROUP_0095,,EUR,,2025-11-26 14:20:45,65.1,60-70,60-70|deteriorating,12,,0.81,21,EUR_only,v2.0.0-w3-h9,2026-09-01,False,False
COMP_1028,83.4,improving,confirmed,GROUP_0069,,EUR,businessCentral,2026-03-10 14:11:45,78.6,70-80,70-80|improving,3,,1.0,8,EUR_only,v2.0.0-w3-h9,2026-09-01,False,True
COMP_1029,83.3,improving,unconfirmed,GROUP_0016,ES,EUR,businessOne,2024-05-20 13:20:31,83.3,80-90,80-90|improving,15,SAP Business One,0.33,24,EUR_only,v2.0.0-w3-h9,2026-09-01,False,False
COMP_1030,68.7,deteriorating,unconfirmed,GROUP_0108,ES,EUR,businessCentral,2025-07-08 13:24:14,68.7,60-70,60-70|deteriorating,19,Microsoft Business Central,0.73,15,EUR_only,v2.0.0-w3-h9,2026-09-01,False,True
COMP_1031,60.2,deteriorating,unconfirmed,GROUP_0187,,EUR,,2026-05-15 08:02:23,60.2,60-70,60-70|deteriorating,8,,1.0,20,EUR_only,v2.0.0-w3-h9,2026-09-01,False,False
COMP_1032,79.9,improving,confirmed,GROUP_0023,,EUR,sage200,2025-03-17 16:13:48,73.3,70-80,70-80|improving,17,,0.0,15,EUR_only,v2.0.0-w3-h9,2026-09-01,False,True
COMP_1033,71.8,improving,unconfirmed,GROUP_0142,,EUR,,2024-09-10 18:44:45,71.8,70-80,70-80|improving,22,Sage 50,0.96,24,EUR_only,v2.0.0-w3-h9,2026-09-01,False,False
COMP_1034,99.7,stable,unconfirmed,GROUP_0128,,EUR,,2026-01-27 14:12:27,99.7,90-100,90-100|stable,4,Netsuite,0.88,8,EUR_only,v2.0.0-w3-h9,2026-09-01,False,True
COMP_1035,75.3,deteriorating,unconfirmed,GROUP_0148,,EUR,businessCentral,2025-04-01 07:15:06,75.3,70-80,70-80|deteriorating,3,Microsoft Business Central,1.0,20,EUR_only,v2.0.0-w3-h9,2026-09-01,False,False
COMP_1036,74.2,deteriorating,unconfirmed,GROUP_0121,,EUR,,2026-07-12 21:14:46,74.2,70-80,70-80|deteriorating,1,,1.0,4,EUR_only,v2.0.0-w3-h9,2026-09-01,True,True
COMP_1037,68.1,stable,unconfirmed,GROUP_0081,,EUR,a3,2025-09-09 10:09:21,68.1,60-70,60-70|stable,12,,1.0,20,EUR_only,v2.0.0-w3-h9,2026-09-01,False,False
COMP_1038,93.1,improving,confirmed,GROUP_0018,,EUR,businessCentral,2025-09-02 07:35:19,83.1,80-90,80-90|improving,12,,1.0,20,EUR_only,v2.0.0-w3-h9,2026-09-01,False,False
COMP_1039,80.8,improving,unconfirmed,GROUP_0146,ES,EUR,,2024-09-23 13:52:18,80.8,80-90,80-90|improving,6,Sage 200,0.76,21,EUR_only,v2.0.0-w3-h9,2026-09-01,False,False
COMP_1040,62.7,deteriorating,unconfirmed,GROUP_0056,ES,EUR,sage200,2025-11-05 10:25:06,62.7,60-70,60-70|deteriorating,4,,0.92,12,EUR_only,v2.0.0-w3-h9,2026-09-01,False,True
COMP_1041,87.8,improving,unconfirmed,GROUP_0007,,EUR,,2026-04-27 14:40:18,87.8,80-90,80-90|improving,5,,0.12,8,EUR_only,v2.0.0-w3-h9,2026-09-01,False,True
COMP_1042,80.5,deteriorating,unconfirmed,GROUP_0012,,EUR,,2023-10-13 12:42:51,80.5,80-90,80-90|deteriorating,1,,0.0,5,EUR_only,v2.0.0-w3-h9,2026-09-01,True,True
COMP_1043,80.0,stable,unconfirmed,GROUP_0047,,EUR,businessCentral,2026-01-28 08:56:31,80.0,80-90,80-90|stable,5,,1.0,7,EUR_only,v2.0.0-w3-h9,2026-09-01,False,True
COMP_1044,81.0,stable,unconfirmed,GROUP_0076,,EUR,,2026-04-13 13:53:38,81.0,80-90,80-90|stable,2,,1.0,7,EUR_only,v2.0.0-w3-h9,2026-09-01,False,True
COMP_1045,80.8,deteriorating,unconfirmed,GROUP_0141,,EUR,businessCentral,2024-05-03 07:36:35,80.8,80-90,80-90|deteriorating,8,Microsoft Business Central,1.0,24,EUR_only,v2.0.0-w3-h9,2026-09-01,False,False
COMP_1046,71.5,deteriorating,unconfirmed,GROUP_0079,,EUR,dynamicsAx,2024-11-28 14:06:37,71.5,70-80,70-80|deteriorating,15,Microsoft Dynamics - AX 2009,1.0,15,EUR_only,v2.0.0-w3-h9,2026-09-01,False,True
COMP_1047,81.9,stable,unconfirmed,GROUP_0092,,EUR,,2026-07-02 14:58:30,81.9,80-90,80-90|stable,6,,0.95,20,EUR_only,v2.0.0-w3-h9,2026-09-01,False,False
COMP_1048,100.0,improving,confirmed,GROUP_0067,,EUR,,2025-10-02 15:10:42,96.5,90-100,90-100|improving,6,,1.0,20,EUR_only,v2.0.0-w3-h9,2026-09-01,False,False
COMP_1049,72.3,stable,unconfirmed,GROUP_0025,,EUR,dynamicsAx,2026-03-09 12:48:58,72.3,70-80,70-80|stable,2,,1.0,8,EUR_only,v2.0.0-w3-h9,2026-09-01,False,True
COMP_1050,53.0,deteriorating,confirmed,GROUP_0047,,EUR,businessCentral,2026-03-30 14:08:56,63.0,60-70,60-70|deteriorating,5,,0.86,7,EUR_only,v2.0.0-w3-h9,2026-09-01,False,True
COMP_1051,66.7,deteriorating,unconfirmed,GROUP_0095,,EUR,,2025-11-26 14:20:07,66.7,60-70,60-70|deteriorating,12,,0.0,18,EUR_only,v2.0.0-w3-h9,2026-09-01,False,False
COMP_1052,75.7,improving,unconfirmed,GROUP_0222,,EUR,businessCentral,2025-01-16 09:07:58,75.7,70-80,70-80|improving,22,,1.0,20,EUR_only,v2.0.0-w3-h9,2026-09-01,False,False
COMP_1053,70.7,stable,unconfirmed,GROUP_0002,,EUR,,2026-07-03 12:25:32,70.7,70-80,70-80|stable,1,,1.0,4,EUR_only,v2.0.0-w3-h9,2026-09-01,True,True
COMP_1054,49.9,deteriorating,confirmed,GROUP_0159,,EUR,,2022-09-07 14:20:09,59.9,50-60,50-60|deteriorating,13,,0.0,14,EUR_only,v2.0.0-w3-h9,2026-09-01,False,True
COMP_1055,88.6,improving,confirmed,GROUP_0087,,EUR,,2025-10-06 14:30:04,84.7,80-90,80-90|improving,9,,0.0,8,EUR_only,v2.0.0-w3-h9,2026-09-01,False,True
COMP_1056,100.0,insufficient_data,unconfirmed,GROUP_0152,,GBP,,2025-12-04 16:12:52,100.0,90-100,,4,,0.0,1,EUR_only,v2.0.0-w3-h9,2026-09-01,True,True
COMP_1057,67.6,deteriorating,unconfirmed,GROUP_0218,ES,USD,businessCentral,2025-09-09 08:07:47,67.6,60-70,60-70|deteriorating,16,Microsoft Navision,1.0,14,EUR_only,v2.0.0-w3-h9,2026-09-01,False,True
COMP_1058,67.7,deteriorating,unconfirmed,GROUP_0124,,EUR,,2025-12-04 10:52:51,67.7,60-70,60-70|deteriorating,3,,0.85,20,EUR_only,v2.0.0-w3-h9,2026-09-01,False,False
COMP_1059,68.3,deteriorating,unconfirmed,GROUP_0131,,EUR,,2025-07-22 20:42:29,68.3,60-70,60-70|deteriorating,9,,1.0,16,EUR_only,v2.0.0-w3-h9,2026-09-01,False,True
COMP_1060,67.8,stable,unconfirmed,GROUP_0138,,EUR,dynamicsAx,2026-04-08 10:29:36,67.8,60-70,60-70|stable,18,,1.0,7,EUR_only,v2.0.0-w3-h9,2026-09-01,False,True
COMP_1061,90.8,improving,confirmed,GROUP_0111,,EUR,businessOne,2023-12-22 07:53:51,80.8,80-90,80-90|improving,2,SAP Business One,0.33,24,EUR_only,v2.0.0-w3-h9,2026-09-01,False,False
COMP_1062,57.0,deteriorating,confirmed,GROUP_0048,,EUR,businessCentral,2026-03-10 16:49:33,63.7,60-70,60-70|deteriorating,10,,0.75,8,EUR_only,v2.0.0-w3-h9,2026-09-01,False,True
COMP_1063,74.4,deteriorating,unconfirmed,GROUP_0222,,EUR,businessCentral,2025-01-16 09:09:25,74.4,70-80,70-80|deteriorating,22,,1.0,20,EUR_only,v2.0.0-w3-h9,2026-09-01,False,False
COMP_1064,79.1,stable,unconfirmed,GROUP_0056,,EUR,sage200,2025-04-08 11:22:09,79.1,70-80,70-80|stable,4,,0.94,18,EUR_only,v2.0.0-w3-h9,2026-09-01,False,False
COMP_1065,76.9,improving,unconfirmed,GROUP_0215,,EUR,,2026-01-07 10:29:28,76.9,70-80,70-80|improving,1,,0.0,4,EUR_only,v2.0.0-w3-h9,2026-09-01,True,True
COMP_1066,74.5,improving,unconfirmed,GROUP_0051,,EUR,,2025-09-22 07:51:02,74.5,70-80,70-80|improving,4,,1.0,14,EUR_only,v2.0.0-w3-h9,2026-09-01,False,True
COMP_1067,86.7,deteriorating,unconfirmed,GROUP_0211,,AUD,netsuite,2025-06-07 13:08:47,86.7,80-90,80-90|deteriorating,15,Netsuite,0.0,4,EUR_only,v2.0.0-w3-h9,2026-09-01,True,True
COMP_1068,68.0,insufficient_data,unconfirmed,GROUP_0209,,GBP,,2026-02-05 14:48:13,68.0,60-70,,1,,0.0,1,EUR_only,v2.0.0-w3-h9,2026-09-01,True,True
COMP_1069,83.8,improving,unconfirmed,GROUP_0155,,EUR,etendo,2023-01-13 09:54:50,83.8,80-90,80-90|improving,11,Etendo,0.39,23,EUR_only,v2.0.0-w3-h9,2026-09-01,False,False
COMP_1070,67.9,deteriorating,unconfirmed,GROUP_0031,,EUR,sage200,2025-01-24 11:18:44,67.9,60-70,60-70|deteriorating,1,Sage 200,1.0,18,EUR_only,v2.0.0-w3-h9,2026-09-01,False,False
COMP_1071,73.3,deteriorating,unconfirmed,GROUP_0164,,GBP,netsuite,2026-01-22 11:08:42,73.3,70-80,70-80|deteriorating,2,,0.0,5,EUR_only,v2.0.0-w3-h9,2026-09-01,True,True
COMP_1072,65.8,stable,unconfirmed,GROUP_0081,,EUR,a3,2025-09-09 10:09:54,65.8,60-70,60-70|stable,12,,1.0,20,EUR_only,v2.0.0-w3-h9,2026-09-01,False,False
COMP_1073,54.2,deteriorating,unconfirmed,GROUP_0142,,EUR,,2024-09-10 18:39:24,54.2,50-60,50-60|deteriorating,22,Sage 50,0.0,16,EUR_only,v2.0.0-w3-h9,2026-09-01,False,True
COMP_1074,65.0,stable,unconfirmed,GROUP_0238,,EUR,sage200,2025-05-04 17:08:08,65.0,60-70,60-70|stable,4,Sage 200,0.94,17,EUR_only,v2.0.0-w3-h9,2026-09-01,False,True
COMP_1075,100.0,improving,unconfirmed,GROUP_0022,,EUR,,2025-11-17 11:28:27,100.0,90-100,90-100|improving,13,Netsuite,0.64,11,EUR_only,v2.0.0-w3-h9,2026-09-01,False,True
COMP_1076,60.7,stable,unconfirmed,GROUP_0131,,EUR,,2025-07-22 20:43:34,60.7,60-70,60-70|stable,9,,0.94,16,EUR_only,v2.0.0-w3-h9,2026-09-01,False,True
COMP_1077,50.0,deteriorating,confirmed,GROUP_0081,,EUR,a3,2025-09-09 10:08:16,54.7,50-60,50-60|deteriorating,12,,1.0,20,EUR_only,v2.0.0-w3-h9,2026-09-01,False,False
COMP_1078,61.0,deteriorating,unconfirmed,GROUP_0013,,EUR,sageX3,2024-05-23 10:03:23,61.0,60-70,60-70|deteriorating,12,Sage X3,0.91,22,EUR_only,v2.0.0-w3-h9,2026-09-01,False,False
COMP_1079,85.8,improving,confirmed,GROUP_0141,,EUR,businessCentral,2024-05-03 07:36:54,82.9,80-90,80-90|improving,8,Microsoft Business Central,1.0,24,EUR_only,v2.0.0-w3-h9,2026-09-01,False,False
COMP_1080,72.1,stable,unconfirmed,GROUP_0007,,EUR,,2026-04-27 14:41:13,72.1,70-80,70-80|stable,5,,0.88,8,EUR_only,v2.0.0-w3-h9,2026-09-01,False,True
COMP_1081,85.1,improving,confirmed,GROUP_0108,ES,EUR,businessCentral,2024-12-09 16:37:41,80.9,80-90,80-90|improving,19,Microsoft Business Central,1.0,23,EUR_only,v2.0.0-w3-h9,2026-09-01,False,False
COMP_1082,81.9,deteriorating,unconfirmed,GROUP_0142,,EUR,,2024-09-10 18:40:52,81.9,80-90,80-90|deteriorating,22,Sage 50,0.92,24,EUR_only,v2.0.0-w3-h9,2026-09-01,False,False
COMP_1083,80.0,insufficient_data,unconfirmed,GROUP_0199,PL,PLN,,2025-09-10 14:30:22,80.0,80-90,,11,,0.0,2,EUR_only,v2.0.0-w3-h9,2026-09-01,True,True
COMP_1084,60.0,stable,unconfirmed,GROUP_0172,,EUR,,2025-05-22 14:24:54,60.0,60-70,60-70|stable,21,,0.8,15,EUR_only,v2.0.0-w3-h9,2026-09-01,False,True
COMP_1085,,insufficient_data,unconfirmed,GROUP_0137,,AUD,netsuite,2024-11-11 10:30:42,,,,4,Netsuite,,0,insufficient,v2.0.0-w3-h9,2026-09-01,True,True
COMP_1086,75.5,stable,unconfirmed,GROUP_0193,,EUR,,2023-10-24 08:39:51,75.5,70-80,70-80|stable,1,,1.0,24,EUR_only,v2.0.0-w3-h9,2026-09-01,False,False
COMP_1087,100.0,stable,unconfirmed,GROUP_0182,,EUR,netsuite,2025-12-09 16:38:48,100.0,90-100,90-100|stable,5,,0.55,11,EUR_only,v2.0.0-w3-h9,2026-09-01,False,True
COMP_1088,73.4,improving,unconfirmed,GROUP_0234,,EUR,,2025-11-04 14:36:23,73.4,70-80,70-80|improving,6,,0.0,7,EUR_only,v2.0.0-w3-h9,2026-09-01,False,True
COMP_1089,,insufficient_data,unconfirmed,GROUP_0108,,USD,businessCentral,2024-12-09 16:43:47,,,,19,Microsoft Business Central,,0,insufficient,v2.0.0-w3-h9,2026-09-01,True,True
COMP_1090,96.7,improving,confirmed,GROUP_0070,ES,EUR,,2023-03-21 09:07:19,90.3,90-100,90-100|improving,18,Microsoft Business Central,1.0,24,EUR_only,v2.0.0-w3-h9,2026-09-01,False,False
COMP_1091,71.4,stable,unconfirmed,GROUP_0103,,EUR,,2025-03-13 11:03:43,71.4,70-80,70-80|stable,16,,1.0,20,EUR_only,v2.0.0-w3-h9,2026-09-01,False,False
COMP_1092,81.5,improving,confirmed,GROUP_0236,,EUR,,2026-03-02 13:48:53,75.4,70-80,70-80|improving,17,,1.0,8,EUR_only,v2.0.0-w3-h9,2026-09-01,False,True
COMP_1093,74.4,stable,unconfirmed,GROUP_0200,ES,EUR,netsuite,2025-03-05 17:02:32,74.4,70-80,70-80|stable,9,Netsuite,1.0,20,EUR_only,v2.0.0-w3-h9,2026-09-01,False,False
COMP_1094,86.2,improving,unconfirmed,GROUP_0017,ESPAÑA,EUR,,2024-06-17 07:29:48,86.2,80-90,80-90|improving,11,,1.0,24,EUR_only,v2.0.0-w3-h9,2026-09-01,False,False
COMP_1095,82.5,deteriorating,unconfirmed,GROUP_0118,,EUR,businessCentral,2025-05-15 06:59:04,82.5,80-90,80-90|deteriorating,8,Microsoft Business Central,0.94,18,EUR_only,v2.0.0-w3-h9,2026-09-01,False,False
COMP_1096,89.9,stable,unconfirmed,GROUP_0125,Spain,EUR,,2024-05-30 15:16:57,89.9,80-90,80-90|stable,3,Netsuite,1.0,24,EUR_only,v2.0.0-w3-h9,2026-09-01,False,False
COMP_1097,,insufficient_data,unconfirmed,GROUP_0044,,EUR,businessCentral,2026-06-19 11:59:04,,,,13,,,0,insufficient,v2.0.0-w3-h9,2026-09-01,True,True
COMP_1098,80.7,stable,unconfirmed,GROUP_0103,,EUR,,2025-03-13 11:04:07,80.7,80-90,80-90|stable,16,,0.94,18,EUR_only,v2.0.0-w3-h9,2026-09-01,False,False
COMP_1099,100.0,stable,unconfirmed,GROUP_0125,Portugal,EUR,,2024-05-30 15:15:23,100.0,90-100,90-100|stable,3,Netsuite,1.0,8,EUR_only,v2.0.0-w3-h9,2026-09-01,False,True
COMP_1100,93.0,improving,unconfirmed,GROUP_0070,ES,EUR,businessCentral,2025-06-30 12:36:11,93.0,90-100,90-100|improving,18,Microsoft Business Central,0.42,12,EUR_only,v2.0.0-w3-h9,2026-09-01,False,True
COMP_1101,36.8,deteriorating,confirmed,GROUP_0236,,EUR,,2026-03-02 13:51:21,46.8,40-50,40-50|deteriorating,17,,0.12,8,EUR_only,v2.0.0-w3-h9,2026-09-01,False,True
COMP_1102,99.5,improving,unconfirmed,GROUP_0087,NL,EUR,,2025-10-06 14:40:37,99.5,90-100,90-100|improving,9,,0.54,13,EUR_only,v2.0.0-w3-h9,2026-09-01,False,True
COMP_1103,94.3,improving,confirmed,GROUP_0236,,GBP,,2026-03-02 13:56:44,89.8,80-90,80-90|improving,17,,0.12,8,EUR_only,v2.0.0-w3-h9,2026-09-01,False,True
COMP_1104,,insufficient_data,unconfirmed,GROUP_0107,,USD,sageX3,2026-07-14 11:16:09,,,,2,,,0,insufficient,v2.0.0-w3-h9,2026-09-01,True,True
COMP_1105,,insufficient_data,unconfirmed,GROUP_0094,,CLP,netsuite,2024-11-07 10:03:47,,,,13,Netsuite,,0,insufficient,v2.0.0-w3-h9,2026-09-01,True,True
COMP_1106,71.7,stable,unconfirmed,GROUP_0056,,EUR,sage200,2025-04-28 10:28:28,71.7,70-80,70-80|stable,4,,0.83,18,EUR_only,v2.0.0-w3-h9,2026-09-01,False,False
COMP_1107,79.6,stable,unconfirmed,GROUP_0103,,EUR,,2025-03-13 11:07:29,79.6,70-80,70-80|stable,16,,1.0,20,EUR_only,v2.0.0-w3-h9,2026-09-01,False,False
COMP_1108,86.7,stable,unconfirmed,GROUP_0119,,DKK,sageIntacct,2026-03-05 16:15:05,86.7,80-90,80-90|stable,5,,0.0,6,EUR_only,v2.0.0-w3-h9,2026-09-01,False,True
COMP_1109,50.0,deteriorating,confirmed,GROUP_0205,,EUR,,2023-11-08 15:11:31,60.0,60-70,60-70|deteriorating,3,,0.79,19,EUR_only,v2.0.0-w3-h9,2026-09-01,False,False
COMP_1110,86.6,improving,unconfirmed,GROUP_0182,,EUR,netsuite,2025-12-09 16:36:45,86.6,80-90,80-90|improving,5,,0.73,11,EUR_only,v2.0.0-w3-h9,2026-09-01,False,True
COMP_1111,86.7,deteriorating,unconfirmed,GROUP_0169,,EUR,,2026-01-14 13:35:30,86.7,80-90,80-90|deteriorating,7,,0.0,7,EUR_only,v2.0.0-w3-h9,2026-09-01,False,True
COMP_1112,86.8,improving,unconfirmed,GROUP_0170,,EUR,,2025-06-10 11:10:13,86.8,80-90,80-90|improving,16,,0.0,8,EUR_only,v2.0.0-w3-h9,2026-09-01,False,True
COMP_1113,62.3,deteriorating,unconfirmed,GROUP_0018,,EUR,businessCentral,2025-09-02 07:35:30,62.3,60-70,60-70|deteriorating,12,,0.36,14,EUR_only,v2.0.0-w3-h9,2026-09-01,False,True
COMP_1114,100.0,improving,unconfirmed,GROUP_0236,,EUR,,2026-03-02 13:49:30,100.0,90-100,90-100|improving,17,,0.25,8,EUR_only,v2.0.0-w3-h9,2026-09-01,False,True
COMP_1115,,insufficient_data,unconfirmed,GROUP_0064,,EUR,,2026-04-28 10:39:59,,,,12,,,0,insufficient,v2.0.0-w3-h9,2026-09-01,True,True
COMP_1116,100.0,stable,unconfirmed,GROUP_0169,,EUR,,2026-01-14 13:34:33,100.0,90-100,90-100|stable,7,,0.0,4,EUR_only,v2.0.0-w3-h9,2026-09-01,True,True
COMP_1117,83.3,stable,unconfirmed,GROUP_0139,,EUR,,2025-09-09 10:18:15,83.3,80-90,80-90|stable,5,Microsoft Business Central,0.09,11,EUR_only,v2.0.0-w3-h9,2026-09-01,False,True
COMP_1118,66.1,deteriorating,unconfirmed,GROUP_0023,,EUR,sage200,2026-03-26 16:18:46,66.1,60-70,60-70|deteriorating,17,,0.86,7,EUR_only,v2.0.0-w3-h9,2026-09-01,False,True
COMP_1119,70.0,deteriorating,unconfirmed,GROUP_0187,,EUR,,2024-02-13 08:33:42,70.0,70-80,70-80|deteriorating,8,,0.13,23,EUR_only,v2.0.0-w3-h9,2026-09-01,False,False
COMP_1120,85.3,deteriorating,unconfirmed,GROUP_0250,,EUR,distritoK,2022-04-22 11:32:35,85.3,80-90,80-90|deteriorating,19,Distrito K,0.0,24,EUR_only,v2.0.0-w3-h9,2026-09-01,False,False
COMP_1121,68.8,improving,unconfirmed,GROUP_0165,,EUR,,2025-12-18 10:58:54,68.8,60-70,60-70|improving,4,,1.0,6,EUR_only,v2.0.0-w3-h9,2026-09-01,False,True
COMP_1122,,insufficient_data,unconfirmed,GROUP_0132,,EUR,netsuite,2024-06-11 16:26:24,,,,18,Netsuite,,0,insufficient,v2.0.0-w3-h9,2026-09-01,True,True
COMP_1123,,insufficient_data,unconfirmed,GROUP_0126,,MXN,m3Rosetta,2024-05-21 08:09:47,,,,11,Infor M3 ,,0,insufficient,v2.0.0-w3-h9,2026-09-01,True,True
COMP_1124,75.0,deteriorating,unconfirmed,GROUP_0148,,EUR,businessCentral,2025-04-01 07:14:08,75.0,70-80,70-80|deteriorating,3,Microsoft Business Central,1.0,20,EUR_only,v2.0.0-w3-h9,2026-09-01,False,False
COMP_1125,79.8,stable,unconfirmed,GROUP_0063,,EUR,,2025-04-03 14:55:24,79.8,70-80,70-80|stable,5,,0.72,18,EUR_only,v2.0.0-w3-h9,2026-09-01,False,False
COMP_1126,75.0,deteriorating,unconfirmed,GROUP_0149,,EUR,m3Rosetta,2026-02-16 09:43:07,75.0,70-80,70-80|deteriorating,13,MOVEX,1.0,9,EUR_only,v2.0.0-w3-h9,2026-09-01,False,True
COMP_1127,70.6,improving,unconfirmed,GROUP_0108,,EUR,businessCentral,2024-12-09 16:38:08,70.6,70-80,70-80|improving,19,Microsoft Business Central,0.96,23,EUR_only,v2.0.0-w3-h9,2026-09-01,False,False
COMP_1128,75.9,deteriorating,unconfirmed,GROUP_0085,,EUR,,2024-10-25 07:10:50,75.9,70-80,70-80|deteriorating,1,,0.22,23,EUR_only,v2.0.0-w3-h9,2026-09-01,False,False
COMP_1129,76.4,deteriorating,unconfirmed,GROUP_0024,,EUR,,2026-02-10 09:44:04,76.4,70-80,70-80|deteriorating,1,,1.0,9,EUR_only,v2.0.0-w3-h9,2026-09-01,False,True
COMP_1130,55.2,deteriorating,unconfirmed,GROUP_0126,,EUR,,2024-05-21 08:06:46,55.2,50-60,50-60|deteriorating,11,Infor M3 ,1.0,24,EUR_only,v2.0.0-w3-h9,2026-09-01,False,False
COMP_1131,76.2,stable,unconfirmed,GROUP_0143,,EUR,,2026-02-09 10:07:00,76.2,70-80,70-80|stable,10,Microsoft Business Central,1.0,9,EUR_only,v2.0.0-w3-h9,2026-09-01,False,True
COMP_1132,86.7,improving,unconfirmed,GROUP_0114,ES,EUR,,2026-07-13 06:16:15,86.7,80-90,80-90|improving,4,,1.0,8,EUR_only,v2.0.0-w3-h9,2026-09-01,False,True
COMP_1133,80.5,improving,confirmed,GROUP_0086,,EUR,,2024-10-18 10:52:02,78.4,70-80,70-80|improving,5,Microsoft Dynamics - F&O,1.0,24,EUR_only,v2.0.0-w3-h9,2026-09-01,False,False
COMP_1134,85.2,improving,confirmed,GROUP_0035,ES,EUR,businessCentral,2024-03-06 08:45:04,78.3,70-80,70-80|improving,14,Microsoft Business Central,1.0,24,EUR_only,v2.0.0-w3-h9,2026-09-01,False,False
COMP_1135,69.2,stable,unconfirmed,GROUP_0081,,EUR,a3,2025-09-09 10:10:22,69.2,60-70,60-70|stable,12,,1.0,20,EUR_only,v2.0.0-w3-h9,2026-09-01,False,False
COMP_1136,88.1,improving,unconfirmed,GROUP_0222,,EUR,businessCentral,2025-01-16 09:10:54,88.1,80-90,80-90|improving,22,,1.0,20,EUR_only,v2.0.0-w3-h9,2026-09-01,False,False
COMP_1137,93.8,improving,confirmed,GROUP_0159,,EUR,,2024-09-25 07:08:19,83.8,80-90,80-90|improving,13,,0.08,24,EUR_only,v2.0.0-w3-h9,2026-09-01,False,False
COMP_1138,76.9,stable,unconfirmed,GROUP_0155,NL,EUR,etendo,2024-08-29 08:52:16,76.9,70-80,70-80|stable,11,Etendo,0.43,23,EUR_only,v2.0.0-w3-h9,2026-09-01,False,False
COMP_1139,82.3,improving,confirmed,GROUP_0197,,EUR,businessCentral,2023-10-24 14:23:49,75.7,70-80,70-80|improving,2,Microsoft Business Central,1.0,24,EUR_only,v2.0.0-w3-h9,2026-09-01,False,False
COMP_1140,100.0,improving,confirmed,GROUP_0011,,EUR,,2026-01-20 21:38:08,91.7,90-100,90-100|improving,10,,0.86,7,EUR_only,v2.0.0-w3-h9,2026-09-01,False,True
COMP_1141,86.7,deteriorating,unconfirmed,GROUP_0009,,USD,,2025-12-05 08:14:25,86.7,80-90,80-90|deteriorating,9,,0.0,6,EUR_only,v2.0.0-w3-h9,2026-09-01,False,True
COMP_1142,97.7,improving,confirmed,GROUP_0202,,EUR,businessCentral,2024-10-31 14:31:42,92.4,90-100,90-100|improving,6,Microsoft Business Central,0.29,21,EUR_only,v2.0.0-w3-h9,2026-09-01,False,False
COMP_1143,77.7,stable,unconfirmed,GROUP_0079,,EUR,dynamicsAx,2024-11-28 14:04:19,77.7,70-80,70-80|stable,15,Microsoft Dynamics - AX 2009,1.0,15,EUR_only,v2.0.0-w3-h9,2026-09-01,False,True
COMP_1144,86.7,improving,unconfirmed,GROUP_0064,,EUR,,2026-03-10 11:54:30,86.7,80-90,80-90|improving,12,,0.0,15,EUR_only,v2.0.0-w3-h9,2026-09-01,False,True
COMP_1145,95.6,improving,confirmed,GROUP_0092,,EUR,,2026-07-02 14:59:17,91.0,90-100,90-100|improving,6,,1.0,20,EUR_only,v2.0.0-w3-h9,2026-09-01,False,False
COMP_1146,65.0,stable,unconfirmed,GROUP_0032,,EUR,,2026-01-21 23:18:34,65.0,60-70,60-70|stable,4,,1.0,9,EUR_only,v2.0.0-w3-h9,2026-09-01,False,True
COMP_1147,71.9,improving,unconfirmed,GROUP_0181,,EUR,,2024-09-13 21:03:01,71.9,70-80,70-80|improving,1,Oracle Cloud,0.95,20,EUR_only,v2.0.0-w3-h9,2026-09-01,False,False
COMP_1148,73.4,improving,unconfirmed,GROUP_0165,,EUR,,2025-12-18 10:58:23,73.4,70-80,70-80|improving,4,,0.43,7,EUR_only,v2.0.0-w3-h9,2026-09-01,False,True
COMP_1149,69.8,stable,unconfirmed,GROUP_0057,,EUR,businessOne,2025-09-05 11:26:40,69.8,60-70,60-70|stable,2,,1.0,24,EUR_only,v2.0.0-w3-h9,2026-09-01,False,False
COMP_1150,79.6,stable,unconfirmed,GROUP_0106,ES,EUR,,2025-02-10 10:41:29,79.6,70-80,70-80|stable,3,Microsoft Dynamics - F&O,1.0,24,EUR_only,v2.0.0-w3-h9,2026-09-01,False,False
COMP_1151,97.3,stable,unconfirmed,GROUP_0016,ES,EUR,,2023-09-12 10:19:28,97.3,90-100,90-100|stable,15,SAP Business One,0.18,11,EUR_only,v2.0.0-w3-h9,2026-09-01,False,True
COMP_1152,97.7,improving,unconfirmed,GROUP_0128,,EUR,,2025-06-04 09:34:58,97.7,90-100,90-100|improving,4,Netsuite,1.0,15,EUR_only,v2.0.0-w3-h9,2026-09-01,False,True
COMP_1153,100.0,improving,confirmed,GROUP_0150,,EUR,,2024-04-24 13:31:39,93.3,90-100,90-100|improving,13,Sage 200,0.0,9,EUR_only,v2.0.0-w3-h9,2026-09-01,False,True
COMP_1154,66.8,deteriorating,unconfirmed,GROUP_0023,,EUR,,2025-07-04 07:13:23,66.8,60-70,60-70|deteriorating,17,,0.07,15,EUR_only,v2.0.0-w3-h9,2026-09-01,False,True
COMP_1155,64.0,deteriorating,unconfirmed,GROUP_0150,,EUR,sage200,2024-04-24 13:43:39,64.0,60-70,60-70|deteriorating,13,Sage 200,0.16,19,EUR_only,v2.0.0-w3-h9,2026-09-01,False,False
COMP_1156,86.5,improving,unconfirmed,GROUP_0141,,EUR,businessCentral,2024-05-03 07:37:05,86.5,80-90,80-90|improving,8,Microsoft Business Central,0.96,24,EUR_only,v2.0.0-w3-h9,2026-09-01,False,False
COMP_1157,70.1,deteriorating,unconfirmed,GROUP_0150,,EUR,,2025-11-04 09:39:18,70.1,70-80,70-80|deteriorating,13,Sage 200,1.0,11,EUR_only,v2.0.0-w3-h9,2026-09-01,False,True
COMP_1158,74.7,stable,unconfirmed,GROUP_0222,,EUR,businessCentral,2025-01-16 09:12:40,74.7,70-80,70-80|stable,22,,0.65,20,EUR_only,v2.0.0-w3-h9,2026-09-01,False,False
COMP_1159,83.4,stable,unconfirmed,GROUP_0235,,EUR,businessOne,2025-09-08 08:59:10,83.4,80-90,80-90|stable,1,,1.0,7,EUR_only,v2.0.0-w3-h9,2026-09-01,False,True
COMP_1160,58.5,stable,unconfirmed,GROUP_0158,,EUR,,2023-05-02 09:28:59,58.5,50-60,50-60|stable,21,,1.0,24,EUR_only,v2.0.0-w3-h9,2026-09-01,False,False
COMP_1161,82.1,improving,confirmed,GROUP_0047,,EUR,businessCentral,2026-03-30 14:08:10,77.7,70-80,70-80|improving,5,,0.86,7,EUR_only,v2.0.0-w3-h9,2026-09-01,False,True
COMP_1162,65.5,deteriorating,unconfirmed,GROUP_0116,,EUR,netsuite,2023-08-17 15:15:08,65.5,60-70,60-70|deteriorating,8,Netsuite,0.11,19,EUR_only,v2.0.0-w3-h9,2026-09-01,False,False
COMP_1163,99.9,stable,unconfirmed,GROUP_0101,,EUR,,2024-11-04 14:34:03,99.9,90-100,90-100|stable,18,,0.23,22,EUR_only,v2.0.0-w3-h9,2026-09-01,False,False
COMP_1164,75.5,deteriorating,unconfirmed,GROUP_0095,,EUR,,2025-11-26 14:16:55,75.5,70-80,70-80|deteriorating,12,,0.62,21,EUR_only,v2.0.0-w3-h9,2026-09-01,False,False
COMP_1165,69.3,deteriorating,unconfirmed,GROUP_0108,ES,EUR,businessCentral,2024-12-09 16:38:30,69.3,60-70,60-70|deteriorating,19,Microsoft Business Central,0.96,23,EUR_only,v2.0.0-w3-h9,2026-09-01,False,False
COMP_1166,,insufficient_data,unconfirmed,GROUP_0086,,USD,,2024-10-18 10:52:37,,,,5,Microsoft Dynamics - F&O,,0,insufficient,v2.0.0-w3-h9,2026-09-01,True,True
COMP_1167,92.6,improving,confirmed,GROUP_0212,,EUR,,2024-07-10 16:31:12,82.9,80-90,80-90|improving,11,,1.0,24,EUR_only,v2.0.0-w3-h9,2026-09-01,False,False
COMP_1168,79.3,stable,unconfirmed,GROUP_0037,ES,EUR,navision,2024-11-20 19:59:26,79.3,70-80,70-80|stable,6,Microsoft Navision,1.0,24,EUR_only,v2.0.0-w3-h9,2026-09-01,False,False
COMP_1169,71.4,improving,unconfirmed,GROUP_0095,,EUR,businessCentral,2025-10-24 09:23:52,71.4,70-80,70-80|improving,12,,0.95,21,EUR_only,v2.0.0-w3-h9,2026-09-01,False,False
COMP_1170,60.0,improving,unconfirmed,GROUP_0090,,EUR,businessCentral,2025-05-13 10:51:18,60.0,60-70,60-70|improving,5,Microsoft Business Central,0.21,24,EUR_only,v2.0.0-w3-h9,2026-09-01,False,False
COMP_1171,79.1,stable,unconfirmed,GROUP_0139,ES,EUR,businessCentral,2024-06-24 17:10:58,79.1,70-80,70-80|stable,5,Microsoft Business Central,0.78,18,EUR_only,v2.0.0-w3-h9,2026-09-01,False,False
COMP_1172,84.6,stable,unconfirmed,GROUP_0053,ES,EUR,businessOne,2025-05-21 09:05:04,84.6,80-90,80-90|stable,7,SAP Business One,1.0,14,EUR_only,v2.0.0-w3-h9,2026-09-01,False,True
COMP_1173,91.4,improving,unconfirmed,GROUP_0202,,EUR,businessCentral,2024-10-31 14:32:11,91.4,90-100,90-100|improving,6,Microsoft Business Central,1.0,24,EUR_only,v2.0.0-w3-h9,2026-09-01,False,False
COMP_1174,63.7,deteriorating,confirmed,GROUP_0148,,EUR,businessCentral,2025-04-01 07:15:44,68.2,60-70,60-70|deteriorating,3,Microsoft Business Central,0.84,19,EUR_only,v2.0.0-w3-h9,2026-09-01,False,False
COMP_1175,83.5,improving,unconfirmed,GROUP_0196,,EUR,businessCentral,2026-02-19 16:14:14,83.5,80-90,80-90|improving,2,,0.12,8,EUR_only,v2.0.0-w3-h9,2026-09-01,False,True
COMP_1176,79.8,stable,unconfirmed,GROUP_0184,ES,EUR,businessCentral,2025-12-29 09:15:51,79.8,70-80,70-80|stable,9,,1.0,10,EUR_only,v2.0.0-w3-h9,2026-09-01,False,True
COMP_1177,76.3,deteriorating,unconfirmed,GROUP_0120,,EUR,r3,2023-10-25 13:38:35,76.3,70-80,70-80|deteriorating,1,SAP R3 / S4,1.0,24,EUR_only,v2.0.0-w3-h9,2026-09-01,False,False
COMP_1178,75.1,improving,unconfirmed,GROUP_0159,ES,EUR,,2024-09-25 07:07:35,75.1,70-80,70-80|improving,13,,1.0,24,EUR_only,v2.0.0-w3-h9,2026-09-01,False,False
COMP_1179,89.2,improving,confirmed,GROUP_0239,,EUR,,2026-03-11 15:55:50,81.3,80-90,80-90|improving,5,,0.5,8,EUR_only,v2.0.0-w3-h9,2026-09-01,False,True
COMP_1180,83.3,improving,confirmed,GROUP_0103,,EUR,,2025-03-13 11:06:39,81.0,80-90,80-90|improving,16,,0.95,20,EUR_only,v2.0.0-w3-h9,2026-09-01,False,False
COMP_1181,100.0,stable,unconfirmed,GROUP_0009,,EUR,,2025-12-05 08:09:18,100.0,90-100,90-100|stable,9,,0.18,11,EUR_only,v2.0.0-w3-h9,2026-09-01,False,True
COMP_1182,64.2,stable,unconfirmed,GROUP_0022,ES,EUR,netsuite,2024-07-29 14:27:10,64.2,60-70,60-70|stable,13,Netsuite,1.0,24,EUR_only,v2.0.0-w3-h9,2026-09-01,False,False
COMP_1183,100.0,improving,unconfirmed,GROUP_0018,,EUR,businessCentral,2025-09-02 07:36:00,100.0,90-100,90-100|improving,12,,0.05,19,EUR_only,v2.0.0-w3-h9,2026-09-01,False,False
COMP_1184,93.3,deteriorating,unconfirmed,GROUP_0211,,EUR,netsuite,2024-12-13 11:06:31,93.3,90-100,90-100|deteriorating,15,Netsuite,0.47,15,EUR_only,v2.0.0-w3-h9,2026-09-01,False,True
COMP_1185,75.8,stable,unconfirmed,GROUP_0126,,EUR,m3Rosetta,2024-05-21 08:08:09,75.8,70-80,70-80|stable,11,Infor M3 ,1.0,24,EUR_only,v2.0.0-w3-h9,2026-09-01,False,False
COMP_1186,,insufficient_data,unconfirmed,GROUP_0135,,PLN,fo,2025-09-08 09:09:51,,,,1,,,0,insufficient,v2.0.0-w3-h9,2026-09-01,True,True
COMP_1187,60.0,deteriorating,unconfirmed,GROUP_0179,,GBP,,2025-10-29 10:14:52,60.0,60-70,60-70|deteriorating,7,,0.0,9,EUR_only,v2.0.0-w3-h9,2026-09-01,False,True
COMP_1188,75.4,deteriorating,unconfirmed,GROUP_0004,España,EUR,netsuite,2023-11-16 11:11:27,75.4,70-80,70-80|deteriorating,2,Netsuite,0.08,24,EUR_only,v2.0.0-w3-h9,2026-09-01,False,False
COMP_1189,69.1,deteriorating,unconfirmed,GROUP_0159,,EUR,,2022-07-18 15:20:28,69.1,60-70,60-70|deteriorating,13,,0.67,24,EUR_only,v2.0.0-w3-h9,2026-09-01,False,False
COMP_1190,,insufficient_data,unconfirmed,GROUP_0119,,USD,sageIntacct,2026-03-05 16:13:23,,,,5,,,0,insufficient,v2.0.0-w3-h9,2026-09-01,True,True
COMP_1191,84.0,improving,unconfirmed,GROUP_0139,ES,EUR,businessCentral,2024-06-24 17:12:47,84.0,80-90,80-90|improving,5,Microsoft Business Central,0.9,20,EUR_only,v2.0.0-w3-h9,2026-09-01,False,False
COMP_1192,,insufficient_data,unconfirmed,GROUP_0094,,COP,netsuite,2024-11-07 10:03:03,,,,13,Netsuite,,0,insufficient,v2.0.0-w3-h9,2026-09-01,True,True
COMP_1193,74.4,stable,unconfirmed,GROUP_0081,,EUR,a3,2025-09-09 10:07:35,74.4,70-80,70-80|stable,12,,0.58,19,EUR_only,v2.0.0-w3-h9,2026-09-01,False,False
COMP_1194,86.7,deteriorating,unconfirmed,GROUP_0230,,EUR,r3,2025-10-31 12:21:19,86.7,80-90,80-90|deteriorating,7,,0.82,11,EUR_only,v2.0.0-w3-h9,2026-09-01,False,True
COMP_1195,67.4,deteriorating,unconfirmed,GROUP_0171,,EUR,businessCentral,2026-01-26 11:45:00,67.4,60-70,60-70|deteriorating,1,,1.0,10,EUR_only,v2.0.0-w3-h9,2026-09-01,False,True
COMP_1196,77.1,stable,unconfirmed,GROUP_0222,,EUR,businessCentral,2025-01-16 09:09:13,77.1,70-80,70-80|stable,22,,1.0,20,EUR_only,v2.0.0-w3-h9,2026-09-01,False,False
COMP_1197,87.5,stable,unconfirmed,GROUP_0217,ES,EUR,businessCentral,2025-04-04 07:26:41,87.5,80-90,80-90|stable,22,,1.0,19,EUR_only,v2.0.0-w3-h9,2026-09-01,False,False
COMP_1198,73.6,improving,unconfirmed,GROUP_0218,ES,EUR,businessCentral,2024-02-01 16:42:55,73.6,70-80,70-80|improving,16,Microsoft Navision,1.0,24,EUR_only,v2.0.0-w3-h9,2026-09-01,False,False
COMP_1199,60.0,stable,unconfirmed,GROUP_0016,,EUR,businessOne,2024-07-23 08:49:49,60.0,60-70,60-70|stable,15,SAP Business One,0.33,24,EUR_only,v2.0.0-w3-h9,2026-09-01,False,False
COMP_1200,60.0,stable,unconfirmed,GROUP_0138,,EUR,dynamicsAx,2026-04-08 10:34:56,60.0,60-70,60-70|stable,18,,0.29,7,EUR_only,v2.0.0-w3-h9,2026-09-01,False,True
COMP_1201,,insufficient_data,unconfirmed,GROUP_0211,,AUD,,2024-12-13 11:09:15,,,,15,Netsuite,,0,insufficient,v2.0.0-w3-h9,2026-09-01,True,True
COMP_1202,71.9,improving,confirmed,GROUP_0115,,EUR,,2022-11-14 14:21:34,66.6,60-70,60-70|improving,12,,1.0,24,EUR_only,v2.0.0-w3-h9,2026-09-01,False,False
COMP_1203,100.0,stable,unconfirmed,GROUP_0216,,GBP,,2026-06-12 13:07:22,100.0,90-100,90-100|stable,1,,0.88,8,EUR_only,v2.0.0-w3-h9,2026-09-01,False,True
COMP_1204,74.9,deteriorating,unconfirmed,GROUP_0100,,EUR,businessCentral,2026-02-16 09:03:07,74.9,70-80,70-80|deteriorating,2,,1.0,9,EUR_only,v2.0.0-w3-h9,2026-09-01,False,True
COMP_1205,61.5,deteriorating,unconfirmed,GROUP_0011,,EUR,,2026-01-20 21:38:26,61.5,60-70,60-70|deteriorating,10,,0.86,7,EUR_only,v2.0.0-w3-h9,2026-09-01,False,True
COMP_1206,96.2,deteriorating,unconfirmed,GROUP_0084,NL,EUR,netsuite,2025-02-21 12:17:06,96.2,90-100,90-100|deteriorating,4,Netsuite,0.89,19,EUR_only,v2.0.0-w3-h9,2026-09-01,False,False
COMP_1207,74.5,deteriorating,unconfirmed,GROUP_0132,,EUR,netsuite,2024-03-15 09:24:30,74.5,70-80,70-80|deteriorating,18,Netsuite,0.54,24,EUR_only,v2.0.0-w3-h9,2026-09-01,False,False
COMP_1208,77.1,improving,unconfirmed,GROUP_0104,ES,EUR,libra,2026-02-27 16:10:49,77.1,70-80,70-80|improving,10,,1.0,7,EUR_only,v2.0.0-w3-h9,2026-09-01,False,True
COMP_1209,65.0,stable,unconfirmed,GROUP_0079,,EUR,dynamicsAx,2024-11-28 10:30:32,65.0,60-70,60-70|stable,15,Microsoft Dynamics - AX 2009,1.0,23,EUR_only,v2.0.0-w3-h9,2026-09-01,False,False
COMP_1210,53.8,improving,unconfirmed,GROUP_0015,,EUR,sage200,2023-11-06 08:28:50,53.8,50-60,50-60|improving,4,Sage 50,0.0,24,EUR_only,v2.0.0-w3-h9,2026-09-01,False,False
COMP_1211,65.4,deteriorating,confirmed,GROUP_0103,,EUR,,2025-03-13 11:06:16,74.2,70-80,70-80|deteriorating,16,,0.8,20,EUR_only,v2.0.0-w3-h9,2026-09-01,False,False
COMP_1212,76.8,deteriorating,unconfirmed,GROUP_0118,,EUR,businessCentral,2023-10-05 14:15:29,76.8,70-80,70-80|deteriorating,8,Microsoft Business Central,1.0,24,EUR_only,v2.0.0-w3-h9,2026-09-01,False,False
COMP_1213,72.5,stable,unconfirmed,GROUP_0158,,EUR,,2023-05-02 09:27:24,72.5,70-80,70-80|stable,21,,1.0,24,EUR_only,v2.0.0-w3-h9,2026-09-01,False,False
COMP_1214,68.2,stable,unconfirmed,GROUP_0100,,EUR,businessCentral,2026-02-16 09:08:22,68.2,60-70,60-70|stable,2,,0.56,9,EUR_only,v2.0.0-w3-h9,2026-09-01,False,True
COMP_1215,59.1,stable,unconfirmed,GROUP_0168,,EUR,,2026-06-17 16:22:10,59.1,50-60,50-60|stable,2,,1.0,12,EUR_only,v2.0.0-w3-h9,2026-09-01,False,True
COMP_1216,84.2,deteriorating,unconfirmed,GROUP_0127,,EUR,,2025-09-18 08:35:47,84.2,80-90,80-90|deteriorating,8,,1.0,14,EUR_only,v2.0.0-w3-h9,2026-09-01,False,True
COMP_1217,84.2,stable,unconfirmed,GROUP_0144,,EUR,businessCentral,2026-02-12 09:39:17,84.2,80-90,80-90|stable,3,,0.11,9,EUR_only,v2.0.0-w3-h9,2026-09-01,False,True
COMP_1218,79.5,deteriorating,confirmed,GROUP_0084,DE,EUR,netsuite,2025-10-29 12:16:56,82.2,80-90,80-90|deteriorating,4,Netsuite,1.0,9,EUR_only,v2.0.0-w3-h9,2026-09-01,False,True
COMP_1219,64.4,deteriorating,unconfirmed,GROUP_0142,,EUR,,2024-09-10 18:43:00,64.4,60-70,60-70|deteriorating,22,Sage 50,0.96,24,EUR_only,v2.0.0-w3-h9,2026-09-01,False,False
COMP_1220,98.3,improving,confirmed,GROUP_0169,AT,EUR,,2025-09-10 10:55:20,93.3,90-100,90-100|improving,7,,0.0,9,EUR_only,v2.0.0-w3-h9,2026-09-01,False,True
COMP_1221,52.8,deteriorating,confirmed,GROUP_0169,DE,EUR,,2025-09-10 10:52:32,62.8,60-70,60-70|deteriorating,7,,1.0,14,EUR_only,v2.0.0-w3-h9,2026-09-01,False,True
COMP_1222,,insufficient_data,unconfirmed,GROUP_0137,,MXN,netsuite,2024-11-11 10:30:12,,,,4,Netsuite,,0,insufficient,v2.0.0-w3-h9,2026-09-01,True,True
COMP_1223,77.4,stable,unconfirmed,GROUP_0141,,EUR,businessCentral,2024-05-03 07:36:28,77.4,70-80,70-80|stable,8,Microsoft Business Central,1.0,24,EUR_only,v2.0.0-w3-h9,2026-09-01,False,False
COMP_1224,78.7,stable,unconfirmed,GROUP_0143,,EUR,businessCentral,2024-04-11 08:48:47,78.7,70-80,70-80|stable,10,Microsoft Business Central,1.0,24,EUR_only,v2.0.0-w3-h9,2026-09-01,False,False
COMP_1225,54.6,deteriorating,confirmed,GROUP_0044,,EUR,businessCentral,2026-06-19 11:53:36,64.6,60-70,60-70|deteriorating,13,,1.0,8,EUR_only,v2.0.0-w3-h9,2026-09-01,False,True
COMP_1226,73.3,improving,unconfirmed,GROUP_0160,Espanya,EUR,businessCentral,2023-04-14 18:09:17,73.3,70-80,70-80|improving,3,Microsoft Business Central,0.0,10,EUR_only,v2.0.0-w3-h9,2026-09-01,False,True
COMP_1227,56.8,stable,unconfirmed,GROUP_0244,,EUR,businessCentral,2025-04-04 09:19:47,56.8,50-60,50-60|stable,2,Microsoft Business Central,0.21,19,EUR_only,v2.0.0-w3-h9,2026-09-01,False,False
COMP_1228,96.0,improving,confirmed,GROUP_0049,,EUR,,2026-03-09 08:19:54,86.0,80-90,80-90|improving,2,,1.0,8,EUR_only,v2.0.0-w3-h9,2026-09-01,False,True
COMP_1229,,insufficient_data,unconfirmed,GROUP_0009,,GBP,,2025-12-05 08:12:57,,,,9,,,0,insufficient,v2.0.0-w3-h9,2026-09-01,True,True
COMP_1230,64.1,stable,unconfirmed,GROUP_0019,,EUR,businessCentral,2025-06-17 11:30:54,64.1,60-70,60-70|stable,3,Microsoft Business Central,1.0,20,EUR_only,v2.0.0-w3-h9,2026-09-01,False,False
COMP_1231,88.6,deteriorating,unconfirmed,GROUP_0234,,EUR,,2025-11-04 14:37:16,88.6,80-90,80-90|deteriorating,6,,0.44,9,EUR_only,v2.0.0-w3-h9,2026-09-01,False,True
COMP_1232,82.8,improving,unconfirmed,GROUP_0237,,EUR,,2025-06-30 13:56:02,82.8,80-90,80-90|improving,5,,0.71,17,EUR_only,v2.0.0-w3-h9,2026-09-01,False,True
COMP_1233,99.9,stable,unconfirmed,GROUP_0208,,EUR,,2025-01-21 10:07:14,99.9,90-100,90-100|stable,2,Microsoft Business Central,0.95,21,EUR_only,v2.0.0-w3-h9,2026-09-01,False,False
COMP_1234,80.0,deteriorating,unconfirmed,GROUP_0142,,EUR,,2024-09-10 18:43:22,80.0,80-90,80-90|deteriorating,22,Sage 50,1.0,24,EUR_only,v2.0.0-w3-h9,2026-09-01,False,False
COMP_1235,80.2,stable,unconfirmed,GROUP_0054,,EUR,,2025-12-03 11:13:24,80.2,80-90,80-90|stable,4,,1.0,11,EUR_only,v2.0.0-w3-h9,2026-09-01,False,True
COMP_1236,88.5,improving,confirmed,GROUP_0157,,EUR,,2023-07-18 16:13:14,78.5,70-80,70-80|improving,1,,1.0,24,EUR_only,v2.0.0-w3-h9,2026-09-01,False,False
COMP_1237,96.4,improving,unconfirmed,GROUP_0206,,EUR,fo,2025-09-15 15:38:56,96.4,90-100,90-100|improving,1,,0.8,5,EUR_only,v2.0.0-w3-h9,2026-09-01,True,True
COMP_1238,63.6,improving,unconfirmed,GROUP_0142,,EUR,,2024-09-10 18:47:41,63.6,60-70,60-70|improving,22,Sage 50,0.12,24,EUR_only,v2.0.0-w3-h9,2026-09-01,False,False
COMP_1239,87.5,deteriorating,unconfirmed,GROUP_0250,,EUR,distritoK,2022-04-22 11:31:57,87.5,80-90,80-90|deteriorating,19,Distrito K,0.0,24,EUR_only,v2.0.0-w3-h9,2026-09-01,False,False
COMP_1240,89.6,improving,unconfirmed,GROUP_0250,,EUR,distritoK,2022-04-22 11:31:06,89.6,80-90,80-90|improving,19,Distrito K,0.0,24,EUR_only,v2.0.0-w3-h9,2026-09-01,False,False
COMP_1241,86.6,deteriorating,unconfirmed,GROUP_0250,,EUR,distritoK,2022-04-22 11:30:40,86.6,80-90,80-90|deteriorating,19,Distrito K,0.0,24,EUR_only,v2.0.0-w3-h9,2026-09-01,False,False
COMP_1242,98.8,improving,unconfirmed,GROUP_0122,,EUR,netsuite,2026-02-24 15:36:04,98.8,90-100,90-100|improving,8,,0.29,7,EUR_only,v2.0.0-w3-h9,2026-09-01,False,True
COMP_1243,57.5,stable,unconfirmed,GROUP_0104,ES,EUR,libra,2026-02-27 16:09:57,57.5,50-60,50-60|stable,10,,0.88,8,EUR_only,v2.0.0-w3-h9,2026-09-01,False,True
COMP_1244,,insufficient_data,unconfirmed,GROUP_0013,,EUR,sageX3,2025-11-18 17:36:32,,,,12,Sage X3,,0,insufficient,v2.0.0-w3-h9,2026-09-01,True,True
COMP_1245,58.4,deteriorating,confirmed,GROUP_0022,,EUR,netsuite,2024-07-29 14:28:07,62.8,60-70,60-70|deteriorating,13,Netsuite,0.17,18,EUR_only,v2.0.0-w3-h9,2026-09-01,False,False
COMP_1246,74.0,deteriorating,unconfirmed,GROUP_0138,,EUR,dynamicsAx,2026-04-08 10:30:06,74.0,70-80,70-80|deteriorating,18,,1.0,7,EUR_only,v2.0.0-w3-h9,2026-09-01,False,True
COMP_1247,67.2,stable,unconfirmed,GROUP_0217,,EUR,businessCentral,2025-04-04 08:01:59,67.2,60-70,60-70|stable,22,,0.38,16,EUR_only,v2.0.0-w3-h9,2026-09-01,False,True
COMP_1248,79.1,deteriorating,unconfirmed,GROUP_0066,,EUR,,2025-04-10 14:16:06,79.1,70-80,70-80|deteriorating,3,Microsoft Business Central,1.0,19,EUR_only,v2.0.0-w3-h9,2026-09-01,False,False
COMP_1249,58.2,deteriorating,unconfirmed,GROUP_0090,,EUR,businessCentral,2025-04-24 10:47:02,58.2,50-60,50-60|deteriorating,5,Microsoft Business Central,1.0,24,EUR_only,v2.0.0-w3-h9,2026-09-01,False,False
COMP_1250,81.1,stable,unconfirmed,GROUP_0065,,EUR,netsuite,2024-10-10 11:07:01,81.1,80-90,80-90|stable,13,Netsuite,1.0,24,EUR_only,v2.0.0-w3-h9,2026-09-01,False,False
COMP_1251,66.7,deteriorating,unconfirmed,GROUP_0217,,EUR,businessCentral,2025-04-04 10:25:52,66.7,60-70,60-70|deteriorating,22,,0.0,10,EUR_only,v2.0.0-w3-h9,2026-09-01,False,True
COMP_1252,71.5,deteriorating,unconfirmed,GROUP_0070,ES,EUR,businessCentral,2023-06-06 14:58:28,71.5,70-80,70-80|deteriorating,18,Microsoft Business Central,1.0,24,EUR_only,v2.0.0-w3-h9,2026-09-01,False,False
COMP_1253,72.7,improving,confirmed,GROUP_0096,ES,EUR,netsuite,2025-07-31 10:09:42,68.6,60-70,60-70|improving,7,Netsuite,0.33,15,EUR_only,v2.0.0-w3-h9,2026-09-01,False,True
COMP_1254,100.0,stable,unconfirmed,GROUP_0040,GB,GBP,,2025-12-19 13:32:11,100.0,90-100,90-100|stable,3,,0.0,6,EUR_only,v2.0.0-w3-h9,2026-09-01,False,True
COMP_1255,,insufficient_data,unconfirmed,GROUP_0194,SE,EUR,netsuite,2022-10-14 10:39:04,,,,7,Netsuite,,0,insufficient,v2.0.0-w3-h9,2026-09-01,True,True
COMP_1256,68.4,deteriorating,unconfirmed,GROUP_0079,,EUR,dynamicsAx,2024-11-28 10:33:46,68.4,60-70,60-70|deteriorating,15,Microsoft Dynamics - AX 2009,0.96,23,EUR_only,v2.0.0-w3-h9,2026-09-01,False,False
COMP_1257,83.0,improving,unconfirmed,GROUP_0222,,EUR,businessCentral,2025-01-16 09:12:26,83.0,80-90,80-90|improving,22,,0.95,21,EUR_only,v2.0.0-w3-h9,2026-09-01,False,False
COMP_1258,76.3,improving,unconfirmed,GROUP_0056,ES,EUR,sage200,2025-11-05 10:24:28,76.3,70-80,70-80|improving,4,,1.0,12,EUR_only,v2.0.0-w3-h9,2026-09-01,False,True
COMP_1259,74.4,deteriorating,unconfirmed,GROUP_0151,,EUR,,2023-07-31 11:12:15,74.4,70-80,70-80|deteriorating,1,Sage X3,0.29,7,EUR_only,v2.0.0-w3-h9,2026-09-01,False,True
COMP_1260,90.5,improving,confirmed,GROUP_0011,,EUR,,2026-01-20 21:40:22,83.5,80-90,80-90|improving,10,,0.86,7,EUR_only,v2.0.0-w3-h9,2026-09-01,False,True
COMP_1261,82.2,deteriorating,confirmed,GROUP_0011,,EUR,,2026-01-20 21:41:00,85.7,80-90,80-90|deteriorating,10,,0.57,7,EUR_only,v2.0.0-w3-h9,2026-09-01,False,True
COMP_1262,65.3,deteriorating,unconfirmed,GROUP_0026,,EUR,businessOne,2026-04-21 21:01:11,65.3,60-70,60-70|deteriorating,2,,0.86,7,EUR_only,v2.0.0-w3-h9,2026-09-01,False,True
COMP_1263,76.2,deteriorating,unconfirmed,GROUP_0091,,EUR,,2024-11-27 17:04:24,76.2,70-80,70-80|deteriorating,1,SAP Business One,1.0,23,EUR_only,v2.0.0-w3-h9,2026-09-01,False,False
COMP_1264,100.0,stable,unconfirmed,GROUP_0155,FR,EUR,etendo,2023-01-13 09:55:28,100.0,90-100,90-100|stable,11,Etendo,0.67,24,EUR_only,v2.0.0-w3-h9,2026-09-01,False,False
COMP_1265,76.7,deteriorating,unconfirmed,GROUP_0078,,EUR,,2022-12-12 12:30:36,76.7,70-80,70-80|deteriorating,5,Microsoft Business Central,0.0,8,EUR_only,v2.0.0-w3-h9,2026-09-01,False,True
COMP_1266,63.6,stable,unconfirmed,GROUP_0087,,CZK,,2025-10-06 14:47:02,63.6,60-70,60-70|stable,9,,0.18,11,EUR_only,v2.0.0-w3-h9,2026-09-01,False,True
COMP_1267,73.9,improving,unconfirmed,GROUP_0095,,EUR,businessCentral,2025-10-31 12:51:44,73.9,70-80,70-80|improving,12,,0.95,21,EUR_only,v2.0.0-w3-h9,2026-09-01,False,False
COMP_1268,70.7,improving,unconfirmed,GROUP_0027,,EUR,,2026-02-02 14:38:51,70.7,70-80,70-80|improving,1,,1.0,7,EUR_only,v2.0.0-w3-h9,2026-09-01,False,True
COMP_1269,71.2,stable,unconfirmed,GROUP_0019,,EUR,businessCentral,2025-06-17 11:27:06,71.2,70-80,70-80|stable,3,Microsoft Business Central,1.0,20,EUR_only,v2.0.0-w3-h9,2026-09-01,False,False
COMP_1270,75.2,deteriorating,confirmed,GROUP_0020,,EUR,,2025-06-23 07:46:20,78.4,70-80,70-80|deteriorating,6,,0.29,14,EUR_only,v2.0.0-w3-h9,2026-09-01,False,True
COMP_1271,59.9,stable,unconfirmed,GROUP_0172,ES,EUR,,2025-05-05 09:22:10,59.9,50-60,50-60|stable,21,,1.0,18,EUR_only,v2.0.0-w3-h9,2026-09-01,False,False
COMP_1272,55.2,deteriorating,unconfirmed,GROUP_0077,,EUR,,2026-02-23 16:56:50,55.2,50-60,50-60|deteriorating,2,,1.0,8,EUR_only,v2.0.0-w3-h9,2026-09-01,False,True
COMP_1273,60.4,deteriorating,unconfirmed,GROUP_0241,,EUR,businessCentral,2026-05-08 13:42:13,60.4,60-70,60-70|deteriorating,7,,0.88,8,EUR_only,v2.0.0-w3-h9,2026-09-01,False,True
COMP_1274,60.0,deteriorating,unconfirmed,GROUP_0213,,EUR,businessCentral,2025-03-24 09:52:01,60.0,60-70,60-70|deteriorating,6,Microsoft Business Central,0.07,15,EUR_only,v2.0.0-w3-h9,2026-09-01,False,True
COMP_1275,52.1,deteriorating,unconfirmed,GROUP_0067,,EUR,,2025-10-02 15:11:37,52.1,50-60,50-60|deteriorating,6,,1.0,20,EUR_only,v2.0.0-w3-h9,2026-09-01,False,False
COMP_1276,72.5,improving,unconfirmed,GROUP_0103,,EUR,,2025-03-13 11:04:35,72.5,70-80,70-80|improving,16,,1.0,20,EUR_only,v2.0.0-w3-h9,2026-09-01,False,False
COMP_1277,80.0,improving,unconfirmed,GROUP_0200,DE,EUR,netsuite,2025-03-05 17:07:30,80.0,80-90,80-90|improving,9,Netsuite,0.65,20,EUR_only,v2.0.0-w3-h9,2026-09-01,False,False
COMP_1278,59.6,deteriorating,confirmed,GROUP_0222,,EUR,businessCentral,2025-01-16 09:03:28,63.5,60-70,60-70|deteriorating,22,,1.0,16,EUR_only,v2.0.0-w3-h9,2026-09-01,False,True
COMP_1279,75.6,improving,confirmed,GROUP_0035,ES,EUR,businessCentral,2024-03-06 08:44:01,67.4,60-70,60-70|improving,14,Microsoft Business Central,1.0,24,EUR_only,v2.0.0-w3-h9,2026-09-01,False,False
COMP_1280,90.0,improving,unconfirmed,GROUP_0159,,EUR,,2022-07-15 07:12:03,90.0,90-100,90-100|improving,13,,1.0,14,EUR_only,v2.0.0-w3-h9,2026-09-01,False,True
COMP_1281,72.9,deteriorating,unconfirmed,GROUP_0218,ES,EUR,businessCentral,2025-04-01 09:40:27,72.9,70-80,70-80|deteriorating,16,Microsoft Navision,0.71,17,EUR_only,v2.0.0-w3-h9,2026-09-01,False,True
COMP_1282,75.5,improving,unconfirmed,GROUP_0218,ES,EUR,businessCentral,2024-02-01 16:42:32,75.5,70-80,70-80|improving,16,Microsoft Navision,1.0,24,EUR_only,v2.0.0-w3-h9,2026-09-01,False,False
COMP_1283,,insufficient_data,unconfirmed,GROUP_0170,,MXN,,2025-06-10 11:05:58,,,,16,,,0,insufficient,v2.0.0-w3-h9,2026-09-01,True,True
COMP_1284,63.5,deteriorating,unconfirmed,GROUP_0149,,EUR,m3Rosetta,2026-02-16 20:05:29,63.5,60-70,60-70|deteriorating,13,MOVEX,0.89,9,EUR_only,v2.0.0-w3-h9,2026-09-01,False,True
COMP_1285,,insufficient_data,unconfirmed,GROUP_0149,,GBP,m3Rosetta,2026-02-16 10:36:03,,,,13,MOVEX,,0,insufficient,v2.0.0-w3-h9,2026-09-01,True,True
COMP_1286,75.6,stable,unconfirmed,GROUP_0030,,EUR,,2021-11-17 10:55:30,75.6,70-80,70-80|stable,1,LIBRA,1.0,24,EUR_only,v2.0.0-w3-h9,2026-09-01,False,False
